EmployeeID,Name,Department,JobRole,Gender,Age,Salary,Bonus,HireDate,ExitDate,Attrition,PerformanceRating,AbsenteeismDays
E1000,Employee_0,Operations,Executive,Male,59,176867.0,50880.84680795066,2018-02-04,2021-08-22,Yes,5,20
E1001,Employee_1,Support,Associate,Female,59,167337.0,14892.763762374787,2015-11-27,2020-07-05,Yes,5,3
E1002,Employee_2,Operations,Manager,Male,44,71090.0,3920.337924872149,2017-02-08,,No,4,29
E1003,Employee_3,,Associate,Female,58,35311.0,10524.545592533044,2018-03-30,,No,4,25
E1004,Employee_4,Operations,Specialist,Male,42,160608.0,29101.15215869484,2022-01-02,,No,2,27
E1005,Employee_5,Operations,Executive,Female,36,95725.0,6954.575236413568,2016-07-16,2021-06-10,Yes,4,24
E1006,Employee_6,,Associate,Female,23,99092.0,20005.308616154332,2020-08-30,,No,1,6
E1007,Employee_7,HR,Analyst,female,38,171699.0,49028.724812333385,2020-08-23,,No,2,25
E1008,Employee_8,Marketing,Specialist,Female,29,184969.0,13765.028313911705,2018-09-25,2019-07-13,Yes,4,6
E1009,Employee_9,,Manager,Male,28,140510.0,13115.366866094264,2020-05-09,2025-03-29,Yes,4,1
E1010,Employee_10,IT,Manager,Male,26,,,2019-02-09,,No,2,25
E1011,Employee_11,Finance,Specialist,Female,54,67065.0,18356.14906410757,2021-05-06,,No,4,24
E1012,Employee_12,IT,Specialist,Male,41,53247.0,12610.48847612128,2017-05-28,2020-11-24,Yes,2,24
E1013,Employee_13,HR,Executive,Female,49,81214.0,7416.197297265671,2022-01-12,,No,1,11
E1014,Employee_14,IT,Executive,Male,28,154375.0,8262.143157910292,2019-03-03,,No,1,7
E1015,Employee_15,Sales,Associate,Female,55,91858.0,22304.737876469404,2019-12-02,,No,2,6
E1016,Employee_16,Hr,Analyst,Female,48,52662.0,13824.282895891603,2017-02-18,,No,2,0
E1017,Employee_17,,Associate,Male,43,107373.0,14097.627208994476,2020-11-16,,No,4,7
E1018,Employee_18,,Specialist,Male,42,54538.0,10379.173489720482,2022-04-14,,No,3,0
E1019,Employee_19,Marketing,Executive,Male,25,,,2022-09-15,,No,3,8
E1020,Employee_20,sales,Specialist,Male,35,152409.0,24360.15922821504,2017-05-13,2019-12-11,Yes,1,19
E1021,Employee_21,Support,Executive,Female,52,117939.0,32656.320592092372,2021-03-28,,No,5,14
E1022,Employee_22,Marketing,Manager,Male,49,194899.0,55685.25451204499,2019-09-19,,No,3,21
E1023,Employee_23,,Specialist,Male,48,73585.0,15165.023157981293,2019-05-17,2022-09-10,Yes,4,27
E1024,Employee_24,IT,Executive,Male,40,182906.0,23976.462602997664,2020-07-31,2024-11-18,Yes,1,6
E1025,Employee_25,HR,Associate,Female,53,191152.0,20450.16554755431,2022-05-04,,No,4,12
E1026,Employee_26,sales,Specialist,Male,23,51959.0,9535.638035332147,2015-11-14,,No,5,0
E1027,Employee_27,HR,Associate,Male,44,195838.0,18031.345279265595,2019-06-20,2024-02-09,Yes,1,19
E1028,Employee_28,HR,Specialist,Male,32,82733.0,18538.485351213552,2019-06-25,,No,1,23
E1029,Employee_29,,Associate,Male,37,56736.0,16689.106533530346,2021-03-17,,No,5,0
E1030,Employee_30,Operations,Executive,Female,21,80859.0,13094.774726053904,2019-09-30,,No,4,22
E1031,Employee_31,,Specialist,Male,31,139751.0,15290.071102620463,2017-02-05,,No,5,19
E1032,Employee_32,HR,Analyst,Female,54,119045.0,21897.57431641991,2022-08-31,2023-08-09,Yes,1,8
E1033,Employee_33,Finance,Executive,Male,26,81663.0,4915.605096196672,2016-10-21,,No,4,26
E1034,Employee_34,IT,Executive,female,56,154249.0,27459.91053740145,2015-05-27,,No,4,6
E1035,Employee_35,Operations,Associate,male,53,101295.0,18176.155762920276,2022-12-29,2025-04-17,Yes,3,27
E1036,Employee_36,Hr,Executive,Female,45,142561.0,40084.36172885254,2019-06-23,2020-09-27,Yes,4,15
E1037,Employee_37,Support,Executive,Male,46,137512.0,24636.508670114927,2017-05-30,,No,2,0
E1038,Employee_38,Marketing,Associate,Male,32,50932.0,14011.623121860686,2020-08-18,,No,1,2
E1039,Employee_39,Sales,Analyst,Female,39,,,2021-03-05,,No,3,19
E1040,Employee_40,sales,Specialist,Male,44,150885.0,36962.13043418189,2016-09-19,,No,3,16
E1041,Employee_41,,Analyst,Male,28,35539.0,9760.379326515967,2015-09-11,2019-08-31,Yes,1,2
E1042,Employee_42,sales,Specialist,Female,45,,,2015-12-04,,No,2,21
E1043,Employee_43,HR,Executive,Male,55,80108.0,8496.841460566631,2015-06-10,,No,4,0
E1044,Employee_44,HR,Analyst,Female,34,121412.0,11498.405692994993,2019-03-08,,No,3,16
E1045,Employee_45,Sales,Manager,Male,53,137450.0,19508.134282629788,2017-11-11,,No,5,18
E1046,Employee_46,HR,Specialist,Female,28,180810.0,28676.211306985155,2017-03-08,,No,1,27
E1047,Employee_47,Sales,Specialist,Male,53,123179.0,28406.68227644924,2016-10-20,,No,4,2
E1048,Employee_48,Support,Manager,Female,37,154123.0,25813.464582456527,2017-12-05,,No,5,5
E1049,Employee_49,sales,Specialist,Male,55,193707.0,10433.863704489331,2021-05-16,,No,5,16
E1050,Employee_50,IT,Executive,Male,51,154019.0,19038.63097691638,2017-09-07,,No,1,2
E1051,Employee_51,HR,Analyst ,Female,38,195656.0,29088.738407518525,2022-02-26,,No,2,2
E1052,Employee_52,Sales,Associate,Male,44,102991.0,22429.98548530645,2019-08-14,,No,2,26
E1053,Employee_53,Sales,Specialist,Male,22,188823.0,42344.30081548737,2015-09-03,,No,5,9
E1054,Employee_54,HR,Executive,Female,46,59592.0,12089.931264476907,2022-11-15,2027-08-10,Yes,1,3
E1055,Employee_55,Support,Executive,Male,40,32368.0,2192.4539003634145,2016-02-04,,No,4,18
E1056,Employee_56,Hr,Associate,Female,43,154046.0,22166.562880593207,2017-04-13,,No,3,24
E1057,Employee_57,sales,Specialist,Male,42,85609.0,22695.044742261052,2021-06-10,,No,4,9
E1058,Employee_58,Marketing,Manager,Female,26,,,2021-10-27,2024-01-17,Yes,1,7
E1059,Employee_59,Finance,Associate,Male,25,117235.0,30540.39379975741,2017-09-18,,No,4,29
E1060,Employee_60,sales,Analyst,Male,55,103523.0,8611.701086714742,2016-01-05,,No,4,9
E1061,Employee_61,IT,Associate,Female,50,116672.0,17466.408053341765,2019-12-16,,No,4,25
E1062,Employee_62,Support,Analyst,Female,46,120852.0,11611.873302573684,2020-01-28,,No,1,11
E1063,Employee_63,IT,Specialist,Male,21,96617.0,26937.151180521916,2022-10-20,,No,1,7
E1064,Employee_64,Support,Analyst,Male,21,164415.0,29458.90379119724,2016-12-04,,No,5,21
E1065,Employee_65,,Specialist,Female,49,97215.0,8716.453601891191,2022-07-07,2026-08-23,Yes,4,4
E1066,Employee_66,HR,Specialist,Male,50,108781.0,24575.20140030459,2018-05-12,,No,2,25
E1067,Employee_67,Support,Executive,Female,41,124758.0,17038.958622617865,2019-10-24,2021-05-02,Yes,2,9
E1068,Employee_68,sales,Specialist,Male,25,127379.0,7811.644865188315,2022-09-10,,No,3,25
E1069,Employee_69,Operations,Associate,Male,52,71975.0,15451.118533943392,2016-05-30,,No,2,16
E1070,Employee_70,HR,Manager,Female,48,121007.0,25302.672529037372,2017-05-01,,No,4,17
E1071,Employee_71,Support,Analyst,Male,55,196267.0,16118.444707039964,2017-08-14,,No,3,10
E1072,Employee_72,Marketing,Associate,Female,57,133691.0,19589.16193755583,2018-12-11,2022-10-02,Yes,2,10
E1073,Employee_73,sales,Associate,Female,49,138940.0,14400.753073070377,2021-12-21,,No,2,2
E1074,Employee_74,IT,Analyst,Male,43,,,2015-03-31,2017-11-30,Yes,5,25
E1075,Employee_75,Sales,Executive,Female,30,105353.0,14239.105066691518,2015-04-25,2017-07-19,Yes,4,25
E1076,Employee_76,Sales,Associate,Male,31,161484.0,9656.191194222516,2016-12-29,,No,5,28
E1077,Employee_77,Support,Analyst,Female,56,74425.0,11600.456220320431,2023-02-15,,No,3,16
E1078,Employee_78,Finance,Executive,Female,55,115999.0,9502.920230819147,2017-10-05,,No,5,11
E1079,Employee_79,Sales,Executive,Female,33,142856.0,15651.165946955722,2019-12-27,2024-01-31,Yes,1,29
E1080,Employee_80,Marketing,Analyst,Female,40,161800.0,21036.006361688243,2016-11-29,2020-04-24,Yes,1,3
E1081,Employee_81,Operations,Executive,Female,32,185538.0,13511.186859386413,2021-11-07,,No,4,13
E1082,Employee_82,Sales,Associate,Female,51,193379.0,37391.66134184824,2018-10-22,2019-09-30,Yes,5,4
E1083,Employee_83,IT,Specialist,Female,55,132795.0,17551.002075599496,2023-01-17,2027-09-05,Yes,4,20
E1084,Employee_84,Support,Analyst,male,43,,,2017-11-28,,No,5,20
E1085,Employee_85,Hr,Specialist,Female,59,118461.0,22197.48523223801,2018-03-02,,No,3,22
E1086,Employee_86,Operations,Analyst,Male,49,132634.0,30036.01325819169,2017-01-20,,No,4,8
E1087,Employee_87,Marketing,Analyst,Male,30,31542.0,4937.044326482654,2018-04-06,2019-04-10,Yes,1,17
E1088,Employee_88,Hr,Associate,Female,47,49065.0,4251.541394079808,2020-09-07,2024-06-26,Yes,3,7
E1089,Employee_89,Sales,Analyst,Male,21,198152.0,39228.584343728784,2020-01-02,,No,4,18
E1090,Employee_90,Hr,Executive,Female,59,148874.0,16700.83994166367,2015-02-08,,No,3,12
E1091,Employee_91,IT,Associate,Female,33,170507.0,32885.38777715769,2019-08-11,,No,4,7
E1092,Employee_92,Sales,Analyst,Female,59,,,2021-08-31,2023-03-01,Yes,1,27
E1093,Employee_93,Finance,Manager,Female,45,63591.0,11579.446095852707,2018-02-14,,No,2,11
E1094,Employee_94,Support,Specialist,Female,52,183772.0,11171.49583474532,2018-03-18,,No,5,10
E1095,Employee_95,,Associate,Female,57,,,2019-08-10,,No,4,24
E1096,Employee_96,sales,Executive,Female,38,101726.0,21092.851465736927,2019-03-30,2022-12-25,Yes,1,20
E1097,Employee_97,Operations,Executive,Female,23,180159.0,42206.78151599313,2017-11-01,,No,2,15
E1098,Employee_98,,Analyst,Male,28,155899.0,11955.740980834611,2016-01-08,,No,2,27
E1099,Employee_99,,Associate,Male,56,91529.0,13460.904229552252,2016-06-23,,No,4,4
E1100,Employee_100,Finance,Associate,Female,56,50159.0,8191.476909021835,2018-05-09,,No,1,20
E1101,Employee_101,Operations,Specialist,Male,40,196619.0,23149.80517842058,2023-02-04,2027-12-21,Yes,3,28
E1102,Employee_102,Hr,Executive,male,26,166785.0,25711.536311228065,2016-12-09,,No,1,1
E1103,Employee_103,IT,Manager,Female,30,88141.0,23490.984321113876,2017-05-26,,No,5,22
E1104,Employee_104,Support,Executive,Female,53,91813.0,23195.483239768106,2015-08-12,,No,1,10
E1105,Employee_105,Finance,Manager,Female,41,53833.0,7817.774371254446,2022-11-14,2025-08-04,Yes,1,12
E1106,Employee_106,Marketing,Associate,Female,53,48017.0,2842.8689045693495,2016-05-25,2017-12-30,Yes,5,15
E1107,Employee_107,HR,Manager,Male,26,42763.0,10828.671463357377,2019-07-27,,No,3,20
E1108,Employee_108,HR,Executive ,Male,43,53524.0,12392.423014525399,2016-12-14,,No,2,18
E1109,Employee_109,HR,Executive,Female,37,151288.0,12449.467399859843,2015-02-20,,No,5,12
E1110,Employee_110,Sales,Manager ,Male,24,51949.0,14003.121363719141,2016-05-02,2016-12-21,Yes,4,7
E1111,Employee_111,Support,Manager,Female,59,44489.0,7765.167747172282,2016-03-13,2017-01-24,Yes,3,26
E1112,Employee_112,Sales,Manager,Female,32,145765.0,42562.42397983395,2017-02-01,,No,1,16
E1113,Employee_113,Finance,Specialist,Female,43,74238.0,18274.950644674413,2016-07-31,2017-05-01,Yes,3,6
E1114,Employee_114,sales,Analyst,Male,58,95215.0,5106.967585391844,2022-10-24,,No,2,1
E1115,Employee_115,Finance,Specialist,Male,38,168013.0,31704.708709501243,2021-10-18,,No,2,19
E1116,Employee_116,Sales,Executive,Female,58,127239.0,35323.81374818851,2016-06-25,,No,2,18
E1117,Employee_117,Hr,Associate,Male,37,133196.0,11557.199841456035,2021-02-09,2025-07-22,Yes,2,16
E1118,Employee_118,Marketing,Specialist,Female,40,155911.0,9583.118976603182,2020-10-01,,No,2,12
E1119,Employee_119,HR,Executive,Female,31,167326.0,13757.532087105323,2022-12-05,,No,3,21
E1120,Employee_120,IT,Associate,Female,36,54071.0,5137.654370799731,2023-01-26,,No,1,2
E1121,Employee_121,Support,Analyst,Female,52,131570.0,23525.90193462106,2016-11-02,2017-07-20,Yes,2,18
E1122,Employee_122,Sales,Manager,Male,39,87108.0,8034.298868522527,2016-08-26,,No,2,28
E1123,Employee_123,HR,Manager,Female,42,109252.0,20449.66124038195,2022-05-16,2023-07-22,Yes,4,25
E1124,Employee_124,,Specialist,Male,54,138464.0,24349.492247911727,2020-01-11,,No,3,8
E1125,Employee_125,HR,Manager,Male,46,171560.0,29214.325951074417,2021-03-11,,No,3,15
E1126,Employee_126,Finance,Associate,Female,37,125257.0,33453.04794098913,2020-08-17,,No,1,2
E1127,Employee_127,HR,Executive,Female,35,,,2016-09-30,,No,2,27
E1128,Employee_128,Sales,Analyst,Female,43,97661.0,16175.950728069838,2015-12-31,,No,2,13
E1129,Employee_129,Marketing,Manager,female,27,,,2019-07-05,,No,3,14
E1130,Employee_130,IT,Analyst ,Female,38,135977.0,18837.80046360921,2020-03-21,,No,1,22
E1131,Employee_131,Operations,Associate ,Female,57,171339.0,9426.694739009465,2020-05-30,,No,1,6
E1132,Employee_132,Sales,Specialist,Male,42,77915.0,8438.51417647569,2020-09-03,,No,4,9
E1133,Employee_133,IT,Associate,Male,23,112152.0,19582.922373572907,2020-11-28,,No,4,14
E1134,Employee_134,Sales,Analyst,Male,42,42910.0,10142.201959312399,2022-08-27,,No,3,9
E1135,Employee_135,sales,Executive,Female,57,78447.0,15116.311416590532,2020-05-29,,No,3,12
E1136,Employee_136,Support,Executive,Male,26,33812.0,9583.096986242219,2018-12-31,,No,5,5
E1137,Employee_137,Marketing,Associate,Female,26,,,2022-01-07,2026-04-29,Yes,3,29
E1138,Employee_138,Marketing,Specialist,Male,50,174990.0,11184.201025644279,2018-03-06,2020-10-19,Yes,3,18
E1139,Employee_139,Finance,Specialist,Female,51,34324.0,10145.990911692752,2018-05-31,,No,2,19
E1140,Employee_140,Support,Associate,Male,48,189818.0,50563.10790573589,2016-10-07,,No,1,29
E1141,Employee_141,sales,Manager,Male,58,43234.0,11033.981232578011,2015-07-13,,No,3,7
E1142,Employee_142,Hr,Manager,Male,46,76514.0,19866.526474143157,2019-07-27,,No,2,21
E1143,Employee_143,Finance,Specialist ,Female,24,121922.0,12177.170898735656,2016-06-15,,No,1,11
E1144,Employee_144,Sales,Executive,Male,21,134537.0,32550.5376964038,2019-04-23,,No,5,29
E1145,Employee_145,Support,Associate,Female,31,62254.0,10600.923975217453,2020-07-19,,No,3,0
E1146,Employee_146,Operations,Executive ,Male,26,95545.0,17881.32122585021,2019-08-01,2020-08-06,Yes,2,12
E1147,Employee_147,IT,Analyst,Female,22,195459.0,22215.90193486763,2019-06-25,,No,1,16
E1148,Employee_148,Support,Manager,Female,29,123070.0,20662.720381216997,2020-07-31,,No,3,29
E1149,Employee_149,Operations,Executive,Male,51,136288.0,35800.38601768064,2015-08-24,2017-02-07,Yes,5,23
E1150,Employee_150,Marketing,Analyst,Female,31,114555.0,16588.38263763204,2022-01-04,,No,4,28
E1151,Employee_151,Support,Associate ,Female,28,88596.0,8895.643511737493,2022-10-16,,No,3,20
E1152,Employee_152,Hr,Specialist,Male,57,180354.0,39010.44488536062,2022-03-06,2023-01-31,Yes,1,12
E1153,Employee_153,Finance,Executive,Male,45,73303.0,11947.447080255868,2016-09-07,2021-06-22,Yes,3,28
E1154,Employee_154,Operations,Associate,Male,58,132974.0,23360.88528803933,2022-06-05,2023-05-15,Yes,1,14
E1155,Employee_155,Operations,Specialist,Male,22,179453.0,11961.39989396732,2020-11-21,,No,3,6
E1156,Employee_156,IT,Specialist,Male,26,84917.0,11311.279523082607,2018-04-17,2020-05-09,Yes,4,14
E1157,Employee_157,Operations,Specialist,Male,49,35408.0,6492.597586174399,2018-06-08,,No,3,3
E1158,Employee_158,,Associate,Female,49,40789.0,9711.892715815886,2017-08-08,,No,1,29
E1159,Employee_159,sales,Specialist,female,24,49029.0,11203.911971835394,2016-05-31,,No,3,9
E1160,Employee_160,sales,Specialist,Male,53,76197.0,19454.18571102334,2017-03-25,,No,4,12
E1161,Employee_161,Operations,Associate,Male,44,94435.0,14101.206321017069,2020-09-25,,No,4,11
E1162,Employee_162,sales,Analyst,Male,22,177550.0,35440.87539974702,2020-05-09,2024-07-02,Yes,2,10
E1163,Employee_163,IT,Analyst,Female,47,101315.0,9665.39316943411,2020-02-09,2023-01-15,Yes,2,13
E1164,Employee_164,,Associate,Male,32,103319.0,18232.928103416038,2017-09-11,,No,1,14
E1165,Employee_165,Finance,Specialist,male,32,67219.0,18800.32283896128,2023-01-14,,No,5,7
E1166,Employee_166,,Analyst,Female,48,139945.0,9408.556206686359,2015-02-20,2018-07-26,Yes,1,21
E1167,Employee_167,Operations,Manager,Male,31,174790.0,14106.024139703954,2019-06-25,2023-12-09,Yes,2,13
E1168,Employee_168,Support,Manager,Female,56,154085.0,39965.442055862244,2020-01-29,,No,3,7
E1169,Employee_169,Marketing,Executive,Male,35,98244.0,14228.327258047466,2018-08-25,2022-05-16,Yes,2,19
E1170,Employee_170,,Specialist,Female,46,43224.0,3395.972444401762,2021-04-10,2023-04-16,Yes,2,10
E1171,Employee_171,sales,Executive,Female,58,169649.0,28233.840012816087,2016-04-19,,No,2,26
E1172,Employee_172,Hr,Manager,Male,37,167855.0,17818.01063864767,2017-05-25,,No,3,18
E1173,Employee_173,Finance,Executive,Male,44,97526.0,8911.762948870144,2020-02-23,2023-12-08,Yes,1,28
E1174,Employee_174,IT,Analyst,Female,42,49097.0,2615.5746337793544,2019-02-01,2022-07-27,Yes,1,19
E1175,Employee_175,Support,Executive ,Male,40,82853.0,21969.13614457525,2017-12-22,,No,5,7
E1176,Employee_176,Finance,Analyst,Female,27,31759.0,2120.520461344767,2021-03-12,2022-12-06,Yes,3,23
E1177,Employee_177,Operations,Executive,Female,39,123501.0,12508.787684792092,2021-05-21,2025-07-27,Yes,5,28
E1178,Employee_178,sales,Specialist,Female,50,102847.0,19665.40400816508,2020-08-27,,No,1,13
E1179,Employee_179,,Executive,Female,22,167717.0,26866.701407059707,2020-12-01,2024-11-15,Yes,3,3
E1180,Employee_180,HR,Executive,Male,21,82487.0,21895.8776301355,2017-03-10,,No,2,9
E1181,Employee_181,Finance,Associate,Female,39,105629.0,19186.939213688638,2020-11-04,,No,4,17
E1182,Employee_182,Sales,Specialist,Female,27,139575.0,7924.230788418427,2022-09-07,,No,3,23
E1183,Employee_183,Marketing,Analyst,Male,43,106218.0,18734.408975721177,2015-11-24,,No,1,14
E1184,Employee_184,Finance,Analyst,Female,57,102258.0,27800.383505216447,2018-07-11,,No,2,2
E1185,Employee_185,Marketing,Specialist,Female,52,117127.0,27005.589731864446,2022-11-01,,No,3,15
E1186,Employee_186,Support,Associate,Male,24,84771.0,18397.11127805756,2021-11-21,,No,2,6
E1187,Employee_187,Support,Analyst,Male,30,46032.0,4693.955024220482,2015-05-27,,No,5,18
E1188,Employee_188,IT,Specialist,Male,56,192491.0,43500.3738747367,2020-04-04,,No,5,19
E1189,Employee_189,HR,Specialist,Male,31,133145.0,34121.97891056751,2016-12-07,2018-10-08,Yes,4,19
E1190,Employee_190,Sales,Specialist,Female,25,194644.0,29654.580407277954,2019-10-24,,No,1,1
E1191,Employee_191,Support,Manager,Male,55,150307.0,44135.66894756164,2018-10-19,,No,1,9
E1192,Employee_192,,Specialist,Female,50,49063.0,14539.419110129058,2015-05-08,,No,1,17
E1193,Employee_193,HR,Associate,Male,37,32573.0,7668.39220859008,2015-08-25,2019-10-07,Yes,1,21
E1194,Employee_194,Sales,Executive,Female,42,160282.0,24911.987509517276,2022-06-06,,No,2,28
E1195,Employee_195,HR,Manager,Male,54,156678.0,34593.87006504129,2022-11-25,,No,2,20
E1196,Employee_196,Hr,Manager,Male,56,61653.0,4118.041232750818,2019-08-28,2023-06-04,Yes,2,11
E1197,Employee_197,Hr,Manager,Female,43,78756.0,4154.296870456822,2020-09-05,,No,1,5
E1198,Employee_198,Sales,Associate,Female,47,34263.0,3860.846155705506,2019-11-08,2022-08-24,Yes,2,12
E1199,Employee_199,Operations,Specialist,Female,37,65737.0,9932.556691832055,2016-12-02,,No,2,13
E1200,Employee_200,IT,Specialist,Female,22,131371.0,38052.50272770377,2022-11-06,2025-04-16,Yes,4,18
E1201,Employee_201,Hr,Associate,Female,46,83276.0,12268.545388739909,2018-08-12,,No,3,3
E1202,Employee_202,Sales,Executive,Female,59,146021.0,24679.388944878683,2022-04-24,,No,5,23
E1203,Employee_203,,Manager,Female,53,89129.0,5151.280411219311,2019-10-29,,No,4,10
E1204,Employee_204,Operations,Manager,Female,37,151789.0,43838.04116799604,2020-07-19,,No,2,8
E1205,Employee_205,sales,Specialist,Female,46,162596.0,22128.654323866038,2021-06-01,2024-10-23,Yes,1,24
E1206,Employee_206,HR,Associate,Male,45,43350.0,2990.4283348807794,2018-06-06,,No,4,11
E1207,Employee_207,Support,Analyst,Male,50,50581.0,9992.664340226323,2021-05-11,,No,5,11
E1208,Employee_208,Hr,Specialist,Male,37,66408.0,10724.987842647983,2015-01-12,2019-04-02,Yes,3,7
E1209,Employee_209,Sales,Associate,Male,51,41344.0,8876.384878321975,2021-08-18,,No,1,17
E1210,Employee_210,Hr,Specialist,Male,45,107454.0,23993.812292973096,2016-05-03,,No,5,25
E1211,Employee_211,Operations,Manager,Female,52,67641.0,13329.737196300777,2016-02-05,,No,2,20
E1212,Employee_212,Finance,Executive,Female,42,124457.0,15957.094219028975,2015-12-01,,No,5,6
E1213,Employee_213,Marketing,Executive,Male,29,172194.0,48403.56961666657,2019-03-02,,No,3,22
E1214,Employee_214,Sales,Analyst ,Male,49,167809.0,39647.58418887652,2021-08-16,,No,3,17
E1215,Employee_215,Marketing,Analyst,Male,59,117312.0,24933.708053798993,2022-04-21,2023-05-13,Yes,5,1
E1216,Employee_216,Support,Associate,Male,23,164055.0,26291.13282389866,2015-12-30,,No,1,3
E1217,Employee_217,Marketing,Specialist,Male,49,176389.0,22875.55880992122,2022-08-01,,No,1,15
E1218,Employee_218,Hr,Manager,Male,22,153618.0,41096.61220272826,2021-09-27,,No,3,22
E1219,Employee_219,Marketing,Associate,Female,33,57788.0,8436.526317670277,2019-06-20,,No,3,26
E1220,Employee_220,Marketing,Analyst ,Male,59,137309.0,18904.422166964716,2017-08-15,,No,1,28
E1221,Employee_221,,Specialist,Male,36,115431.0,13611.824689366553,2021-08-21,,No,2,29
E1222,Employee_222,HR,Manager,Female,45,54574.0,8477.484260567207,2016-01-24,2018-03-10,Yes,1,2
E1223,Employee_223,Support,Executive,Female,34,54951.0,6693.567457595862,2021-06-29,,No,2,29
E1224,Employee_224,HR,Manager,Male,57,196472.0,15200.429511920778,2017-08-21,2021-05-15,Yes,3,25
E1225,Employee_225,Finance,Associate,Male,57,154988.0,17784.200801615476,2016-12-10,,No,3,29
E1226,Employee_226,Operations,Analyst,Female,33,54262.0,16158.797997861155,2019-05-14,,No,4,28
E1227,Employee_227,Finance,Analyst,Male,30,70042.0,6593.194104432453,2021-03-15,,No,1,16
E1228,Employee_228,Finance,Associate,Male,23,175271.0,24105.251074852986,2019-12-02,,No,1,8
E1229,Employee_229,IT,Manager,Female,55,179369.0,32512.04381945136,2020-03-29,,No,2,2
E1230,Employee_230,Operations,Manager,Female,38,187757.0,56155.104064535786,2015-01-03,,No,3,5
E1231,Employee_231,Finance,Executive,Female,33,37287.0,8835.822125446732,2021-07-04,,No,4,13
E1232,Employee_232,,Specialist,Female,57,178746.0,48147.95483793249,2022-05-06,,No,4,28
E1233,Employee_233,IT,Specialist,Female,29,47602.0,13752.830654683181,2018-09-17,2019-09-21,Yes,1,14
E1234,Employee_234,sales,Analyst,female,45,94772.0,22157.993423624164,2017-09-10,,No,4,14
E1235,Employee_235,Support,Specialist,Female,58,182826.0,42206.301426307306,2019-06-14,2022-07-01,Yes,5,27
E1236,Employee_236,sales,Analyst,Female,33,71755.0,4953.442455681623,2016-08-15,,No,2,7
E1237,Employee_237,IT,Manager,Female,52,145005.0,28725.77270363834,2022-07-08,,No,3,23
E1238,Employee_238,Hr,Associate,Male,54,101719.0,19472.37241142197,2019-11-08,,No,1,5
E1239,Employee_239,sales,Associate,Male,44,37314.0,9964.338060594855,2020-11-09,2022-05-15,Yes,3,26
E1240,Employee_240,Sales,Manager,Female,33,194202.0,21298.62036468005,2019-09-13,,No,2,3
E1241,Employee_241,IT,Executive,Male,47,163541.0,15913.419959494913,2020-12-20,,No,3,12
E1242,Employee_242,Support,Associate,female,51,77638.0,3981.7651917636363,2022-06-12,,No,3,20
E1243,Employee_243,Finance,Executive,Male,50,72534.0,6541.839574991997,2021-07-31,,No,2,13
E1244,Employee_244,Finance,Executive,Male,33,122124.0,14004.21342453783,2020-06-08,2024-05-25,Yes,5,13
E1245,Employee_245,Finance,Associate,Female,47,158232.0,32904.87950172537,2022-12-23,,No,4,23
E1246,Employee_246,IT,Analyst,Male,55,162079.0,12438.778740108648,2021-09-27,2026-05-02,Yes,2,8
E1247,Employee_247,sales,Manager,Female,52,,,2018-12-06,2021-01-15,Yes,5,28
E1248,Employee_248,Support,Analyst,Male,42,174579.0,16312.376991429926,2016-04-28,2020-05-02,Yes,4,26
E1249,Employee_249,Finance,Associate,Male,37,153797.0,34933.91214796765,2017-06-04,,No,1,21
E1250,Employee_250,Finance,Specialist,Female,46,144682.0,38066.36443054469,2016-12-04,,No,5,11
E1251,Employee_251,Support,Manager,Female,56,117266.0,23288.90620707365,2021-11-12,,No,5,10
E1252,Employee_252,Hr,Manager,Female,53,37813.0,5405.685310275974,2023-03-14,,No,3,25
E1253,Employee_253,Support,Manager,Female,43,41745.0,4942.886295982035,2016-05-30,2020-01-12,Yes,5,8
E1254,Employee_254,Hr,Executive,Female,59,71846.0,18427.075834914842,2018-01-03,,No,4,1
E1255,Employee_255,HR,Analyst,Male,34,82307.0,17583.06362845935,2019-04-12,,No,3,16
E1256,Employee_256,Hr,Executive,Female,48,63756.0,18228.09415155136,2017-05-18,,No,3,19
E1257,Employee_257,Finance,Manager,Female,26,129986.0,15410.334323123556,2018-11-11,,No,3,0
E1258,Employee_258,,Manager,Female,58,181054.0,42811.89359406355,2020-01-30,,No,1,24
E1259,Employee_259,Hr,Executive,Male,44,56385.0,15003.459979301984,2021-03-05,,No,3,7
E1260,Employee_260,HR,Specialist,Female,45,166848.0,12145.053223823068,2016-06-03,,No,3,13
E1261,Employee_261,,Manager,Male,27,112879.0,13945.29666575961,2019-04-09,,No,4,25
E1262,Employee_262,,Specialist,Female,23,176323.0,43928.11118919808,2022-08-13,,No,1,29
E1263,Employee_263,Sales,Executive,Female,40,64531.0,12235.282043616586,2017-10-13,2020-12-11,Yes,5,20
E1264,Employee_264,Finance,Associate,Female,22,84615.0,13395.54341605916,2017-12-23,2023-04-16,Yes,1,7
E1265,Employee_265,Support,Associate,Male,41,187661.0,27796.98332220872,2018-10-21,,No,3,12
E1266,Employee_266,,Specialist ,Female,45,94288.0,27170.233695848638,2018-11-16,,No,3,21
E1267,Employee_267,Support,Manager,Male,44,69499.0,20617.965892368353,2019-08-23,2024-04-04,Yes,4,19
E1268,Employee_268,sales,Analyst,Male,53,104441.0,25478.50560273803,2015-08-30,,No,4,0
E1269,Employee_269,IT,Specialist,Female,22,36368.0,2617.282210224825,2020-05-03,,No,1,12
E1270,Employee_270,IT,Executive,Female,46,80069.0,10450.90017799999,2022-12-28,,No,2,13
E1271,Employee_271,Support,Specialist,Female,35,98577.0,5943.786353536191,2016-03-03,,No,1,7
E1272,Employee_272,Hr,Executive,Female,31,87660.0,19865.41554596044,2020-04-09,,No,1,5
E1273,Employee_273,Support,Analyst,Female,29,160406.0,32600.280828373096,2016-07-06,,No,2,11
E1274,Employee_274,Operations,Manager,Female,28,132215.0,30214.000932972238,2018-01-12,,No,3,6
E1275,Employee_275,IT,Analyst,Male,31,128511.0,24018.460962973197,2015-01-22,,No,2,2
E1276,Employee_276,IT,Analyst,Male,34,141562.0,32730.074367222864,2020-11-04,2025-08-17,Yes,5,24
E1277,Employee_277,Operations,Specialist,Male,39,181094.0,30341.511610452468,2016-11-15,,No,5,22
E1278,Employee_278,sales,Analyst,Female,52,144994.0,13110.087216505377,2020-06-12,,No,2,18
E1279,Employee_279,IT,Analyst,Female,42,198484.0,59363.28524865159,2022-12-30,2026-07-04,Yes,3,27
E1280,Employee_280,sales,Specialist ,Male,30,38946.0,8570.342282432268,2020-11-10,,No,1,6
E1281,Employee_281,Sales,Manager,Female,32,142340.0,32993.311347634066,2017-08-14,,No,4,4
E1282,Employee_282,Operations,Analyst,Male,24,55963.0,13539.182986970305,2017-08-13,,No,2,16
E1283,Employee_283,Operations,Executive,Male,52,102099.0,5855.23587932341,2022-12-23,,No,4,1
E1284,Employee_284,sales,Specialist,Female,35,56017.0,13905.605387880914,2015-10-22,,No,2,18
E1285,Employee_285,Marketing,Specialist,Female,32,156503.0,40534.201243987656,2022-12-24,2025-09-12,Yes,4,15
E1286,Employee_286,sales,Manager,Male,50,172633.0,18883.604202895942,2021-07-09,,No,2,22
E1287,Employee_287,Hr,Associate,Female,57,94324.0,6346.420231066673,2016-07-06,,No,4,28
E1288,Employee_288,IT,Specialist,Male,34,65046.0,9093.97343649429,2015-05-10,,No,1,26
E1289,Employee_289,HR,Manager ,Female,45,,,2018-06-06,,No,5,0
E1290,Employee_290,sales,Executive,Female,32,91367.0,13628.753446295555,2023-02-14,2027-04-20,Yes,3,9
E1291,Employee_291,Support,Manager,Female,23,63397.0,5860.385477208705,2020-06-16,,No,5,9
E1292,Employee_292,HR,Associate,Female,32,141453.0,12227.075961981216,2020-12-20,,No,4,7
E1293,Employee_293,HR,Executive,Male,32,138856.0,12741.492790873574,2020-06-26,,No,4,24
E1294,Employee_294,Hr,Associate,Female,57,45563.0,7684.551647947192,2019-07-14,,No,4,23
E1295,Employee_295,Hr,Analyst,Female,48,113310.0,30261.454698739333,2016-09-11,2020-09-24,Yes,5,19
E1296,Employee_296,IT,Manager,Male,34,,,2017-08-26,2019-08-06,Yes,5,19
E1297,Employee_297,Sales,Specialist,Female,46,188492.0,39583.45980625589,2017-11-24,2018-12-26,Yes,5,20
E1298,Employee_298,Finance,Associate,Male,25,190928.0,33757.731888314345,2018-05-14,2021-09-30,Yes,2,19
E1299,Employee_299,IT,Associate,Female,44,156945.0,20525.685243473716,2018-04-23,,No,3,17
E1300,Employee_300,Marketing,Analyst,Female,43,109141.0,9267.469398839687,2021-08-28,2026-10-02,Yes,5,19
E1301,Employee_301,,Manager,Female,36,31969.0,3211.713252729634,2016-01-10,2019-05-25,Yes,2,20
E1302,Employee_302,HR,Associate,Female,21,184268.0,29655.641352703682,2016-05-31,,No,2,0
E1303,Employee_303,Operations,Analyst,Female,46,155354.0,34304.02854672741,2020-12-01,,No,2,16
E1304,Employee_304,Support,Manager,Male,46,66487.0,17695.661919035632,2016-08-10,,No,3,7
E1305,Employee_305,sales,Analyst,Female,45,84061.0,23509.29357326774,2018-08-03,,No,5,15
E1306,Employee_306,Sales,Executive,Female,25,188056.0,14414.164726899877,2017-10-06,,No,1,0
E1307,Employee_307,Support,Executive,male,45,141279.0,33639.51046864137,2022-03-21,2026-01-01,Yes,1,10
E1308,Employee_308,Marketing,Manager,Female,24,144044.0,34757.48822351836,2019-07-26,,No,3,5
E1309,Employee_309,Support,Associate,Male,54,103297.0,27835.730763873005,2017-04-30,2021-09-04,Yes,3,0
E1310,Employee_310,sales,Executive,Female,44,,,2019-06-13,,No,5,14
E1311,Employee_311,,Executive,Female,21,57723.0,11686.480327200286,2020-12-30,2024-01-20,Yes,3,27
E1312,Employee_312,Sales,Associate,Female,49,133896.0,26661.554789662,2017-01-05,2021-09-21,Yes,3,11
E1313,Employee_313,IT,Specialist,Male,58,93449.0,18387.532380741217,2022-11-29,,No,2,13
E1314,Employee_314,sales,Specialist,Female,29,137522.0,25522.83398383589,2021-07-03,,No,2,5
E1315,Employee_315,Finance,Manager,Male,48,61348.0,15548.133563957495,2016-10-26,,No,4,4
E1316,Employee_316,HR,Executive,Female,54,83551.0,16296.045405328212,2019-10-30,2022-07-08,Yes,3,15
E1317,Employee_317,HR,Specialist,Female,43,188059.0,54326.657684397265,2017-10-01,2018-05-09,Yes,3,22
E1318,Employee_318,Support,Analyst,Female,36,89182.0,6048.329261014907,2021-09-12,,No,1,3
E1319,Employee_319,Support,Manager,Male,31,66914.0,4353.883038458919,2017-02-27,,No,5,21
E1320,Employee_320,HR,Specialist,Male,39,,,2020-03-31,2023-06-07,Yes,5,19
E1321,Employee_321,Hr,Specialist,Female,47,174539.0,32253.117517405557,2015-04-16,,No,4,29
E1322,Employee_322,Hr,Associate,Female,38,42289.0,4996.699091755103,2022-05-15,,No,2,24
E1323,Employee_323,,Associate,Female,50,144014.0,38142.67651337769,2017-11-28,,No,5,6
E1324,Employee_324,Sales,Executive,Male,56,149891.0,25614.335133124063,2019-12-04,,No,1,11
E1325,Employee_325,Hr,Specialist,Male,33,184741.0,33030.54403565598,2018-05-28,,No,1,25
E1326,Employee_326,sales,Manager,Male,29,111929.0,10487.004170556374,2019-07-15,,No,5,9
E1327,Employee_327,Hr,Specialist,Male,28,149503.0,28279.87751817826,2017-05-08,,No,5,3
E1328,Employee_328,Operations,Analyst,Male,44,,,2022-12-14,,No,2,18
E1329,Employee_329,Finance,Specialist,Male,56,157556.0,14495.711628862426,2016-04-27,,No,4,1
E1330,Employee_330,Operations,Analyst,Female,53,47014.0,8643.031450007715,2016-10-23,,No,5,14
E1331,Employee_331,Support,Associate,Male,55,194827.0,19784.007968657865,2019-03-27,2021-07-23,Yes,1,13
E1332,Employee_332,Sales,Associate,Female,33,37421.0,3197.38489504442,2018-09-05,2019-12-11,Yes,5,17
E1333,Employee_333,HR,Analyst,Female,23,154457.0,24257.456980641422,2021-11-11,2025-02-21,Yes,4,13
E1334,Employee_334,Sales,Executive,Female,39,68467.0,15821.676448088381,2022-02-14,,No,5,13
E1335,Employee_335,Operations,Associate,Female,56,141335.0,29867.2597966743,2020-04-06,,No,1,7
E1336,Employee_336,,Analyst,Female,53,171178.0,23261.398737788862,2016-12-08,,No,5,16
E1337,Employee_337,HR,Executive,Female,22,40756.0,2750.3331305734246,2015-06-09,2016-05-22,Yes,2,2
E1338,Employee_338,Hr,Executive,Female,23,104069.0,22621.659485130112,2022-08-06,,No,4,1
E1339,Employee_339,Sales,Manager,Female,58,39686.0,6599.83748227291,2016-10-23,,No,4,25
E1340,Employee_340,Sales,Analyst,male,56,72828.0,15202.11755007594,2017-10-13,,No,2,29
E1341,Employee_341,Marketing,Manager,Female,50,154982.0,37047.02625971076,2016-10-18,2021-03-29,Yes,4,7
E1342,Employee_342,Sales,Analyst ,Female,40,171826.0,48419.614002469105,2015-08-25,2019-10-05,Yes,4,18
E1343,Employee_343,Support,Analyst,Male,25,48752.0,12700.301791859822,2015-05-29,,No,4,5
E1344,Employee_344,HR,Analyst ,Female,42,86273.0,21307.317058984645,2017-03-10,,No,1,20
E1345,Employee_345,HR,Associate,Male,36,40699.0,9991.89028502426,2022-08-17,,No,5,13
E1346,Employee_346,sales,Analyst,Female,56,149264.0,15947.265010386023,2022-08-28,,No,2,8
E1347,Employee_347,Sales,Executive,Female,41,65585.0,18641.844705873064,2021-11-01,,No,3,2
E1348,Employee_348,Marketing,Associate,Male,43,48073.0,9621.74284691124,2015-11-07,,No,3,21
E1349,Employee_349,Support,Associate,Female,35,165509.0,31718.78040440733,2015-09-01,2017-07-21,Yes,4,14
E1350,Employee_350,IT,Associate,Male,58,55169.0,11419.294115353387,2019-08-21,2024-04-01,Yes,3,15
E1351,Employee_351,Support,Specialist,Female,27,70461.0,4948.46340076857,2018-11-29,,No,3,1
E1352,Employee_352,Marketing,Associate,Female,47,50609.0,5359.675728855954,2019-12-17,,No,2,9
E1353,Employee_353,HR,Manager,Female,45,154865.0,12874.10836104159,2022-11-09,,No,1,3
E1354,Employee_354,HR,Associate,Male,51,,,2022-11-20,,No,5,19
E1355,Employee_355,sales,Specialist,Female,23,196370.0,29389.86469091228,2017-11-14,,No,5,20
E1356,Employee_356,IT,Executive,Male,54,131268.0,7410.469350361314,2016-06-20,2020-01-13,Yes,4,12
E1357,Employee_357,Hr,Manager,Female,32,37967.0,3056.6762060017268,2015-04-02,2020-05-21,Yes,4,17
E1358,Employee_358,HR,Analyst,Male,49,85099.0,22369.30690174378,2022-06-12,,No,5,10
E1359,Employee_359,Marketing,Associate,Male,22,69922.0,13362.812485612207,2020-05-07,,No,2,24
E1360,Employee_360,HR,Analyst,Male,22,149863.0,18633.779898479348,2017-09-09,,No,3,8
E1361,Employee_361,Marketing,Manager,Male,55,58141.0,4375.776124492502,2016-02-04,,No,4,0
E1362,Employee_362,Operations,Specialist ,Female,24,76851.0,22991.837478863778,2022-10-03,,No,5,6
E1363,Employee_363,Support,Manager,Female,49,128723.0,23396.739589774883,2019-02-17,,No,4,29
E1364,Employee_364,Hr,Analyst,Female,55,126774.0,22993.780736363093,2019-03-30,,No,5,28
E1365,Employee_365,HR,Executive,Male,42,99252.0,5236.318764268023,2016-01-21,2020-12-22,Yes,3,20
E1366,Employee_366,,Specialist,female,58,184249.0,40579.682735954826,2020-03-26,2024-09-27,Yes,5,0
E1367,Employee_367,Operations,Manager,Male,33,183812.0,47529.342575719435,2021-12-15,,No,5,20
E1368,Employee_368,Support,Manager,Male,38,161743.0,27813.894156695413,2016-05-11,,No,4,10
E1369,Employee_369,Operations,Executive,Male,41,150575.0,11220.946150396907,2022-01-01,,No,4,1
E1370,Employee_370,IT,Manager,Female,38,51223.0,12942.59132231013,2018-12-30,,No,5,5
E1371,Employee_371,sales,Manager,Male,41,147360.0,42562.52985080471,2015-01-17,2018-09-21,Yes,1,8
E1372,Employee_372,IT,Associate,Male,21,33631.0,3822.756922507687,2015-08-30,,No,2,27
E1373,Employee_373,Hr,Analyst,Male,41,157734.0,33887.33289130173,2022-08-05,2023-09-08,Yes,1,14
E1374,Employee_374,Finance,Specialist,Female,37,37099.0,6034.334661254323,2021-11-19,,No,5,11
E1375,Employee_375,Marketing,Analyst,Female,21,183686.0,40421.37996291639,2017-04-24,,No,1,22
E1376,Employee_376,,Analyst,Female,21,37788.0,9467.127382631319,2022-06-04,,No,1,4
E1377,Employee_377,Marketing,Analyst,Female,40,118340.0,17384.004923417735,2020-05-04,2021-11-20,Yes,4,10
E1378,Employee_378,IT,Executive,Male,35,155426.0,14967.351582842268,2021-10-25,,No,5,4
E1379,Employee_379,Operations,Associate,Female,50,154917.0,37349.429928351165,2018-09-05,,No,2,5
E1380,Employee_380,sales,Executive,Female,52,69279.0,20227.04383850722,2018-05-31,,No,1,8
E1381,Employee_381,,Specialist,Female,22,127661.0,14703.780145269116,2019-06-29,,No,1,24
E1382,Employee_382,Operations,Analyst,Female,30,64964.0,5282.118417399545,2020-02-26,2024-11-02,Yes,2,21
E1383,Employee_383,IT,Specialist,Female,33,138212.0,38709.6285026742,2018-08-04,,No,4,1
E1384,Employee_384,Sales,Executive,Female,31,177977.0,23949.80897859571,2017-07-24,,No,2,22
E1385,Employee_385,HR,Manager,Female,29,183240.0,26386.234288211475,2017-04-25,,No,4,25
E1386,Employee_386,Marketing,Executive ,Female,45,122949.0,14563.04186688797,2020-06-26,,No,5,11
E1387,Employee_387,HR,Specialist,Female,52,94946.0,25799.792893817328,2023-01-14,2023-12-01,Yes,1,11
E1388,Employee_388,Support,Associate,Male,38,,,2022-06-01,2027-07-06,Yes,4,10
E1389,Employee_389,Sales,Executive,Female,42,88005.0,26064.21510671359,2022-01-25,,No,4,28
E1390,Employee_390,Operations,Specialist,Male,33,115457.0,8888.56436548421,2015-08-01,,No,4,26
E1391,Employee_391,Hr,Specialist,Female,51,50567.0,6856.678330827087,2021-05-14,,No,3,4
E1392,Employee_392,Finance,Analyst,Male,53,38706.0,4814.527589186568,2020-08-28,2021-04-07,Yes,5,29
E1393,Employee_393,Support,Executive,Female,59,134555.0,28131.79578366943,2018-02-08,,No,2,25
E1394,Employee_394,Marketing,Executive,Female,36,183728.0,43254.7184094119,2016-05-29,2018-03-08,Yes,4,7
E1395,Employee_395,sales,Analyst,Male,55,51727.0,13963.916842079667,2021-11-25,,No,2,20
E1396,Employee_396,Marketing,Analyst,Male,59,186570.0,41413.13459507394,2020-11-29,,No,5,8
E1397,Employee_397,HR,Executive,Female,56,138777.0,33340.85367610469,2022-02-26,,No,4,16
E1398,Employee_398,,Executive,Male,34,145725.0,34593.12893105718,2022-03-19,,No,3,22
E1399,Employee_399,Support,Associate,Male,26,42087.0,7386.7968337720695,2016-11-28,,No,4,14
E1400,Employee_400,HR,Associate,Female,24,137539.0,33710.80120287999,2017-10-10,2018-12-10,Yes,2,4
E1401,Employee_401,Marketing,Executive,Female,58,133892.0,6757.525341229334,2017-05-20,,No,5,9
E1402,Employee_402,IT,Manager,Female,58,94429.0,13113.662370741733,2017-12-16,2021-01-29,Yes,4,16
E1403,Employee_403,HR,Manager,Male,27,98099.0,17415.263171605562,2015-12-02,,No,2,22
E1404,Employee_404,Finance,Analyst ,Male,24,66727.0,13403.580382245409,2015-06-11,2020-08-16,Yes,2,18
E1405,Employee_405,sales,Specialist,Male,51,189803.0,24774.416381678024,2020-03-16,,No,3,21
E1406,Employee_406,Operations,Executive,Female,44,72092.0,17048.410038448856,2018-08-30,,No,5,3
E1407,Employee_407,Marketing,Executive,Female,39,87775.0,12583.919844138707,2018-10-05,,No,1,22
E1408,Employee_408,Hr,Specialist,female,53,195009.0,27858.1082908152,2018-02-10,,No,3,27
E1409,Employee_409,IT,Executive,Male,31,177256.0,50212.78416515842,2020-01-11,,No,1,16
E1410,Employee_410,Support,Associate,Male,26,64051.0,11147.538267208956,2017-12-06,,No,3,14
E1411,Employee_411,Operations,Manager,Female,26,191326.0,49735.303025380024,2015-03-16,,No,1,25
E1412,Employee_412,,Manager,Male,36,150312.0,28767.836581817886,2015-05-18,,No,2,2
E1413,Employee_413,IT,Executive,Female,33,123808.0,24322.39563812231,2020-07-21,,No,1,26
E1414,Employee_414,HR,Specialist,Male,39,113369.0,29836.680721322376,2017-07-10,,No,3,4
E1415,Employee_415,,Analyst,Female,49,37999.0,3667.866944185173,2020-09-27,,No,5,9
E1416,Employee_416,sales,Executive,Female,25,138899.0,11580.008672150545,2016-09-29,,No,2,2
E1417,Employee_417,Hr,Analyst,Female,21,32839.0,7631.030180179015,2020-02-05,2022-11-09,Yes,4,11
E1418,Employee_418,sales,Executive,male,51,97155.0,20814.369551783486,2016-07-01,,No,5,29
E1419,Employee_419,IT,Associate,Male,44,198553.0,23934.922560389743,2018-05-28,,No,3,22
E1420,Employee_420,Hr,Executive,Male,48,103997.0,11687.864036437271,2020-07-07,2025-07-22,Yes,1,12
E1421,Employee_421,,Specialist,Male,26,71800.0,12341.90292643725,2019-09-16,,No,3,19
E1422,Employee_422,Sales,Analyst,Female,38,48681.0,9273.643451882905,2021-02-21,,No,2,0
E1423,Employee_423,sales,Associate,male,47,154302.0,8556.948442312896,2018-03-17,,No,5,9
E1424,Employee_424,,Specialist,Male,46,163611.0,40400.17854587599,2020-12-29,2025-03-14,Yes,5,25
E1425,Employee_425,Marketing,Analyst,Female,41,58228.0,12434.219673658103,2019-10-20,2023-01-15,Yes,1,18
E1426,Employee_426,Support,Manager,Male,45,92292.0,18655.149762925572,2021-10-28,,No,1,0
E1427,Employee_427,Operations,Analyst,Female,24,121006.0,13642.417955536024,2021-07-02,,No,1,16
E1428,Employee_428,Sales,Specialist,Female,44,127852.0,13661.289716217256,2020-09-06,,No,2,10
E1429,Employee_429,Hr,Associate,Male,59,74629.0,13971.270028090315,2019-06-22,,No,2,0
E1430,Employee_430,IT,Manager,Female,30,43140.0,3677.249582822282,2020-08-31,,No,1,1
E1431,Employee_431,HR,Executive,Female,30,95633.0,25390.248502856444,2016-03-10,2018-06-24,Yes,4,23
E1432,Employee_432,,Associate,Male,58,60651.0,8430.085273507902,2016-09-02,2021-12-12,Yes,3,16
E1433,Employee_433,HR,Manager,Female,52,93878.0,25162.48881167751,2018-03-23,,No,4,13
E1434,Employee_434,Hr,Specialist,Male,42,35774.0,3621.055675366898,2021-03-10,,No,4,27
E1435,Employee_435,Finance,Analyst,Female,34,144586.0,41446.948811476104,2022-06-20,,No,2,27
E1436,Employee_436,Support,Analyst,Male,46,59118.0,11121.774969681286,2019-11-19,2023-12-05,Yes,3,7
E1437,Employee_437,Operations,Associate,Female,53,71971.0,17962.95739267328,2022-06-19,,No,4,22
E1438,Employee_438,Operations,Executive,Male,45,133850.0,32646.41156158877,2015-11-03,2018-07-08,Yes,4,9
E1439,Employee_439,Sales,Associate,Female,28,152775.0,21261.35201862703,2018-08-13,,No,4,4
E1440,Employee_440,Operations,Executive,Male,41,168311.0,41989.982529777684,2016-07-12,,No,2,9
E1441,Employee_441,sales,Associate,Male,40,115445.0,28666.76415033607,2022-09-23,2025-08-05,Yes,3,12
E1442,Employee_442,Operations,Specialist,Male,23,161354.0,19237.611664089745,2015-02-09,,No,1,27
E1443,Employee_443,Finance,Specialist,Male,21,119087.0,16782.13078695862,2023-02-23,2025-07-29,Yes,3,4
E1444,Employee_444,Marketing,Executive,Male,24,69901.0,14247.53681260106,2019-11-17,,No,3,8
E1445,Employee_445,Support,Associate,Female,32,110685.0,14379.830837170422,2018-02-26,,No,5,22
E1446,Employee_446,Finance,Analyst,Male,41,145357.0,30331.32806659329,2018-07-07,,No,4,5
E1447,Employee_447,HR,Executive,Male,51,56170.0,5086.662600700466,2019-04-10,2020-03-05,Yes,1,3
E1448,Employee_448,HR,Specialist,Female,45,122051.0,33266.77140721894,2022-05-16,2023-07-16,Yes,5,27
E1449,Employee_449,HR,Associate,Male,49,170659.0,47708.0647519058,2016-10-07,2017-11-21,Yes,4,11
E1450,Employee_450,HR,Manager,Female,31,,,2021-11-09,,No,5,23
E1451,Employee_451,Hr,Associate,Male,54,39346.0,10621.668256585852,2019-12-27,2023-03-26,Yes,5,27
E1452,Employee_452,sales,Analyst,Female,46,125648.0,13817.325629889736,2019-09-12,2021-09-26,Yes,1,18
E1453,Employee_453,Finance,Specialist,Female,38,63866.0,13589.84791401325,2017-06-14,2022-08-12,Yes,1,4
E1454,Employee_454,Sales,Analyst,Female,31,62602.0,13054.741535397428,2016-12-24,,No,5,15
E1455,Employee_455,Marketing,Specialist,Female,54,162161.0,20874.96885226686,2021-04-14,,No,4,14
E1456,Employee_456,Operations,Specialist,Female,59,106229.0,28037.478319075693,2015-05-04,2015-11-20,Yes,3,3
E1457,Employee_457,Support,Analyst,Male,45,93278.0,11783.592325229425,2016-06-16,,No,3,24
E1458,Employee_458,IT,Manager,female,34,185024.0,44686.29230341695,2019-11-23,,No,5,14
E1459,Employee_459,Finance,Associate,Female,38,80290.0,22224.172253842768,2021-03-16,,No,3,26
E1460,Employee_460,Support,Analyst,Male,54,176295.0,25540.866087611503,2015-05-22,,No,4,20
E1461,Employee_461,Hr,Associate ,Female,28,45037.0,6534.874880995084,2019-04-15,,No,3,19
E1462,Employee_462,Finance,Manager,Female,45,184455.0,10475.891898259166,2022-04-15,2027-08-17,Yes,1,18
E1463,Employee_463,sales,Associate,Female,23,182850.0,45936.80103636426,2017-09-06,2018-09-13,Yes,1,26
E1464,Employee_464,sales,Specialist,Female,39,82142.0,13344.834661820489,2018-02-17,,No,5,28
E1465,Employee_465,Marketing,Analyst,Female,56,192727.0,22323.36526385075,2015-09-22,2017-02-22,Yes,1,23
E1466,Employee_466,Sales,Manager,Female,45,76733.0,15315.09121065498,2019-10-29,,No,1,26
E1467,Employee_467,Marketing,Associate,Female,34,,,2015-02-10,,No,4,26
E1468,Employee_468,Sales,Manager,Male,24,158775.0,42760.559098181664,2019-06-10,,No,1,23
E1469,Employee_469,sales,Specialist,Female,36,65292.0,16945.758092118063,2021-10-15,,No,4,2
E1470,Employee_470,Hr,Specialist,Male,31,95087.0,23514.084354895676,2019-02-01,,No,5,4
E1471,Employee_471,Finance,Analyst,Male,40,74900.0,14960.872565618267,2020-08-06,,No,1,28
E1472,Employee_472,Sales,Analyst,Female,29,76403.0,20410.13518434726,2016-04-26,2018-11-09,Yes,1,7
E1473,Employee_473,Marketing,Manager,Male,43,62174.0,4386.485494804078,2021-10-21,,No,4,13
E1474,Employee_474,IT,Executive,Female,35,56649.0,5166.738258429681,2016-02-10,,No,5,18
E1475,Employee_475,Hr,Specialist,Male,58,126019.0,31151.968123772374,2015-06-28,,No,4,22
E1476,Employee_476,Hr,Manager,Female,27,192331.0,20876.782210117293,2020-10-24,,No,5,2
E1477,Employee_477,Marketing,Analyst,Female,42,161265.0,19011.88421189411,2021-07-22,2024-09-14,Yes,1,0
E1478,Employee_478,Hr,Manager,Male,28,72070.0,10936.116381835349,2021-03-11,,No,1,17
E1479,Employee_479,HR,Specialist,Male,37,167788.0,28209.078762458223,2016-12-30,,No,3,7
E1480,Employee_480,sales,Analyst,Male,39,115371.0,19314.31029667202,2016-03-16,,No,5,12
E1481,Employee_481,Marketing,Associate,Male,55,103869.0,21053.728800642242,2022-08-28,,No,4,23
E1482,Employee_482,Finance,Manager,Female,33,116716.0,5996.45371370192,2018-08-18,,No,1,29
E1483,Employee_483,Finance,Specialist,Female,28,198490.0,51802.14908932528,2022-12-22,,No,2,6
E1484,Employee_484,Marketing,Executive,Male,41,33828.0,6529.215376974177,2015-11-14,,No,2,10
E1485,Employee_485,Sales,Executive,Female,29,166535.0,11952.748479583452,2016-07-06,,No,1,23
E1486,Employee_486,Operations,Executive,Male,41,65634.0,17718.926741480595,2015-07-02,2018-12-17,Yes,5,10
E1487,Employee_487,,Executive,Male,39,182458.0,15120.710459586484,2015-01-01,,No,4,18
E1488,Employee_488,sales,Analyst,Male,32,,,2020-07-29,,No,5,11
E1489,Employee_489,Operations,Specialist,Male,53,,,2016-06-03,2020-03-10,Yes,3,13
E1490,Employee_490,HR,Associate,Female,43,196892.0,50679.38831157822,2019-09-07,,No,4,17
E1491,Employee_491,Sales,Specialist,male,38,68211.0,9956.058512845273,2022-05-10,,No,4,17
E1492,Employee_492,,Executive,Male,57,64542.0,9987.032068570008,2018-01-12,,No,1,0
E1493,Employee_493,Support,Manager,Male,32,185378.0,25710.598134492768,2019-11-29,,No,5,8
E1494,Employee_494,Sales,Associate,Male,30,195682.0,38826.282736317306,2018-07-13,,No,2,18
E1495,Employee_495,IT,Associate,Male,29,135848.0,12033.469000143943,2017-02-09,,No,4,5
E1496,Employee_496,sales,Analyst,Male,47,92068.0,25375.16777379822,2019-08-29,,No,3,15
E1497,Employee_497,Marketing,Specialist,Female,50,52785.0,2793.733361857693,2015-09-25,,No,3,10
E1498,Employee_498,HR,Manager,Male,21,97534.0,5943.2116696452185,2018-05-21,2020-07-02,Yes,1,24
E1499,Employee_499,HR,Associate,Male,43,80583.0,17170.054479621067,2019-12-25,,No,5,21
E1500,Employee_500,IT,Associate,Female,38,151251.0,33009.26865094507,2016-01-10,,No,1,20
E1501,Employee_501,Support,Executive,Female,58,92493.0,14947.320082632887,2020-03-04,,No,3,2
E1502,Employee_502,Support,Specialist,Female,48,69758.0,16730.602213612696,2020-09-01,,No,3,15
E1503,Employee_503,Support,Manager,Female,52,105769.0,15073.466346540325,2018-02-15,,No,4,27
E1504,Employee_504,,Associate,Female,53,131665.0,12075.662114166573,2023-02-28,,No,4,4
E1505,Employee_505,Marketing,Executive,Female,21,147961.0,31287.181524333624,2020-07-04,,No,3,10
E1506,Employee_506,,Specialist,Female,51,172810.0,26337.49233171126,2017-03-27,,No,1,5
E1507,Employee_507,Sales,Analyst,Male,25,109239.0,15418.913568642767,2019-01-03,,No,4,5
E1508,Employee_508,IT,Manager,Female,21,178510.0,39641.45845728253,2020-03-15,,No,2,4
E1509,Employee_509,,Executive ,Female,50,72359.0,21299.814451416256,2020-10-23,,No,5,3
E1510,Employee_510,IT,Executive,Female,46,37597.0,2170.81121779864,2021-10-31,2025-10-27,Yes,3,17
E1511,Employee_511,Operations,Specialist,Female,26,150956.0,24851.999832193676,2016-06-25,,No,2,4
E1512,Employee_512,sales,Specialist,Female,57,38036.0,6409.12712844633,2022-05-17,,No,4,17
E1513,Employee_513,Hr,Manager,Male,29,48800.0,3516.0607862364227,2015-02-28,,No,4,16
E1514,Employee_514,Operations,Executive,Male,52,140659.0,41498.23769098201,2021-06-10,2023-10-31,Yes,5,21
E1515,Employee_515,Support,Analyst,Male,43,80098.0,11137.339490706263,2018-10-09,,No,5,18
E1516,Employee_516,sales,Executive,Female,41,112302.0,13202.439080417806,2015-10-27,2016-09-29,Yes,4,18
E1517,Employee_517,IT,Executive,Female,21,129931.0,25433.487368998238,2021-12-05,,No,5,14
E1518,Employee_518,sales,Manager,Female,54,56762.0,5779.918409733042,2021-12-31,,No,1,2
E1519,Employee_519,Sales,Associate,Female,38,104965.0,20189.423679124575,2022-09-10,,No,3,4
E1520,Employee_520,sales,Specialist,Female,59,180023.0,10777.055872404593,2016-10-18,,No,5,3
E1521,Employee_521,,Executive,Male,39,162212.0,32406.737085140307,2020-01-20,2025-04-11,Yes,4,21
E1522,Employee_522,Hr,Analyst,Male,41,74789.0,18519.809251006096,2016-04-20,,No,5,16
E1523,Employee_523,IT,Executive,Male,40,96093.0,5632.521450481631,2019-05-25,2024-03-11,Yes,3,18
E1524,Employee_524,Hr,Executive,Female,46,160351.0,11772.666583153352,2022-11-07,,No,2,3
E1525,Employee_525,sales,Analyst,Female,58,189136.0,36064.05997657229,2021-09-20,,No,3,10
E1526,Employee_526,Finance,Executive,Male,37,191458.0,52385.42440611347,2015-03-23,,No,4,18
E1527,Employee_527,Hr,Analyst,Male,24,71862.0,20768.964958560184,2022-01-02,2026-04-03,Yes,4,12
E1528,Employee_528,,Executive,Female,37,,,2017-05-30,2019-12-22,Yes,3,5
E1529,Employee_529,HR,Executive,Female,23,98026.0,5655.856352003765,2017-07-31,2022-04-13,Yes,5,22
E1530,Employee_530,HR,Associate,Male,36,129441.0,21902.82384563164,2019-10-16,,No,3,2
E1531,Employee_531,Marketing,Associate,Male,30,183385.0,38169.02540152084,2015-10-04,,No,4,1
E1532,Employee_532,Hr,Manager,Female,44,111442.0,11442.445645822214,2015-02-26,,No,3,18
E1533,Employee_533,,Manager,Male,28,114761.0,29507.041318520034,2016-06-25,2018-10-19,Yes,3,0
E1534,Employee_534,sales,Manager,Female,56,,,2019-04-22,,No,1,14
E1535,Employee_535,sales,Associate,Female,57,72727.0,20674.30480668069,2021-02-13,,No,1,0
E1536,Employee_536,Operations,Specialist,Female,56,124754.0,25375.09191689497,2017-03-12,2020-04-26,Yes,4,29
E1537,Employee_537,Finance,Analyst,Female,51,162453.0,20555.882359478142,2017-06-28,,No,4,12
E1538,Employee_538,Sales,Associate,Male,52,189292.0,14241.44040653625,2015-12-24,,No,2,7
E1539,Employee_539,Hr,Executive,Male,37,89766.0,23385.713486880217,2021-06-27,,No,2,25
E1540,Employee_540,Sales,Manager,Male,33,40350.0,4147.097052888399,2018-08-06,2019-12-13,Yes,3,7
E1541,Employee_541,,Analyst,Male,43,153853.0,13551.741081971793,2019-05-10,,No,3,21
E1542,Employee_542,,Analyst,Male,49,53782.0,9095.033499885449,2021-06-26,,No,1,8
E1543,Employee_543,sales,Associate,Male,50,194276.0,11349.078316669584,2017-12-12,,No,3,24
E1544,Employee_544,HR,Associate,Male,45,191822.0,52207.19052366732,2022-02-04,2026-08-31,Yes,2,9
E1545,Employee_545,Hr,Analyst,Female,56,150263.0,28349.26927194939,2016-10-21,2017-10-15,Yes,2,13
E1546,Employee_546,IT,Associate,Male,48,177309.0,45326.155464366886,2021-09-21,,No,4,12
E1547,Employee_547,Finance,Executive,Female,43,86071.0,10143.669196107288,2020-05-04,2024-06-25,Yes,2,23
E1548,Employee_548,Finance,Executive,Female,54,76154.0,8977.548462138939,2019-01-04,2022-04-08,Yes,1,25
E1549,Employee_549,Finance,Specialist,Male,49,192969.0,44143.5266344744,2021-05-30,,No,1,22
E1550,Employee_550,Support,Analyst,Male,44,183512.0,24791.129099015783,2023-03-07,2026-02-27,Yes,5,27
E1551,Employee_551,sales,Executive,Male,31,49008.0,4042.3014354114125,2015-05-17,,No,3,1
E1552,Employee_552,Support,Executive,female,24,177281.0,48392.046426047964,2020-12-28,,No,3,16
E1553,Employee_553,Marketing,Associate,Male,26,150779.0,32988.18582002145,2021-09-14,,No,2,22
E1554,Employee_554,Sales,Specialist,Female,46,92368.0,26097.9079339041,2022-05-03,,No,2,14
E1555,Employee_555,HR,Manager,Female,43,115716.0,26413.509198800206,2018-01-29,,No,1,23
E1556,Employee_556,sales,Manager,Male,31,150592.0,32983.72269628975,2017-03-03,,No,1,20
E1557,Employee_557,Support,Executive,Female,40,135426.0,28247.823397532386,2018-08-09,,No,2,16
E1558,Employee_558,Finance,Specialist,Female,57,183077.0,52945.85995485417,2022-01-31,,No,1,2
E1559,Employee_559,HR,Manager,Male,38,136239.0,19370.024062862212,2018-06-13,2021-05-20,Yes,4,6
E1560,Employee_560,Sales,Manager,Female,33,32257.0,6064.875373906002,2018-01-28,,No,2,15
E1561,Employee_561,Operations,Analyst,Male,29,50808.0,13588.131870211091,2017-08-09,,No,1,3
E1562,Employee_562,Hr,Analyst,Male,43,137692.0,8121.7170068246305,2019-10-18,,No,4,17
E1563,Employee_563,HR,Specialist,Male,23,92491.0,27159.792805553996,2017-07-28,,No,5,27
E1564,Employee_564,sales,Associate,Male,21,104083.0,7424.795581324496,2015-08-23,,No,3,12
E1565,Employee_565,Finance,Analyst,Female,30,92507.0,6934.945005711109,2016-07-11,2021-04-24,Yes,5,5
E1566,Employee_566,sales,Associate,Female,44,66609.0,3652.298541947622,2022-12-25,,No,2,2
E1567,Employee_567,Marketing,Manager,Female,45,197093.0,22994.603633924788,2016-06-24,,No,3,24
E1568,Employee_568,sales,Analyst,Male,56,162473.0,29205.832912372043,2021-03-27,,No,1,19
E1569,Employee_569,Finance,Analyst,Male,48,173022.0,18158.890266021495,2022-07-08,,No,4,26
E1570,Employee_570,sales,Executive,Male,50,154577.0,14752.024720574165,2019-10-26,,No,5,24
E1571,Employee_571,Finance,Specialist,Male,53,85350.0,15319.482760067152,2022-09-04,,No,1,29
E1572,Employee_572,,Analyst,Female,32,76607.0,14710.315773166749,2021-08-17,,No,4,12
E1573,Employee_573,Sales,Manager,Female,27,94110.0,20600.21061335974,2021-01-16,2022-06-30,Yes,1,22
E1574,Employee_574,IT,Specialist,Male,45,58151.0,9565.777845454171,2017-12-18,,No,4,7
E1575,Employee_575,Operations,Analyst,Male,23,136984.0,38950.66199337533,2018-06-03,,No,4,12
E1576,Employee_576,Operations,Manager,Male,35,133547.0,22496.320288265142,2018-05-26,,No,4,25
E1577,Employee_577,Hr,Analyst,Female,29,128934.0,31756.10713907422,2022-04-09,,No,4,17
E1578,Employee_578,Finance,Executive,Female,31,91215.0,6284.828444964231,2015-08-21,2020-06-07,Yes,3,25
E1579,Employee_579,sales,Analyst,Female,27,107240.0,22048.90973038437,2018-11-18,,No,3,12
E1580,Employee_580,Marketing,Manager,Female,39,136956.0,34619.86675875211,2017-12-27,,No,4,10
E1581,Employee_581,HR,Associate,Male,21,194912.0,55910.27572184838,2015-08-04,2020-02-20,Yes,4,24
E1582,Employee_582,Finance,Specialist,Male,51,110360.0,24555.09275235375,2022-10-12,,No,1,17
E1583,Employee_583,Sales,Manager,Female,25,35939.0,3865.6969598537967,2021-04-14,2026-03-08,Yes,1,17
E1584,Employee_584,,Manager,Female,58,77118.0,10686.005372252957,2018-02-19,2019-06-10,Yes,5,5
E1585,Employee_585,Marketing,Analyst,Male,58,74605.0,18781.165111850085,2021-03-07,,No,2,13
E1586,Employee_586,Hr,Executive,Female,33,97293.0,18506.93979098479,2019-03-22,,No,5,7
E1587,Employee_587,IT,Executive,Male,53,185344.0,54731.73703134847,2021-07-08,,No,2,10
E1588,Employee_588,Support,Manager,Female,51,175051.0,37597.18089603877,2021-05-08,2023-06-26,Yes,3,27
E1589,Employee_589,Marketing,Analyst,Female,46,106221.0,20435.32123134933,2018-03-08,,No,5,24
E1590,Employee_590,Marketing,Associate,Female,38,68870.0,4701.781794200131,2017-06-04,,No,2,25
E1591,Employee_591,HR,Manager,Female,26,55372.0,15336.643002291272,2018-07-20,2020-10-15,Yes,3,20
E1592,Employee_592,Operations,Executive,Male,36,85745.0,25017.233042218842,2016-06-03,2020-02-27,Yes,2,7
E1593,Employee_593,Marketing,Associate,Male,50,66191.0,8439.351460334477,2019-06-18,,No,1,10
E1594,Employee_594,Hr,Executive,Female,59,192384.0,17444.406878216785,2022-09-02,,No,5,21
E1595,Employee_595,HR,Manager,Male,29,114388.0,5977.873100260519,2019-06-25,,No,4,27
E1596,Employee_596,HR,Specialist,Female,41,158727.0,40002.35006262346,2017-05-21,2018-10-24,Yes,3,21
E1597,Employee_597,Finance,Manager,Female,57,111050.0,6362.325563201655,2019-08-04,2023-05-31,Yes,2,3
E1598,Employee_598,HR,Specialist,Male,29,70695.0,21033.28908902266,2022-02-06,,No,3,0
E1599,Employee_599,,Associate ,Male,52,137096.0,32937.58556988107,2017-09-06,,No,4,20
E1600,Employee_600,Operations,Analyst,Female,50,160722.0,10354.632515215024,2022-07-28,,No,1,17
E1601,Employee_601,Operations,Manager,Female,49,96641.0,20696.420898550714,2020-12-01,2026-05-16,Yes,2,25
E1602,Employee_602,Hr,Manager,Male,40,191033.0,49659.80022578681,2017-11-30,,No,1,4
E1603,Employee_603,sales,Executive,Female,21,73361.0,16131.165551117665,2020-05-14,,No,5,3
E1604,Employee_604,sales,Manager,Male,25,157626.0,30079.95250627525,2016-10-22,,No,3,11
E1605,Employee_605,Operations,Specialist,Female,46,138946.0,11942.907179710526,2021-02-24,2025-04-30,Yes,2,7
E1606,Employee_606,Support,Specialist,Female,25,91844.0,22113.93113664964,2022-10-09,,No,2,19
E1607,Employee_607,sales,Analyst,Female,35,77857.0,7876.794812718239,2015-08-09,,No,1,15
E1608,Employee_608,HR,Associate,Male,39,174941.0,17803.562284789055,2016-04-19,2019-02-18,Yes,2,14
E1609,Employee_609,Hr,Associate,Female,55,130772.0,21577.45831872306,2018-10-22,,No,3,7
E1610,Employee_610,Support,Analyst,Male,56,92433.0,22505.26844923197,2022-01-27,,No,2,3
E1611,Employee_611,Hr,Specialist,Male,23,177745.0,47808.209669934826,2021-11-23,2025-09-27,Yes,4,22
E1612,Employee_612,Hr,Analyst,Female,25,198798.0,16294.816087353542,2016-11-11,2019-09-01,Yes,5,24
E1613,Employee_613,,Manager,Female,26,64148.0,14804.20812825452,2022-06-20,2024-01-31,Yes,5,28
E1614,Employee_614,,Specialist,Female,40,68402.0,18515.299276705853,2015-12-08,2018-10-16,Yes,3,3
E1615,Employee_615,,Executive,Female,25,183484.0,28560.623896211262,2015-11-02,,No,5,24
E1616,Employee_616,IT,Executive,Male,47,95458.0,9107.026533527443,2016-05-10,,No,3,14
E1617,Employee_617,Finance,Analyst,female,56,156479.0,37329.953356698075,2015-08-01,,No,5,7
E1618,Employee_618,,Manager,Male,36,140138.0,21527.639249063122,2023-03-05,,No,2,26
E1619,Employee_619,Hr,Associate,Male,54,108077.0,21176.952699905913,2015-01-10,,No,1,16
E1620,Employee_620,HR,Associate,Female,24,108958.0,24908.457017218603,2023-02-12,,No,5,5
E1621,Employee_621,HR,Specialist,Female,21,163682.0,23295.253757605053,2021-12-11,,No,2,7
E1622,Employee_622,Operations,Associate,Male,35,168335.0,12550.846852537217,2017-10-03,,No,2,6
E1623,Employee_623,HR,Analyst,Female,37,180945.0,45556.11117504014,2021-11-29,,No,1,12
E1624,Employee_624,Sales,Associate,Male,26,198197.0,42867.3450648673,2021-04-11,2026-01-13,Yes,1,16
E1625,Employee_625,Operations,Specialist,Female,32,179359.0,34171.15358281269,2021-02-08,,No,1,16
E1626,Employee_626,sales,Executive,Female,23,105225.0,9550.098332156665,2019-04-17,,No,4,17
E1627,Employee_627,HR,Associate,Male,39,54618.0,14186.989011325577,2021-12-10,2022-09-13,Yes,2,0
E1628,Employee_628,Support,Executive,Female,34,100305.0,15990.15487997639,2020-04-07,2022-10-21,Yes,3,28
E1629,Employee_629,Operations,Analyst,Female,39,100533.0,18760.219741563556,2018-04-06,2019-09-26,Yes,5,0
E1630,Employee_630,,Specialist,Female,25,,,2016-01-25,,No,5,15
E1631,Employee_631,Sales,Manager,Male,55,88002.0,13124.479280620188,2017-06-09,,No,3,9
E1632,Employee_632,sales,Manager,Male,45,151950.0,19365.566301705654,2019-03-18,,No,3,24
E1633,Employee_633,Operations,Specialist,Male,57,157815.0,17772.64786198456,2016-01-10,2017-10-21,Yes,2,15
E1634,Employee_634,IT,Analyst,Male,39,41442.0,2198.050230891466,2016-04-08,,No,4,0
E1635,Employee_635,Operations,Associate,Female,32,180653.0,26677.12384898572,2020-04-08,,No,3,11
E1636,Employee_636,sales,Associate,Male,37,49552.0,7811.132115375069,2020-05-01,2023-03-12,Yes,5,21
E1637,Employee_637,Support,Executive,Male,53,148639.0,19823.33661237935,2016-12-26,,No,5,26
E1638,Employee_638,Hr,Associate,Male,22,107789.0,15465.59393411604,2016-03-27,2017-07-28,Yes,5,19
E1639,Employee_639,Support,Associate,Female,27,111486.0,8812.716244798969,2021-03-12,2025-08-24,Yes,5,23
E1640,Employee_640,Finance,Specialist,Male,40,119116.0,15641.536064527234,2022-11-18,,No,2,8
E1641,Employee_641,Sales,Manager,Male,28,134092.0,39460.06520458789,2021-06-27,2023-06-14,Yes,2,4
E1642,Employee_642,Hr,Associate,Female,48,186989.0,35317.333464532676,2019-01-31,2020-10-16,Yes,1,26
E1643,Employee_643,Operations,Specialist,Female,32,58230.0,6758.7017009318915,2017-02-16,2017-12-10,Yes,1,2
E1644,Employee_644,HR,Executive,Male,36,133937.0,16322.288252835748,2022-03-18,,No,2,10
E1645,Employee_645,Hr,Manager,Male,59,124876.0,35137.67780692787,2020-08-29,2022-09-20,Yes,4,11
E1646,Employee_646,IT,Analyst,Female,39,56990.0,10733.767532265263,2022-10-20,,No,3,5
E1647,Employee_647,Sales,Analyst,Female,35,31306.0,6856.219743443264,2016-04-25,,No,1,26
E1648,Employee_648,Finance,Manager,Male,56,84330.0,16816.841570079738,2016-02-17,,No,4,0
E1649,Employee_649,HR,Analyst,Female,39,72137.0,11705.756562713666,2017-03-31,2020-10-23,Yes,3,21
E1650,Employee_650,Hr,Manager,Female,41,129575.0,25512.85981225019,2016-09-01,,No,1,12
E1651,Employee_651,Marketing,Specialist,female,48,90272.0,13216.125758351947,2017-10-27,2020-08-08,Yes,1,3
E1652,Employee_652,HR,Associate,Female,39,31920.0,3355.459873916967,2020-09-24,2022-12-20,Yes,1,9
E1653,Employee_653,Operations,Manager,Male,47,108513.0,7938.417260588252,2018-09-26,,No,1,27
E1654,Employee_654,Operations,Manager,Female,35,99212.0,17677.752756874834,2023-02-10,,No,4,16
E1655,Employee_655,IT,Analyst,Male,40,123863.0,26444.567564871202,2022-09-05,,No,4,14
E1656,Employee_656,Operations,Manager,Female,53,51869.0,6105.063357237433,2017-08-01,,No,2,7
E1657,Employee_657,IT,Specialist ,Female,31,103788.0,16210.946899938848,2018-08-30,,No,1,10
E1658,Employee_658,Support,Manager,Male,36,173697.0,24847.372864716275,2019-03-07,,No,2,17
E1659,Employee_659,sales,Executive,Male,58,166355.0,47108.014145106376,2022-03-21,,No,3,9
E1660,Employee_660,Sales,Associate,Female,58,127088.0,14404.064007135563,2016-08-25,,No,3,13
E1661,Employee_661,IT,Associate,Female,37,,,2015-10-22,,No,1,27
E1662,Employee_662,Operations,Analyst,female,48,180368.0,49391.34585209471,2016-10-10,,No,2,23
E1663,Employee_663,Marketing,Analyst,Male,41,131121.0,27215.71141557772,2015-12-29,,No,3,27
E1664,Employee_664,,Associate,Male,58,160299.0,13801.24826084868,2018-09-20,,No,4,17
E1665,Employee_665,IT,Manager,Female,54,111982.0,13784.511367544552,2018-03-08,2023-06-11,Yes,1,12
E1666,Employee_666,Support,Associate,Female,24,127493.0,22395.141254160804,2017-05-24,2020-03-10,Yes,4,27
E1667,Employee_667,Marketing,Specialist,Male,35,168368.0,40595.23912615413,2017-08-31,,No,2,24
E1668,Employee_668,Support,Executive ,Male,21,97173.0,8733.235406982853,2017-10-04,2020-11-01,Yes,5,16
E1669,Employee_669,HR,Specialist,Female,30,143499.0,31003.65438163299,2021-11-07,2025-01-12,Yes,5,14
E1670,Employee_670,Sales,Executive,Female,40,177026.0,13738.627763053466,2015-03-10,,No,1,3
E1671,Employee_671,Finance,Analyst,Male,32,107243.0,17247.53000003761,2017-01-15,2021-11-08,Yes,1,20
E1672,Employee_672,Hr,Associate,Female,44,163663.0,41297.264749140224,2019-04-21,,No,2,16
E1673,Employee_673,Marketing,Executive ,Female,59,172159.0,46324.519322586806,2018-05-21,2021-03-14,Yes,1,5
E1674,Employee_674,Hr,Executive,Male,55,86358.0,8503.306705223544,2022-05-01,2023-08-04,Yes,2,22
E1675,Employee_675,Sales,Specialist,Female,37,46322.0,7116.403288610863,2023-01-21,2025-08-03,Yes,1,28
E1676,Employee_676,Finance,Specialist,Male,57,123782.0,11736.181625479912,2016-05-09,,No,5,16
E1677,Employee_677,Sales,Analyst,Male,41,153364.0,35749.188621947316,2019-06-18,2021-10-26,Yes,1,29
E1678,Employee_678,Finance,Analyst,Male,37,100269.0,9168.30098903143,2023-03-05,2025-01-31,Yes,2,9
E1679,Employee_679,Marketing,Executive,Female,56,59345.0,10670.59553823782,2021-03-03,,No,3,21
E1680,Employee_680,Hr,Associate,Male,35,33453.0,9700.222584793304,2021-08-07,,No,5,8
E1681,Employee_681,Hr,Analyst,Female,53,66320.0,12284.20496363538,2021-07-05,2022-07-14,Yes,2,0
E1682,Employee_682,IT,Associate,Male,49,191121.0,29239.51077025315,2022-09-06,,No,1,1
E1683,Employee_683,,Associate,Female,49,173279.0,49606.06037836311,2022-02-20,2026-09-03,Yes,5,28
E1684,Employee_684,Operations,Analyst,Female,49,67158.0,5756.145168250225,2020-08-26,,No,5,4
E1685,Employee_685,sales,Associate,Female,46,45810.0,4630.433380876708,2017-03-27,,No,5,0
E1686,Employee_686,,Manager,Female,37,69082.0,4646.557325006294,2019-11-24,,No,3,14
E1687,Employee_687,Finance,Executive,Male,49,66468.0,7010.7199568539245,2022-10-12,,No,4,15
E1688,Employee_688,IT,Specialist,Female,45,72056.0,13252.11798064728,2016-05-19,2021-05-14,Yes,1,18
E1689,Employee_689,sales,Specialist,Female,27,30717.0,5456.58166739716,2016-10-20,2019-12-25,Yes,1,12
E1690,Employee_690,IT,Executive,Male,35,34994.0,1866.6471769948228,2023-03-09,,No,1,7
E1691,Employee_691,Sales,Specialist,Male,38,71153.0,4748.993354108537,2022-01-25,2024-01-12,Yes,4,14
E1692,Employee_692,sales,Manager,Female,56,148094.0,9869.15920393223,2022-11-12,,No,1,12
E1693,Employee_693,Support,Manager,Male,38,36476.0,9153.784837619041,2021-07-10,,No,4,28
E1694,Employee_694,Marketing,Manager,Female,49,188018.0,19747.12281848997,2019-09-14,,No,3,22
E1695,Employee_695,sales,Specialist,Female,24,52010.0,7404.688847243023,2022-11-30,,No,2,10
E1696,Employee_696,Support,Associate ,Female,52,38026.0,5506.417075705938,2017-06-16,2020-12-22,Yes,1,8
E1697,Employee_697,sales,Specialist,Male,48,161742.0,40617.243114051955,2021-06-22,2026-03-15,Yes,1,3
E1698,Employee_698,HR,Specialist,Female,28,177705.0,33232.2724852547,2020-01-28,,No,2,19
E1699,Employee_699,Support,Analyst,Female,37,93972.0,9567.343348470258,2015-02-13,,No,5,26
E1700,Employee_700,sales,Manager,Male,27,65931.0,6510.277476156492,2015-08-08,2018-09-05,Yes,2,16
E1701,Employee_701,,Manager,Female,36,47374.0,9441.108866496139,2017-05-07,2020-02-04,Yes,2,4
E1702,Employee_702,Sales,Specialist,Male,42,148333.0,13219.315178740522,2019-09-02,,No,5,12
E1703,Employee_703,Marketing,Executive,Female,31,62821.0,9206.60590018967,2016-09-07,,No,3,24
E1704,Employee_704,Operations,Associate,Male,22,36859.0,8517.602618225124,2016-01-30,,No,1,25
E1705,Employee_705,Marketing,Executive,Female,22,79522.0,20314.510133590233,2016-10-19,,No,1,29
E1706,Employee_706,Hr,Specialist,Male,58,,,2015-07-14,,No,3,29
E1707,Employee_707,Support,Manager,Female,21,192781.0,22628.241581141654,2015-06-05,2019-10-23,Yes,5,26
E1708,Employee_708,IT,Specialist,male,56,188598.0,21907.309202017135,2017-09-01,,No,4,22
E1709,Employee_709,Finance,Executive,Female,26,142599.0,10280.851263761346,2021-07-15,,No,4,0
E1710,Employee_710,Support,Associate,male,48,59063.0,3413.0897169140144,2022-03-07,,No,5,20
E1711,Employee_711,Sales,Specialist,Female,52,138036.0,28643.846166465708,2020-01-12,2022-06-19,Yes,1,23
E1712,Employee_712,Support,Analyst,Male,49,108278.0,32379.390142775195,2015-08-18,,No,2,1
E1713,Employee_713,IT,Analyst,Male,28,161040.0,31270.03857801327,2019-04-23,,No,3,19
E1714,Employee_714,Finance,Manager,Female,32,194796.0,46175.608332866774,2021-12-02,,No,5,9
E1715,Employee_715,Support,Specialist,Female,23,67228.0,11190.533434421057,2015-12-17,,No,5,12
E1716,Employee_716,IT,Associate,Male,55,141603.0,38647.383411326104,2023-02-12,,No,3,21
E1717,Employee_717,IT,Analyst,Female,31,144589.0,18535.514170483973,2018-08-20,,No,5,2
E1718,Employee_718,sales,Manager,male,42,194005.0,10532.035860114504,2017-07-08,,No,2,16
E1719,Employee_719,Support,Analyst,Male,52,95206.0,24685.00282181127,2018-06-12,2023-01-02,Yes,3,2
E1720,Employee_720,Marketing,Analyst,Female,36,116724.0,31061.226576865734,2020-12-25,2022-06-16,Yes,1,3
E1721,Employee_721,sales,Executive,Female,49,100014.0,23328.356003377532,2020-10-22,,No,5,10
E1722,Employee_722,IT,Associate,Female,45,143711.0,28629.0950198542,2020-04-27,,No,3,13
E1723,Employee_723,Operations,Executive,Female,54,152564.0,31774.224077124923,2017-06-19,,No,3,20
E1724,Employee_724,sales,Analyst,Male,32,60257.0,12797.214894345414,2018-02-10,,No,2,19
E1725,Employee_725,,Executive,Male,58,109768.0,19319.27128061038,2015-10-15,,No,3,28
E1726,Employee_726,Marketing,Manager,Female,38,49610.0,10883.585841192398,2019-10-12,,No,3,20
E1727,Employee_727,Hr,Executive,Male,25,66182.0,14740.120834021638,2022-12-14,,No,1,21
E1728,Employee_728,sales,Analyst,Female,30,30917.0,2753.209621021073,2022-11-26,,No,4,0
E1729,Employee_729,IT,Associate,Male,35,46999.0,10635.158675667726,2019-10-16,,No,2,14
E1730,Employee_730,,Specialist,Male,37,140684.0,40402.48912181048,2016-03-09,2019-11-04,Yes,1,22
E1731,Employee_731,HR,Executive,Female,35,116795.0,19121.45673929025,2016-06-15,,No,3,27
E1732,Employee_732,Support,Associate,Male,46,166285.0,44964.11416927821,2020-02-01,2022-11-01,Yes,1,5
E1733,Employee_733,Operations,Manager,Male,22,53989.0,10570.922083029056,2023-01-02,2026-10-06,Yes,4,7
E1734,Employee_734,IT,Associate,Male,49,119049.0,8469.305924274518,2016-10-01,,No,4,19
E1735,Employee_735,Operations,Executive,Male,36,55517.0,11922.906008577787,2022-01-10,,No,5,26
E1736,Employee_736,Hr,Manager,Male,47,135686.0,16503.472878931403,2019-03-15,2022-10-01,Yes,3,18
E1737,Employee_737,sales,Manager,Female,40,145945.0,32516.97688022966,2022-05-02,,No,1,7
E1738,Employee_738,Marketing,Specialist,Male,35,188302.0,45941.523362670334,2021-08-10,,No,4,27
E1739,Employee_739,Operations,Executive,Female,59,158308.0,46516.55519370117,2017-08-02,2021-02-09,Yes,2,29
E1740,Employee_740,Operations,Executive,Female,49,117954.0,22171.728937356133,2020-05-23,,No,4,25
E1741,Employee_741,sales,Executive,Male,54,186410.0,31182.068802844784,2022-08-07,,No,2,19
E1742,Employee_742,Hr,Analyst,Male,35,180611.0,52967.64338693453,2020-08-02,,No,4,23
E1743,Employee_743,sales,Manager,Female,43,91799.0,9346.813051358205,2015-07-11,,No,5,29
E1744,Employee_744,HR,Manager,Female,30,176480.0,24429.097811941985,2017-11-02,,No,4,4
E1745,Employee_745,Support,Specialist,Male,46,41349.0,11352.76142660058,2018-09-23,2019-09-23,Yes,2,22
E1746,Employee_746,,Executive,Male,31,164445.0,41267.67380388876,2021-11-05,2022-12-01,Yes,2,7
E1747,Employee_747,,Manager,Male,44,184978.0,9394.149629742384,2020-01-26,,No,1,0
E1748,Employee_748,Sales,Specialist,Female,51,55566.0,8275.277175985339,2019-01-02,,No,2,20
E1749,Employee_749,Hr,Associate,Male,54,160956.0,22013.242646047154,2016-06-13,,No,3,11
E1750,Employee_750,IT,Specialist,Female,37,117438.0,11721.661598450897,2020-06-21,2023-04-17,Yes,5,16
E1751,Employee_751,Support,Analyst,Female,52,61379.0,3311.7526184982166,2018-01-10,,No,5,15
E1752,Employee_752,Operations,Manager,Male,29,95982.0,18226.47440232311,2018-05-19,,No,4,6
E1753,Employee_753,Hr,Manager,Female,55,181599.0,27548.78626200801,2019-01-02,2024-04-16,Yes,3,24
E1754,Employee_754,HR,Manager,Female,52,139373.0,38442.48853939647,2023-01-03,,No,1,16
E1755,Employee_755,Finance,Analyst,Male,57,101045.0,19393.751710085853,2017-10-13,,No,4,25
E1756,Employee_756,Support,Executive,Male,34,162702.0,24518.208404664816,2020-08-05,,No,1,12
E1757,Employee_757,,Manager,Male,52,33262.0,6410.231159728665,2015-08-08,2016-04-16,Yes,3,27
E1758,Employee_758,Sales,Manager,Male,23,191004.0,28963.69298362079,2016-12-20,,No,5,5
E1759,Employee_759,Marketing,Analyst,Male,28,169335.0,24179.747498791836,2020-08-15,2024-07-14,Yes,3,9
E1760,Employee_760,Sales,Executive,Female,23,44079.0,3162.8579913921562,2018-04-15,2021-02-04,Yes,5,4
E1761,Employee_761,Marketing,Specialist,Female,45,158126.0,16623.164290006283,2017-02-04,2019-08-17,Yes,2,19
E1762,Employee_762,,Specialist ,Female,59,50862.0,5890.4216346497715,2016-06-08,2021-04-23,Yes,2,17
E1763,Employee_763,HR,Executive,Male,40,48931.0,11624.363523822873,2020-05-27,,No,4,0
E1764,Employee_764,IT,Associate,Male,21,129214.0,12905.419940828606,2018-09-13,,No,2,26
E1765,Employee_765,IT,Manager,Male,43,107485.0,21764.142106424155,2015-11-11,2020-07-04,Yes,3,12
E1766,Employee_766,Marketing,Specialist,Male,59,143892.0,23968.7887816841,2019-02-05,,No,5,15
E1767,Employee_767,Support,Associate,Female,22,79649.0,11904.851344908766,2018-01-22,,No,2,12
E1768,Employee_768,Hr,Manager,Female,41,94093.0,9513.940177570212,2019-05-10,2022-03-23,Yes,3,19
E1769,Employee_769,HR,Associate,Female,35,125432.0,20957.497970512526,2021-12-01,,No,5,22
E1770,Employee_770,,Executive,Male,50,83664.0,22024.17141433465,2022-05-20,,No,1,11
E1771,Employee_771,Support,Executive,Female,55,76922.0,12481.340026680287,2018-07-12,,No,4,0
E1772,Employee_772,Sales,Analyst,Male,34,48074.0,4488.862281191832,2018-09-06,,No,3,7
E1773,Employee_773,Marketing,Executive,Male,31,143502.0,34898.661066194545,2021-09-29,,No,2,28
E1774,Employee_774,Hr,Executive,Female,41,58054.0,16361.869413439223,2015-12-08,,No,2,5
E1775,Employee_775,IT,Executive,Male,57,186140.0,47784.86313486707,2017-04-01,,No,1,16
E1776,Employee_776,Operations,Manager,Male,55,43682.0,5952.58704287727,2017-03-27,,No,5,18
E1777,Employee_777,,Manager,Male,22,121198.0,7317.304016063716,2017-05-20,,No,4,26
E1778,Employee_778,,Manager,female,37,39221.0,8613.911814101386,2017-11-17,2022-09-25,Yes,5,18
E1779,Employee_779,,Executive,female,24,74757.0,8923.456765549598,2020-10-06,,No,5,19
E1780,Employee_780,,Analyst,Female,52,65944.0,9015.962206343262,2022-07-10,,No,3,25
E1781,Employee_781,IT,Associate,Male,55,119959.0,15389.63613207456,2017-03-06,,No,1,9
E1782,Employee_782,IT,Manager,Female,38,193623.0,35868.801074767696,2021-11-12,,No,2,3
E1783,Employee_783,HR,Manager,female,58,153802.0,11241.40848614656,2023-02-07,,No,4,23
E1784,Employee_784,Support,Specialist,Female,34,135982.0,23848.453821084084,2018-06-27,2021-07-20,Yes,2,8
E1785,Employee_785,,Analyst,Female,46,128239.0,15165.563995494653,2015-06-01,2018-10-11,Yes,3,25
E1786,Employee_786,sales,Manager,Female,47,40703.0,10015.035978797363,2018-04-01,,No,4,8
E1787,Employee_787,Support,Analyst,Male,46,109534.0,16495.991801522705,2021-07-26,2023-04-20,Yes,4,11
E1788,Employee_788,,Manager,Male,43,151987.0,19525.69680382236,2021-02-08,,No,1,21
E1789,Employee_789,Marketing,Analyst,Male,45,187249.0,18005.510751459384,2015-05-29,,No,1,19
E1790,Employee_790,Operations,Specialist,Male,42,43780.0,10232.763399737118,2017-06-02,2018-10-08,Yes,5,14
E1791,Employee_791,Operations,Analyst,Female,35,55901.0,11630.736217916074,2017-09-10,,No,1,25
E1792,Employee_792,Operations,Manager,Male,25,154997.0,42717.678230061545,2018-08-19,,No,4,26
E1793,Employee_793,IT,Manager,Female,38,108484.0,27690.02617017,2022-08-05,,No,3,7
E1794,Employee_794,sales,Manager,Male,30,83592.0,23879.291480248645,2021-12-25,,No,3,28
E1795,Employee_795,sales,Executive,Male,25,90652.0,6247.307597778865,2022-02-09,2022-10-22,Yes,3,12
E1796,Employee_796,Finance,Specialist,Male,58,181388.0,19330.303798780355,2019-05-14,2021-12-20,Yes,2,0
E1797,Employee_797,Support,Associate,Male,50,35898.0,6571.953440726328,2017-04-23,,No,2,12
E1798,Employee_798,sales,Manager,Female,28,167150.0,31810.971647555885,2023-01-19,,No,4,25
E1799,Employee_799,sales,Manager ,Male,50,147192.0,8528.984667380826,2022-07-08,,No,5,23
E1800,Employee_800,Hr,Associate,Male,54,162659.0,9241.06492347691,2017-06-15,,No,5,14
E1801,Employee_801,Marketing,Associate ,Female,21,59432.0,11554.052606049432,2022-07-04,2027-01-08,Yes,5,14
E1802,Employee_802,,Manager,Male,37,,,2016-11-08,,No,3,12
E1803,Employee_803,sales,Executive,Female,36,77111.0,6907.293010261007,2019-12-14,,No,1,21
E1804,Employee_804,Sales,Executive,Female,46,,,2016-10-18,2017-10-18,Yes,1,15
E1805,Employee_805,,Associate,Female,34,147509.0,28236.474146086908,2018-06-16,,No,5,14
E1806,Employee_806,,Manager,Female,47,,,2019-11-12,,No,5,23
E1807,Employee_807,Hr,Executive,Female,55,170347.0,13570.002390695247,2017-09-08,,No,2,16
E1808,Employee_808,Support,Specialist,Male,43,102920.0,20627.28208019076,2017-09-12,2022-07-03,Yes,3,17
E1809,Employee_809,,Associate,Male,38,105139.0,20033.942351628277,2016-06-09,,No,5,6
E1810,Employee_810,Sales,Analyst,Female,35,42306.0,10296.985333954965,2022-08-30,,No,4,2
E1811,Employee_811,sales,Specialist,Female,37,179395.0,33666.31423869789,2020-12-09,,No,4,7
E1812,Employee_812,Sales,Analyst,Male,44,92780.0,14802.508943076109,2021-08-07,,No,2,0
E1813,Employee_813,Hr,Specialist,Male,55,198735.0,47200.97412176959,2022-11-13,,No,5,15
E1814,Employee_814,Finance,Specialist,Female,35,99443.0,18802.881506416434,2019-10-10,2022-04-28,Yes,4,12
E1815,Employee_815,sales,Executive,female,46,144527.0,38998.089520340705,2018-08-03,,No,3,21
E1816,Employee_816,Operations,Analyst,Male,28,89550.0,25927.366924683825,2019-04-30,2022-07-04,Yes,4,18
E1817,Employee_817,Marketing,Executive,Male,59,194841.0,25163.07022184037,2022-10-16,,No,2,5
E1818,Employee_818,Hr,Manager,Male,38,,,2018-05-05,,No,5,28
E1819,Employee_819,Finance,Analyst,Male,59,67034.0,18327.00487702453,2022-06-03,,No,5,29
E1820,Employee_820,Finance,Analyst,Female,26,,,2021-12-16,,No,4,3
E1821,Employee_821,HR,Analyst,Male,49,123078.0,21553.336770560985,2019-06-30,,No,2,14
E1822,Employee_822,Finance,Analyst,Male,52,165624.0,21053.637663353576,2018-05-20,2021-09-30,Yes,3,2
E1823,Employee_823,Operations,Analyst ,Female,31,100442.0,29589.0778803912,2018-11-12,,No,4,16
E1824,Employee_824,,Executive,Female,39,89807.0,19557.565789605065,2021-11-06,,No,3,21
E1825,Employee_825,sales,Executive,Female,21,50435.0,7341.4730821207795,2022-09-07,,No,3,12
E1826,Employee_826,sales,Manager ,Male,23,43704.0,8779.355739831248,2016-08-21,,No,1,17
E1827,Employee_827,Hr,Manager,Male,29,162886.0,10819.381521633659,2015-05-05,,No,5,14
E1828,Employee_828,HR,Executive,Female,43,107853.0,26323.96421788188,2020-07-10,,No,5,23
E1829,Employee_829,HR,Analyst,Female,45,162681.0,44654.49667846128,2017-10-13,,No,2,29
E1830,Employee_830,Marketing,Associate,Female,45,187005.0,16812.91367308061,2020-09-26,,No,2,9
E1831,Employee_831,Support,Associate,female,55,68346.0,3822.3825326470637,2021-09-18,,No,5,6
E1832,Employee_832,,Executive,female,37,158447.0,19009.3877676224,2021-04-24,2024-03-02,Yes,1,9
E1833,Employee_833,Marketing,Executive,Female,38,134501.0,13910.703434837686,2017-02-22,2018-05-08,Yes,3,17
E1834,Employee_834,Finance,Analyst,Female,55,145700.0,33917.406271770364,2022-05-27,,No,1,11
E1835,Employee_835,,Executive,Male,32,193515.0,28915.22486475314,2019-11-17,,No,2,25
E1836,Employee_836,Finance,Manager,Female,47,147018.0,28156.580329379085,2020-10-20,2024-11-14,Yes,4,11
E1837,Employee_837,sales,Manager,Female,33,146477.0,13305.115550535209,2017-12-22,,No,5,16
E1838,Employee_838,Support,Associate,Female,56,55095.0,15569.825239807247,2016-12-20,,No,4,27
E1839,Employee_839,Finance,Manager,Male,49,124283.0,15141.606576968967,2021-09-13,2024-11-25,Yes,5,19
E1840,Employee_840,Sales,Manager,Female,57,99518.0,14792.661918977163,2018-12-30,,No,3,12
E1841,Employee_841,Finance,Analyst,Female,41,83311.0,10338.728621196686,2015-10-12,,No,4,24
E1842,Employee_842,Hr,Associate,Male,26,34926.0,4899.023973046766,2023-02-13,,No,2,4
E1843,Employee_843,Operations,Associate,Male,56,46428.0,6239.1393315134865,2020-09-12,2023-01-12,Yes,3,29
E1844,Employee_844,Marketing,Executive,Female,49,158867.0,43135.810462219226,2018-10-22,,No,4,8
E1845,Employee_845,sales,Specialist,Male,59,,,2022-03-14,,No,4,14
E1846,Employee_846,Hr,Manager,Female,35,93928.0,8009.888522809367,2018-08-04,,No,4,17
E1847,Employee_847,Finance,Associate,Female,38,58164.0,5181.205071077546,2022-05-09,2027-04-23,Yes,5,21
E1848,Employee_848,Operations,Analyst,Male,24,90380.0,26882.546160983915,2022-03-21,,No,2,8
E1849,Employee_849,Hr,Executive,Male,51,105910.0,8400.785113386284,2016-05-04,2018-03-12,Yes,3,24
E1850,Employee_850,Operations,Executive,Male,41,84460.0,17692.298081185785,2019-06-19,,No,5,1
E1851,Employee_851,Support,Analyst,Female,30,130667.0,28268.668922118242,2020-03-02,,No,5,10
E1852,Employee_852,HR,Executive,Female,44,163248.0,13434.267459261822,2015-12-07,,No,4,6
E1853,Employee_853,Operations,Specialist,Female,46,120417.0,13654.809654087947,2018-10-03,,No,1,14
E1854,Employee_854,Support,Executive,Male,48,182756.0,44106.486731310026,2018-11-10,,No,2,23
E1855,Employee_855,Support,Specialist,Female,24,171842.0,14003.198214055421,2017-03-28,2021-01-20,Yes,3,12
E1856,Employee_856,Support,Executive,Male,23,163609.0,44566.13523710838,2021-02-07,,No,2,16
E1857,Employee_857,Hr,Analyst ,Female,36,175281.0,33976.43280631038,2020-09-08,,No,4,5
E1858,Employee_858,Hr,Analyst,Female,48,144456.0,7886.797137662785,2017-02-16,,No,4,9
E1859,Employee_859,sales,Specialist,Male,53,137340.0,29567.265193849296,2018-10-29,2020-11-20,Yes,5,21
E1860,Employee_860,IT,Associate,Female,36,116483.0,26248.957312962346,2018-07-30,,No,1,15
E1861,Employee_861,IT,Specialist,Male,54,84745.0,16824.888039824,2020-08-21,,No,1,11
E1862,Employee_862,Support,Analyst,Female,46,75256.0,15478.885159057367,2021-12-27,,No,2,15
E1863,Employee_863,,Specialist,Female,40,148843.0,36371.851025456956,2018-12-29,2024-01-31,Yes,4,23
E1864,Employee_864,Support,Manager,Female,47,56270.0,14145.235789231183,2016-06-10,,No,4,4
E1865,Employee_865,Sales,Associate,Male,48,,,2020-12-12,,No,5,9
E1866,Employee_866,Sales,Associate,Male,34,191636.0,38370.893279121156,2016-11-04,2020-07-17,Yes,2,11
E1867,Employee_867,Marketing,Manager,Male,42,167207.0,43958.482836975134,2019-09-05,,No,4,21
E1868,Employee_868,Finance,Analyst,Female,34,106623.0,31838.034768232443,2016-03-15,2018-09-29,Yes,1,12
E1869,Employee_869,Operations,Specialist,Female,56,37697.0,7362.180972002226,2016-10-24,,No,5,26
E1870,Employee_870,HR,Executive,Female,36,166132.0,35794.575823539686,2019-11-14,2024-06-25,Yes,4,15
E1871,Employee_871,Operations,Analyst,Male,37,102684.0,26627.57865625266,2021-06-22,,No,4,16
E1872,Employee_872,sales,Manager,Female,54,136244.0,10335.269386262924,2016-01-07,,No,3,13
E1873,Employee_873,Marketing,Specialist,Male,35,140634.0,7032.780028525378,2018-10-10,,No,1,27
E1874,Employee_874,sales,Analyst,Female,39,133533.0,7107.209458351175,2017-03-10,,No,5,26
E1875,Employee_875,Support,Executive,Male,40,73298.0,20134.73868549203,2015-11-22,2020-08-21,Yes,1,21
E1876,Employee_876,sales,Specialist,Female,22,109788.0,32629.9688300384,2022-08-10,,No,1,7
E1877,Employee_877,Operations,Analyst,male,21,193539.0,16354.794835593448,2016-08-30,2021-08-14,Yes,3,28
E1878,Employee_878,Marketing,Specialist,Male,46,98111.0,29324.615099010465,2019-05-01,,No,3,0
E1879,Employee_879,Marketing,Specialist,Female,21,124913.0,27246.874925588385,2015-01-08,2015-08-24,Yes,3,0
E1880,Employee_880,sales,Executive,Female,23,158674.0,34377.39983153738,2021-03-09,,No,5,19
E1881,Employee_881,,Analyst,Male,29,109526.0,29376.500251600246,2022-06-25,,No,3,12
E1882,Employee_882,Sales,Specialist,Male,33,178955.0,28768.524229412174,2020-05-26,2023-05-07,Yes,3,18
E1883,Employee_883,Marketing,Executive,Female,28,32035.0,6014.979322200789,2017-05-07,,No,3,25
E1884,Employee_884,Support,Specialist,Female,43,86396.0,16012.946117179757,2017-11-09,,No,3,15
E1885,Employee_885,Marketing,Associate,Male,59,69346.0,13619.340881457549,2021-10-22,,No,3,25
E1886,Employee_886,Hr,Analyst,Female,47,90197.0,16307.911979802,2019-01-11,,No,4,5
E1887,Employee_887,Hr,Specialist,Male,48,173687.0,34004.884591187336,2020-05-20,2021-12-16,Yes,3,6
E1888,Employee_888,Operations,Manager,Male,24,103369.0,25078.539698799315,2022-05-23,2027-04-13,Yes,5,4
E1889,Employee_889,Finance,Analyst,Female,44,182271.0,11705.507313582355,2016-08-23,,No,5,21
E1890,Employee_890,Finance,Manager,Female,24,39290.0,11105.735723967126,2020-08-16,2022-03-04,Yes,2,10
E1891,Employee_891,HR,Analyst,Male,48,191205.0,35873.48903524194,2021-10-12,,No,2,27
E1892,Employee_892,Hr,Associate,Female,46,178376.0,11685.267437261884,2019-01-30,,No,1,3
E1893,Employee_893,Sales,Analyst,Male,34,66386.0,14241.49346197457,2015-09-30,,No,3,15
E1894,Employee_894,IT,Analyst,Female,50,65315.0,9808.748164198296,2020-10-27,,No,1,18
E1895,Employee_895,Operations,Executive,Male,58,57241.0,11648.249514136332,2022-03-08,,No,4,25
E1896,Employee_896,Sales,Associate,Male,58,41350.0,6357.153507973698,2020-02-16,,No,2,16
E1897,Employee_897,Finance,Specialist,Female,30,113384.0,22728.01368041765,2016-01-16,,No,2,5
E1898,Employee_898,Marketing,Analyst,Male,47,75875.0,9434.326547007584,2019-11-07,2022-12-29,Yes,4,1
E1899,Employee_899,Sales,Manager,Male,24,178099.0,18203.095195162747,2016-12-30,,No,4,0
E1900,Employee_900,Marketing,Specialist,Female,27,93965.0,13240.734037716522,2021-02-14,,No,3,7
E1901,Employee_901,,Executive,Female,44,173314.0,21467.881972190542,2017-01-25,2022-02-26,Yes,3,26
E1902,Employee_902,Sales,Specialist,Male,52,78785.0,7328.699516695044,2018-12-07,,No,3,14
E1903,Employee_903,HR,Executive,Male,51,192051.0,39101.58395679829,2015-10-31,,No,2,15
E1904,Employee_904,Support,Specialist,male,59,66483.0,6661.114178687066,2018-07-25,,No,3,1
E1905,Employee_905,Marketing,Analyst,Male,32,125761.0,15939.335295722083,2015-09-12,,No,5,0
E1906,Employee_906,Hr,Manager,Female,46,35209.0,3319.799599786356,2016-08-04,,No,4,7
E1907,Employee_907,Hr,Manager,Female,44,147333.0,24660.548380342065,2022-04-08,2027-09-18,Yes,5,29
E1908,Employee_908,sales,Manager,Male,53,167161.0,42194.57218431058,2017-05-11,,No,3,6
E1909,Employee_909,Hr,Associate,Female,29,178725.0,12784.741638539068,2019-11-18,,No,5,0
E1910,Employee_910,IT,Specialist,Female,35,141361.0,29825.636506823528,2015-06-21,,No,2,2
E1911,Employee_911,IT,Manager,Male,27,187419.0,44611.75218493914,2018-04-24,,No,1,11
E1912,Employee_912,Operations,Executive,Male,51,71850.0,14154.458324354702,2017-05-30,,No,2,28
E1913,Employee_913,Sales,Specialist,Female,44,178929.0,45892.26050913647,2020-12-21,,No,2,24
E1914,Employee_914,Sales,Associate,Male,41,105318.0,11779.811640172715,2020-03-01,2025-05-16,Yes,4,27
E1915,Employee_915,HR,Specialist,Female,29,137449.0,13223.91323985516,2021-09-29,,No,5,22
E1916,Employee_916,sales,Associate,Female,25,117593.0,14210.057738278316,2018-09-15,2022-09-28,Yes,2,14
E1917,Employee_917,Support,Associate,Male,27,30924.0,1641.6086270927515,2018-11-11,,No,3,9
E1918,Employee_918,Marketing,Specialist,Male,48,120140.0,17621.746458315876,2018-11-20,,No,5,28
E1919,Employee_919,Marketing,Associate,Female,39,115058.0,16763.493256043257,2020-12-09,2022-06-01,Yes,4,18
E1920,Employee_920,sales,Executive ,Male,41,59831.0,11575.291913007586,2018-09-18,,No,3,15
E1921,Employee_921,IT,Specialist,Female,29,83051.0,9511.497355176516,2017-10-13,2019-03-23,Yes,2,8
E1922,Employee_922,Operations,Executive,Male,42,74439.0,13490.20752797117,2018-12-22,,No,1,9
E1923,Employee_923,Hr,Associate,Male,36,39837.0,6516.122123229039,2015-11-02,2016-05-31,Yes,1,16
E1924,Employee_924,sales,Manager,Male,46,60063.0,13222.241217734541,2016-02-24,,No,1,22
E1925,Employee_925,Sales,Executive,Male,26,143604.0,41249.5549276544,2019-04-03,2023-02-14,Yes,5,10
E1926,Employee_926,Support,Specialist,Male,34,80971.0,5602.344257298251,2018-09-04,,No,1,27
E1927,Employee_927,Support,Executive,Male,47,116126.0,17816.01256896059,2016-04-12,2018-10-30,Yes,1,3
E1928,Employee_928,sales,Associate,Female,54,155849.0,31144.853447024114,2020-06-22,,No,5,12
E1929,Employee_929,IT,Executive,Female,25,75203.0,7126.079057629857,2016-01-02,,No,2,1
E1930,Employee_930,Sales,Executive,Male,30,99806.0,28006.419028645792,2016-05-09,,No,5,17
E1931,Employee_931,IT,Specialist,Male,31,51650.0,15398.345032841456,2018-08-25,,No,2,13
E1932,Employee_932,HR,Analyst,Female,34,110428.0,11723.516776696251,2021-03-30,,No,1,18
E1933,Employee_933,IT,Analyst,Female,42,86759.0,21671.486603769947,2020-02-17,,No,4,22
E1934,Employee_934,sales,Associate,Female,48,150667.0,35088.91746697934,2018-08-05,,No,3,27
E1935,Employee_935,,Executive,Male,57,175817.0,47916.20053571902,2015-05-07,,No,3,7
E1936,Employee_936,Sales,Specialist,Female,36,156796.0,32088.704722193317,2017-10-16,,No,4,15
E1937,Employee_937,Operations,Analyst,Female,55,50923.0,15201.55502487916,2022-11-27,2024-02-05,Yes,5,25
E1938,Employee_938,Operations,Specialist,Female,41,101576.0,15467.108264434048,2019-07-28,,No,3,22
E1939,Employee_939,,Associate,Male,43,162447.0,22653.691005204775,2016-05-05,2021-06-29,Yes,1,20
E1940,Employee_940,Operations,Analyst,Male,59,51398.0,6617.627512053414,2023-03-07,,No,2,23
E1941,Employee_941,,Specialist,Male,27,31073.0,1890.133871457809,2021-07-22,2023-11-14,Yes,3,8
E1942,Employee_942,Sales,Executive,Male,51,98116.0,22935.232792050178,2020-11-29,2025-11-15,Yes,1,22
E1943,Employee_943,Hr,Manager,Male,40,173093.0,26790.446266409264,2015-01-28,,No,1,1
E1944,Employee_944,Operations,Analyst,Female,45,91497.0,4722.717336171287,2020-12-21,,No,3,24
E1945,Employee_945,Hr,Executive ,Male,58,30901.0,1730.0408857808027,2019-08-05,,No,2,7
E1946,Employee_946,Operations,Analyst,Male,23,166694.0,32249.06289471228,2018-06-02,,No,3,17
E1947,Employee_947,Finance,Manager,Male,44,93212.0,10570.53839934378,2020-08-10,,No,4,24
E1948,Employee_948,Sales,Associate,Female,54,173704.0,22411.189498577587,2015-08-09,,No,3,22
E1949,Employee_949,Finance,Executive,Male,39,86344.0,20503.67647678857,2019-03-03,,No,1,0
E1950,Employee_950,sales,Executive,Male,39,67344.0,7892.676646648417,2022-12-29,,No,2,1
E1951,Employee_951,Hr,Specialist,Male,45,111788.0,22191.30041419567,2020-08-30,2025-09-30,Yes,1,15
E1952,Employee_952,HR,Executive,Female,59,96537.0,23474.684795232202,2020-08-02,,No,4,17
E1953,Employee_953,Marketing,Analyst,Male,44,132780.0,33588.89598652456,2020-08-24,2022-08-09,Yes,1,12
E1954,Employee_954,Support,Analyst,Female,29,101833.0,28837.90751083222,2015-09-29,,No,3,24
E1955,Employee_955,Marketing,Manager,Female,25,126502.0,27279.141682447946,2020-10-27,,No,2,14
E1956,Employee_956,Marketing,Manager,Male,22,197516.0,55884.209375365856,2017-07-26,,No,5,9
E1957,Employee_957,Sales,Executive,Male,51,30066.0,1873.2690041456347,2022-09-16,2024-09-05,Yes,5,10
E1958,Employee_958,Marketing,Specialist,Male,55,139028.0,11752.220813675574,2018-04-02,,No,5,11
E1959,Employee_959,Marketing,Specialist,Male,57,54648.0,13115.59575527219,2019-11-17,2021-12-27,Yes,5,22
E1960,Employee_960,Operations,Executive,Female,49,161250.0,43790.99372587112,2017-01-04,,No,1,17
E1961,Employee_961,Sales,Executive,Female,40,32795.0,2086.3035058488595,2016-05-07,2020-01-20,Yes,1,12
E1962,Employee_962,Finance,Analyst,Male,59,30731.0,3125.4801684706003,2019-05-25,,No,3,25
E1963,Employee_963,,Executive,Female,55,190337.0,19346.852721151274,2022-12-09,,No,5,18
E1964,Employee_964,Sales,Executive,Male,42,161965.0,16141.09233478441,2015-05-24,,No,1,3
E1965,Employee_965,HR,Associate,Male,35,31515.0,8642.951636079853,2021-02-08,2022-05-23,Yes,1,18
E1966,Employee_966,,Specialist,Female,58,150419.0,21685.773373239826,2021-11-19,,No,1,24
E1967,Employee_967,Support,Analyst,Female,36,152990.0,17877.46586336194,2019-09-11,2024-08-22,Yes,2,27
E1968,Employee_968,Support,Executive,Male,36,31577.0,5888.506852824573,2021-01-29,,No,5,6
E1969,Employee_969,,Specialist,Male,47,40785.0,4829.94789910309,2016-06-01,2019-06-19,Yes,5,29
E1970,Employee_970,IT,Specialist,Male,45,31462.0,5510.406621252203,2021-07-06,2026-05-02,Yes,3,29
E1971,Employee_971,Operations,Associate,Male,54,137803.0,34533.29504959556,2018-04-04,,No,5,13
E1972,Employee_972,Operations,Analyst,Female,46,145375.0,19219.397017435393,2018-04-22,,No,3,7
E1973,Employee_973,HR,Analyst,Male,40,82335.0,10557.80774673828,2017-12-18,2022-03-17,Yes,1,12
E1974,Employee_974,,Specialist,Male,21,32716.0,7704.435849694891,2018-08-28,,No,4,2
E1975,Employee_975,Sales,Analyst,Male,23,181285.0,22984.474704143,2019-03-23,,No,3,0
E1976,Employee_976,Marketing,Associate,Male,47,30463.0,7989.668245500287,2015-06-21,,No,1,26
E1977,Employee_977,IT,Executive,Male,31,68185.0,12766.10080834457,2016-11-20,,No,4,4
E1978,Employee_978,,Executive,Female,37,123922.0,30765.589150437103,2019-05-03,,No,3,19
E1979,Employee_979,Sales,Specialist,Male,55,64159.0,14388.043366667462,2016-02-19,,No,1,27
E1980,Employee_980,Hr,Specialist,Male,44,140195.0,10955.905113765104,2017-12-09,,No,2,14
E1981,Employee_981,sales,Executive,Female,35,45386.0,9975.418081437918,2022-10-22,2024-01-11,Yes,3,29
E1982,Employee_982,Finance,Executive,Male,33,136337.0,33249.36640969456,2015-12-18,2021-03-25,Yes,4,16
E1983,Employee_983,Support,Manager,Female,33,71984.0,4609.891530220023,2015-03-20,,No,4,13
E1984,Employee_984,Marketing,Specialist,Male,49,184721.0,16969.38286677684,2020-06-13,2025-02-07,Yes,5,24
E1985,Employee_985,Sales,Manager,Female,58,113981.0,33702.45890312668,2021-06-15,,No,2,16
E1986,Employee_986,Operations,Executive,Male,57,177032.0,35201.324810402875,2015-12-06,2018-02-09,Yes,5,20
E1987,Employee_987,Finance,Specialist,Female,42,175698.0,48099.813802390665,2021-06-11,2023-09-22,Yes,1,10
E1988,Employee_988,sales,Specialist,Male,37,92287.0,10535.650202395806,2015-05-10,,No,4,20
E1989,Employee_989,IT,Specialist,Female,59,137357.0,27335.763937644213,2017-09-25,2019-03-03,Yes,5,19
E1990,Employee_990,Support,Manager,Male,36,77922.0,4962.320497252188,2019-02-20,,No,1,4
E1991,Employee_991,Finance,Executive,Female,22,130963.0,23343.478647648873,2022-06-14,,No,5,5
E1992,Employee_992,Operations,Specialist ,Male,53,159553.0,36808.262845741396,2017-06-13,2018-04-05,Yes,1,23
E1993,Employee_993,HR,Executive,Male,24,41523.0,4590.104501594505,2019-09-03,2020-05-18,Yes,1,27
E1994,Employee_994,Marketing,Specialist,Male,56,58229.0,4484.054541444292,2017-03-12,,No,2,9
E1995,Employee_995,IT,Specialist,Male,44,104807.0,21607.639288188377,2017-11-07,,No,5,16
E1996,Employee_996,IT,Analyst,Male,57,67052.0,11883.191296581403,2018-01-07,2020-05-13,Yes,3,29
E1997,Employee_997,Marketing,Manager,Female,54,197619.0,58734.36973297215,2021-04-14,,No,2,9
E1998,Employee_998,HR,Associate,Female,27,,,2016-04-14,2021-01-07,Yes,1,3
E1999,Employee_999,sales,Manager,Female,49,82116.0,15081.85408981743,2022-01-12,2027-06-21,Yes,4,9
E2000,Employee_1000,Sales,Associate,Male,26,122691.0,31516.97738372194,2017-04-19,,No,1,21
E2001,Employee_1001,Marketing,Specialist,Male,44,74462.0,7165.483797499625,2017-09-08,,No,1,22
E2002,Employee_1002,HR,Analyst,male,55,,,2017-09-15,,No,3,19
E2003,Employee_1003,HR,Associate,Female,49,,,2022-02-14,,No,2,0
E2004,Employee_1004,IT,Analyst,Female,51,152013.0,9889.46964378223,2015-05-02,2016-08-16,Yes,1,14
E2005,Employee_1005,Operations,Specialist,Female,42,189682.0,39591.69123037256,2022-03-01,2026-10-31,Yes,3,17
E2006,Employee_1006,,Specialist,Female,21,125027.0,33277.572484729375,2022-07-20,,No,5,0
E2007,Employee_1007,IT,Associate,Male,21,85514.0,20050.47645568496,2019-04-01,,No,4,26
E2008,Employee_1008,Marketing,Analyst,Female,46,32895.0,2595.0732002273453,2016-08-08,,No,3,16
E2009,Employee_1009,Operations,Manager,Male,43,115382.0,11515.691447813391,2020-11-25,,No,2,13
E2010,Employee_1010,sales,Manager,Female,24,117245.0,21823.847259784354,2015-11-23,2018-02-07,Yes,3,1
E2011,Employee_1011,Sales,Analyst,Female,30,54700.0,8850.474115559791,2022-05-23,,No,1,19
E2012,Employee_1012,,Executive,Female,21,79589.0,6331.750888608753,2018-05-06,2019-06-20,Yes,2,5
E2013,Employee_1013,HR,Associate,Male,53,100934.0,29039.18265500127,2021-11-13,,No,4,26
E2014,Employee_1014,Finance,Analyst,Female,46,151952.0,9234.886938728934,2022-04-22,,No,3,24
E2015,Employee_1015,Marketing,Executive,Male,25,136300.0,23978.18936285974,2020-03-28,,No,1,15
E2016,Employee_1016,sales,Executive,Male,43,38997.0,5670.324653939735,2018-09-19,,No,5,25
E2017,Employee_1017,Operations,Executive,Female,55,143218.0,14035.939906074645,2016-06-29,2021-07-05,Yes,1,8
E2018,Employee_1018,IT,Executive,Male,43,106290.0,27261.815073101447,2021-05-23,,No,2,10
E2019,Employee_1019,Hr,Executive,Male,27,79768.0,10664.763073383923,2021-05-06,,No,4,5
E2020,Employee_1020,sales,Manager,Female,59,147769.0,12874.624654176268,2015-08-14,,No,4,20
E2021,Employee_1021,Marketing,Associate,Female,37,172432.0,17100.434809761176,2018-04-29,2023-07-17,Yes,3,11
E2022,Employee_1022,Hr,Manager,Male,36,180056.0,32683.878484040975,2016-07-27,,No,3,27
E2023,Employee_1023,Operations,Executive,Female,37,182049.0,30607.690962465666,2016-09-30,,No,4,17
E2024,Employee_1024,,Analyst,Male,27,122172.0,16582.70068965412,2021-10-27,,No,2,0
E2025,Employee_1025,Hr,Executive,female,31,97657.0,22590.190199203204,2021-02-01,2022-10-20,Yes,5,5
E2026,Employee_1026,HR,Analyst,Female,44,62167.0,6326.379425668251,2016-08-31,,No,1,23
E2027,Employee_1027,HR,Associate,Female,57,49585.0,7403.92649519855,2020-08-05,,No,1,3
E2028,Employee_1028,Operations,Manager,Female,37,191040.0,17274.531864365614,2021-08-12,2025-03-21,Yes,2,10
E2029,Employee_1029,Finance,Analyst,Female,41,108518.0,13086.400459667742,2016-08-08,,No,5,16
E2030,Employee_1030,Support,Executive,Male,38,161567.0,20254.970531895015,2016-07-10,,No,2,16
E2031,Employee_1031,IT,Associate,Male,29,196925.0,47253.31848400259,2017-01-04,,No,4,17
E2032,Employee_1032,,Associate,Female,40,103591.0,20173.44912369067,2021-05-01,,No,5,14
E2033,Employee_1033,,Executive,Female,47,70718.0,7364.9117122968055,2021-04-13,,No,3,25
E2034,Employee_1034,,Specialist,Female,46,43016.0,9586.288282496436,2015-04-02,,No,1,17
E2035,Employee_1035,sales,Associate,female,52,179172.0,17484.364125432465,2020-07-09,2023-04-14,Yes,3,16
E2036,Employee_1036,Support,Executive,Male,53,77691.0,19652.068938849676,2022-11-18,,No,3,10
E2037,Employee_1037,Marketing,Specialist,Male,46,180882.0,53621.033130392,2022-12-25,2028-01-21,Yes,4,15
E2038,Employee_1038,Hr,Manager,Female,44,63980.0,15112.47708310096,2018-02-26,2020-03-27,Yes,1,9
E2039,Employee_1039,HR,Analyst,Male,36,95679.0,15556.21864028012,2016-05-01,2019-03-26,Yes,4,15
E2040,Employee_1040,Operations,Executive ,Female,27,72317.0,13481.623844162898,2015-03-31,,No,1,25
E2041,Employee_1041,Hr,Executive,Female,40,150382.0,11508.944449326722,2015-03-09,,No,5,25
E2042,Employee_1042,,Associate,Male,31,41549.0,5190.1835362325255,2016-12-30,,No,4,0
E2043,Employee_1043,Finance,Associate,Male,33,50045.0,5657.24791356595,2022-04-11,,No,4,25
E2044,Employee_1044,HR,Manager,Female,41,149779.0,9502.802203130872,2022-08-25,,No,1,22
E2045,Employee_1045,Sales,Associate,Male,35,36447.0,6839.830439448764,2022-03-28,,No,4,26
E2046,Employee_1046,HR,Associate,Male,23,168561.0,44481.18822936853,2015-03-19,,No,3,1
E2047,Employee_1047,HR,Specialist,Female,26,31996.0,8778.081149254369,2015-10-05,,No,2,11
E2048,Employee_1048,Sales,Specialist,Female,50,111268.0,16513.159267557607,2017-12-30,,No,3,5
E2049,Employee_1049,Marketing,Manager ,Female,40,119242.0,31342.931047518785,2021-08-01,,No,3,4
E2050,Employee_1050,Hr,Executive,Male,31,79294.0,12495.674484480314,2016-01-13,2018-03-03,Yes,5,4
E2051,Employee_1051,Hr,Manager,Male,29,66110.0,5628.392657946336,2020-06-12,,No,1,25
E2052,Employee_1052,Sales,Manager,Male,41,159863.0,20864.820594748737,2016-02-26,,No,2,23
E2053,Employee_1053,Sales,Manager,Female,55,54054.0,12422.220017981503,2020-01-04,,No,4,22
E2054,Employee_1054,Operations,Manager,Female,54,164312.0,41966.992403379925,2020-04-20,2025-06-13,Yes,3,29
E2055,Employee_1055,IT,Manager,female,51,30882.0,5267.496417629556,2017-05-20,2019-05-05,Yes,2,12
E2056,Employee_1056,Marketing,Manager,Female,54,191897.0,43741.86307748206,2022-12-07,2024-01-07,Yes,3,1
E2057,Employee_1057,Operations,Specialist,Male,32,51584.0,11878.9228804736,2017-02-12,,No,5,18
E2058,Employee_1058,Support,Specialist,Male,31,148206.0,8327.875861512766,2022-05-23,2025-03-28,Yes,2,7
E2059,Employee_1059,Operations,Specialist,Female,31,106411.0,19135.695734190034,2019-03-26,,No,5,19
E2060,Employee_1060,,Specialist,Female,28,53331.0,3799.3843015237835,2016-04-04,,No,5,13
E2061,Employee_1061,Sales,Analyst,Male,41,39045.0,7400.698468750566,2018-08-22,,No,4,23
E2062,Employee_1062,Support,Executive,Female,43,192696.0,25430.283527835585,2018-12-16,,No,5,11
E2063,Employee_1063,Hr,Manager,Female,42,114523.0,30125.629919397332,2019-01-09,,No,2,5
E2064,Employee_1064,Operations,Analyst,Male,37,38433.0,2527.9917710544473,2019-05-06,,No,2,23
E2065,Employee_1065,Support,Manager,Male,28,51751.0,4911.167072326602,2020-10-05,,No,1,26
E2066,Employee_1066,Sales,Specialist,Female,38,54503.0,12946.55036592643,2017-01-25,,No,4,15
E2067,Employee_1067,HR,Analyst,Female,47,152989.0,39317.27279368649,2020-05-15,2022-05-28,Yes,2,25
E2068,Employee_1068,sales,Executive,Female,45,67706.0,16789.998322096155,2020-10-05,,No,4,7
E2069,Employee_1069,Marketing,Analyst,Male,43,117838.0,7222.036619903915,2018-06-09,,No,1,20
E2070,Employee_1070,Operations,Associate,Female,22,108353.0,8141.718427359362,2021-03-26,,No,2,19
E2071,Employee_1071,Marketing,Analyst,Female,55,116450.0,22638.260810048556,2019-11-17,,No,2,13
E2072,Employee_1072,Operations,Specialist,Male,44,,,2019-04-15,,No,4,20
E2073,Employee_1073,Operations,Analyst,Male,30,54918.0,13270.879022924111,2015-05-19,2016-06-15,Yes,2,25
E2074,Employee_1074,Sales,Manager ,Male,56,141776.0,28383.276941193457,2019-06-13,,No,4,9
E2075,Employee_1075,Sales,Executive,Female,39,124948.0,15307.505308195767,2017-08-11,,No,3,21
E2076,Employee_1076,,Specialist,Male,36,116807.0,18079.859782013278,2017-10-13,,No,2,24
E2077,Employee_1077,Finance,Specialist,Male,25,117453.0,7748.367581015458,2018-09-24,,No,5,2
E2078,Employee_1078,Support,Manager,Female,46,90282.0,6824.576282585326,2023-01-24,,No,3,11
E2079,Employee_1079,,Executive ,Male,48,171900.0,45582.19964137734,2018-07-05,,No,5,6
E2080,Employee_1080,HR,Manager,Male,46,174587.0,14233.87394688895,2017-07-24,2018-10-20,Yes,4,8
E2081,Employee_1081,Finance,Manager,Male,52,,,2018-11-21,,No,5,10
E2082,Employee_1082,HR,Executive,Male,30,163964.0,19329.324708180317,2021-08-10,2025-06-11,Yes,2,23
E2083,Employee_1083,Marketing,Associate,Male,27,,,2023-02-19,,No,3,14
E2084,Employee_1084,Marketing,Specialist,Female,56,90101.0,15185.57627041274,2020-08-20,2025-09-06,Yes,2,28
E2085,Employee_1085,Support,Specialist,Male,57,148422.0,19523.810364555913,2021-12-18,,No,5,12
E2086,Employee_1086,sales,Manager,Female,47,81660.0,6744.159149833266,2017-09-16,,No,5,3
E2087,Employee_1087,Support,Associate,Male,36,192462.0,10633.966092977242,2021-06-05,,No,4,25
E2088,Employee_1088,Finance,Manager,Female,57,187403.0,33046.891291245185,2023-03-17,2025-10-27,Yes,4,23
E2089,Employee_1089,HR,Executive,Male,55,153076.0,45041.29448471972,2020-02-12,2022-05-06,Yes,2,12
E2090,Employee_1090,Sales,Analyst,Female,34,72025.0,11319.526052498626,2018-04-19,2020-05-02,Yes,1,7
E2091,Employee_1091,Operations,Executive,male,57,120879.0,36188.698544505445,2019-09-03,,No,1,14
E2092,Employee_1092,Operations,Manager,Male,58,48830.0,3220.272045465796,2015-07-01,,No,3,9
E2093,Employee_1093,Hr,Specialist,Female,32,137509.0,40666.46061517184,2017-04-27,,No,4,24
E2094,Employee_1094,Operations,Manager,Female,43,49403.0,5422.1587640254,2015-04-11,2018-06-16,Yes,1,28
E2095,Employee_1095,sales,Executive,Male,38,135386.0,38845.160192006144,2019-07-15,,No,2,8
E2096,Employee_1096,IT,Manager,Male,34,104499.0,18005.88972352795,2016-03-04,,No,2,14
E2097,Employee_1097,HR,Associate,Female,48,41332.0,5055.357247835631,2022-12-21,,No,2,16
E2098,Employee_1098,HR,Specialist,Female,47,,,2018-04-08,2023-09-10,Yes,2,16
E2099,Employee_1099,Marketing,Manager,Female,58,55494.0,8592.339688796996,2016-03-08,2016-11-21,Yes,1,3
E2100,Employee_1100,IT,Specialist,Male,27,48646.0,2521.724051348664,2016-04-16,,No,3,10
E2101,Employee_1101,IT,Manager,female,54,132326.0,36718.154527160725,2021-08-24,,No,2,15
E2102,Employee_1102,Finance,Analyst,Female,33,119626.0,19645.223117410573,2017-08-17,,No,4,29
E2103,Employee_1103,HR,Executive,Male,56,161778.0,36285.44057164608,2022-12-11,,No,2,24
E2104,Employee_1104,Finance,Executive,Male,32,178790.0,10299.01383241415,2022-07-18,,No,4,25
E2105,Employee_1105,Hr,Specialist,Male,43,33317.0,6310.978531056433,2015-07-26,2016-07-10,Yes,4,15
E2106,Employee_1106,Marketing,Specialist,Female,57,135364.0,16611.763624050982,2020-09-15,2022-03-01,Yes,3,29
E2107,Employee_1107,Hr,Manager,Female,38,85501.0,7033.980170959324,2017-05-17,,No,4,19
E2108,Employee_1108,IT,Specialist,Female,39,63132.0,6335.395778314339,2021-10-11,,No,5,3
E2109,Employee_1109,HR,Analyst,Male,54,69236.0,3585.4222933265537,2015-02-11,2019-04-11,Yes,5,6
E2110,Employee_1110,Operations,Manager,Female,25,151225.0,17192.343316748826,2019-01-07,2022-09-19,Yes,3,20
E2111,Employee_1111,Marketing,Manager,Male,28,88560.0,20378.912255985422,2015-03-26,2018-08-30,Yes,5,16
E2112,Employee_1112,,Associate,Female,29,,,2015-03-10,,No,2,24
E2113,Employee_1113,Support,Executive,Male,51,33516.0,9517.087171782252,2019-05-18,,No,3,3
E2114,Employee_1114,Sales,Manager,Male,53,67879.0,18553.103933460996,2021-03-18,2026-01-29,Yes,1,3
E2115,Employee_1115,sales,Executive,Male,30,85390.0,23213.795268818765,2017-06-15,,No,2,26
E2116,Employee_1116,Support,Executive,Male,41,148910.0,9576.279007897021,2017-09-09,,No,4,19
E2117,Employee_1117,Hr,Specialist,Female,58,63461.0,17300.118250274227,2022-05-03,,No,5,17
E2118,Employee_1118,Operations,Executive ,Female,26,101260.0,25913.588231174497,2018-05-01,,No,5,2
E2119,Employee_1119,Support,Associate,Female,41,121288.0,19392.827520437837,2017-09-24,2018-06-05,Yes,4,19
E2120,Employee_1120,Hr,Executive,Male,54,54502.0,12438.478723506707,2018-05-06,,No,3,20
E2121,Employee_1121,Operations,Manager,Female,33,,,2021-02-26,,No,1,28
E2122,Employee_1122,Marketing,Associate,Male,22,106050.0,30446.147768316216,2016-12-03,,No,2,9
E2123,Employee_1123,sales,Associate,Male,40,186688.0,10456.452630366386,2015-09-15,,No,4,18
E2124,Employee_1124,IT,Associate,Male,37,61556.0,18396.341662409846,2018-10-28,,No,3,6
E2125,Employee_1125,Hr,Analyst,Female,37,54099.0,4016.563518339561,2020-07-14,,No,1,4
E2126,Employee_1126,HR,Specialist,female,50,180231.0,11672.216646464703,2021-02-21,2022-07-12,Yes,5,17
E2127,Employee_1127,Hr,Manager,Female,39,88123.0,7343.439759139188,2017-03-08,2018-09-02,Yes,3,2
E2128,Employee_1128,Sales,Executive,Female,43,182192.0,24912.886271798277,2021-04-18,,No,1,14
E2129,Employee_1129,IT,Associate,Male,48,,,2020-08-06,2022-04-16,Yes,3,18
E2130,Employee_1130,IT,Executive,Female,32,66160.0,6409.323720747935,2020-11-26,,No,1,9
E2131,Employee_1131,Hr,Executive,Male,52,125377.0,32748.396584156548,2019-10-22,,No,2,26
E2132,Employee_1132,Support,Associate,Female,59,126176.0,24263.848672954668,2021-10-11,,No,2,6
E2133,Employee_1133,HR,Analyst ,Female,56,45867.0,7543.978209148346,2022-01-02,2023-08-17,Yes,3,8
E2134,Employee_1134,Finance,Executive,male,28,65362.0,12261.11507186461,2018-11-22,2024-03-30,Yes,4,6
E2135,Employee_1135,Finance,Specialist,Female,40,110280.0,30024.066081359153,2021-02-19,,No,3,13
E2136,Employee_1136,HR,Specialist,Female,42,188998.0,15097.673820664653,2017-06-11,,No,4,14
E2137,Employee_1137,Finance,Manager,Female,44,109872.0,26020.369311054146,2018-10-06,,No,4,9
E2138,Employee_1138,Finance,Associate,Male,25,199579.0,19571.610777485832,2018-10-13,,No,4,11
E2139,Employee_1139,IT,Executive,Male,59,61169.0,9859.108961911887,2017-09-16,,No,4,25
E2140,Employee_1140,Support,Associate,Female,37,133619.0,20213.483286493705,2022-10-27,,No,3,27
E2141,Employee_1141,Support,Analyst,Female,59,95185.0,6284.463767494591,2015-02-14,,No,2,18
E2142,Employee_1142,,Associate ,Male,54,65371.0,14499.124314788465,2015-11-22,,No,2,4
E2143,Employee_1143,Support,Associate,Male,52,118578.0,9894.686219273684,2015-03-15,,No,3,2
E2144,Employee_1144,Hr,Manager,Female,32,156044.0,21371.097595710555,2019-03-23,,No,5,23
E2145,Employee_1145,Finance,Manager,Female,22,,,2022-04-01,2027-01-17,Yes,4,5
E2146,Employee_1146,IT,Associate,Female,39,79476.0,18327.39179790617,2016-12-17,,No,3,20
E2147,Employee_1147,,Executive,Female,44,99093.0,29144.651717835775,2017-08-12,,No,3,2
E2148,Employee_1148,Operations,Associate,Female,24,119080.0,14982.73310607277,2016-11-18,2018-04-11,Yes,3,23
E2149,Employee_1149,Support,Analyst,Male,45,107095.0,7804.213945426223,2017-03-24,,No,5,26
E2150,Employee_1150,Support,Analyst,Female,26,199744.0,19118.72300803131,2018-06-18,,No,3,16
E2151,Employee_1151,Sales,Specialist,Male,22,33832.0,8269.534522575634,2015-03-07,,No,4,27
E2152,Employee_1152,HR,Manager,Male,46,163653.0,20624.149865152132,2021-10-22,2024-08-21,Yes,3,27
E2153,Employee_1153,sales,Manager ,Female,32,153607.0,42616.09962121881,2017-11-02,,No,1,24
E2154,Employee_1154,Hr,Associate,Female,32,100601.0,8962.59695290402,2020-09-18,,No,5,2
E2155,Employee_1155,sales,Specialist,Female,23,148647.0,19836.07245615856,2016-06-06,,No,5,23
E2156,Employee_1156,Hr,Associate,Female,30,66713.0,15251.58722276804,2022-02-03,2027-01-18,Yes,5,6
E2157,Employee_1157,Hr,Executive,Male,22,129397.0,12349.766064876312,2021-09-29,2023-09-30,Yes,1,1
E2158,Employee_1158,Sales,Executive,Female,36,134843.0,11235.26230314362,2019-04-30,2020-12-14,Yes,5,22
E2159,Employee_1159,Finance,Executive,Male,47,83997.0,20492.6904359227,2022-05-13,,No,4,24
E2160,Employee_1160,Operations,Specialist,Male,35,181388.0,31722.418356526225,2015-02-18,,No,4,0
E2161,Employee_1161,,Analyst,Male,42,,,2020-12-20,,No,2,5
E2162,Employee_1162,,Specialist,Female,57,103181.0,18035.689298437996,2017-04-11,,No,2,14
E2163,Employee_1163,Finance,Specialist,Male,38,134672.0,10208.69813445816,2015-06-12,,No,2,27
E2164,Employee_1164,Marketing,Executive,Female,22,48316.0,8059.845570774624,2020-01-25,2024-06-10,Yes,4,20
E2165,Employee_1165,Support,Specialist,Male,59,103495.0,21814.271243546104,2021-12-15,2025-01-10,Yes,2,6
E2166,Employee_1166,Hr,Analyst,Male,58,196340.0,56103.3099561317,2022-08-17,,No,5,14
E2167,Employee_1167,Finance,Analyst,Male,52,134601.0,23790.71396772868,2020-04-12,,No,5,21
E2168,Employee_1168,,Executive ,Female,59,77997.0,9038.906186577546,2020-10-12,,No,5,19
E2169,Employee_1169,HR,Manager,Male,31,162965.0,36532.230227188884,2020-08-30,,No,2,26
E2170,Employee_1170,,Associate,Male,56,34042.0,7497.352986490136,2020-12-10,,No,1,2
E2171,Employee_1171,Support,Manager,Male,55,148171.0,43802.40661256687,2015-10-08,,No,3,5
E2172,Employee_1172,HR,Manager,Male,40,163058.0,16822.053307491635,2015-07-29,,No,4,28
E2173,Employee_1173,Finance,Executive,Female,30,93745.0,15552.812839831675,2015-08-18,2016-09-09,Yes,2,17
E2174,Employee_1174,IT,Associate,Male,32,77779.0,14103.632322678166,2015-02-18,,No,1,2
E2175,Employee_1175,IT,Analyst,Female,30,58036.0,8056.615182203511,2019-09-21,,No,5,12
E2176,Employee_1176,Hr,Executive,Female,46,97819.0,6287.177759954287,2019-11-25,,No,3,15
E2177,Employee_1177,Hr,Analyst,Female,21,99263.0,19795.085417766277,2017-08-05,2018-04-08,Yes,5,23
E2178,Employee_1178,HR,Analyst,Male,36,90726.0,15740.488071223172,2016-03-13,,No,3,5
E2179,Employee_1179,HR,Analyst,Male,46,142313.0,27493.46743160932,2015-12-24,,No,1,10
E2180,Employee_1180,,Analyst,Female,28,98359.0,15888.648678967686,2022-11-19,,No,5,7
E2181,Employee_1181,Support,Specialist ,Male,41,137967.0,31757.4203827462,2021-04-30,,No,2,13
E2182,Employee_1182,Finance,Associate,Male,51,79756.0,14883.99216248498,2019-08-17,2024-01-20,Yes,5,21
E2183,Employee_1183,,Associate,Male,36,137044.0,8805.158799916811,2018-12-01,,No,1,7
E2184,Employee_1184,Finance,Specialist,Male,49,100309.0,10102.451380888358,2016-01-08,,No,1,24
E2185,Employee_1185,Hr,Analyst,female,29,33320.0,6633.566324148144,2015-08-04,,No,5,25
E2186,Employee_1186,IT,Associate,female,49,146528.0,30245.20761087131,2022-11-27,2025-06-10,Yes,5,4
E2187,Employee_1187,IT,Manager,Male,27,137561.0,18999.961324643584,2015-10-10,,No,2,13
E2188,Employee_1188,Finance,Analyst,Male,22,127352.0,33703.71020610878,2018-02-26,2023-02-22,Yes,2,9
E2189,Employee_1189,Support,Analyst,Male,45,108972.0,27593.099017575893,2016-09-28,,No,2,5
E2190,Employee_1190,Sales,Executive,Female,22,159529.0,34314.21937911341,2017-10-22,,No,4,21
E2191,Employee_1191,Sales,Analyst,Female,57,188099.0,49416.08819988221,2018-10-23,,No,4,0
E2192,Employee_1192,Hr,Associate,Female,21,90624.0,14318.351199875715,2020-12-04,,No,4,12
E2193,Employee_1193,Finance,Analyst,Female,50,107928.0,9888.998706490016,2015-02-15,2017-12-03,Yes,3,23
E2194,Employee_1194,HR,Specialist,Male,42,76015.0,13195.649300410825,2022-12-02,,No,1,23
E2195,Employee_1195,,Manager ,Female,30,50002.0,14701.663345506746,2019-02-16,,No,3,16
E2196,Employee_1196,IT,Associate,Female,35,125119.0,24208.309895642855,2019-12-08,,No,1,14
E2197,Employee_1197,Sales,Specialist,Female,46,91554.0,25443.609945416443,2020-02-04,,No,3,12
E2198,Employee_1198,Sales,Executive,Female,30,47482.0,5843.241240974904,2018-01-31,2019-06-11,Yes,2,17
E2199,Employee_1199,,Specialist,Female,43,143606.0,16239.06500318485,2015-09-16,,No,4,6
E2200,Employee_1200,,Specialist,Male,46,,,2020-03-07,,No,2,8
E2201,Employee_1201,Marketing,Associate,Female,27,42191.0,12323.220693386917,2021-12-20,2027-01-15,Yes,4,27
E2202,Employee_1202,IT,Analyst,Female,33,82224.0,13753.192105683285,2016-06-30,2020-02-25,Yes,4,24
E2203,Employee_1203,Support,Executive,Female,45,88959.0,13854.10867692631,2019-05-20,2023-08-15,Yes,3,21
E2204,Employee_1204,,Manager,Male,44,31132.0,3091.27514865746,2021-02-06,,No,4,3
E2205,Employee_1205,Hr,Specialist,Female,24,138835.0,15162.499062567875,2021-10-17,,No,1,17
E2206,Employee_1206,,Analyst,Male,42,130417.0,28597.978767651388,2021-08-28,,No,4,6
E2207,Employee_1207,Finance,Analyst,Female,59,51301.0,4773.52572297795,2017-02-23,,No,4,18
E2208,Employee_1208,Hr,Associate,Male,29,85856.0,7804.658205623962,2019-11-15,,No,3,0
E2209,Employee_1209,Support,Executive,Female,55,115945.0,25701.487909088548,2021-12-17,,No,3,19
E2210,Employee_1210,Support,Associate,Female,22,178210.0,18873.001243312698,2018-02-20,,No,5,17
E2211,Employee_1211,Hr,Associate,Female,36,116155.0,20014.634987285786,2015-09-27,2021-03-01,Yes,4,2
E2212,Employee_1212,HR,Associate,Female,25,104233.0,29606.772953191834,2020-02-16,,No,5,12
E2213,Employee_1213,IT,Analyst,Female,29,154336.0,17472.27826823412,2015-04-10,,No,2,8
E2214,Employee_1214,Hr,Manager,Male,49,135585.0,31220.29904945949,2021-09-03,,No,2,28
E2215,Employee_1215,Marketing,Executive,Male,35,,,2021-04-26,2022-02-01,Yes,2,24
E2216,Employee_1216,Sales,Specialist,Male,59,30074.0,6407.875546725488,2022-04-27,2023-01-13,Yes,2,5
E2217,Employee_1217,Finance,Analyst,Male,38,61673.0,7240.872882674616,2022-03-02,2023-01-07,Yes,1,24
E2218,Employee_1218,Support,Associate,Female,58,87804.0,10210.962939715839,2018-01-20,,No,4,4
E2219,Employee_1219,IT,Analyst,Female,28,59483.0,14424.943183059515,2020-04-08,,No,5,12
E2220,Employee_1220,Hr,Manager,Male,29,170319.0,39784.39091706806,2016-08-01,,No,2,11
E2221,Employee_1221,HR,Associate,Female,49,192434.0,19424.070791012018,2021-04-19,,No,1,25
E2222,Employee_1222,Finance,Analyst,Male,22,182131.0,28055.502332474978,2018-03-10,2020-10-07,Yes,4,2
E2223,Employee_1223,sales,Specialist,Female,43,191409.0,12923.394744824289,2017-03-19,2018-03-25,Yes,4,14
E2224,Employee_1224,IT,Associate,Female,22,198913.0,25157.263747572182,2019-05-24,2020-02-05,Yes,2,11
E2225,Employee_1225,Sales,Specialist,Female,30,30767.0,9104.99394527551,2020-07-01,,No,2,4
E2226,Employee_1226,Hr,Associate,Male,50,106870.0,8758.312951698526,2017-06-04,2022-04-29,Yes,3,12
E2227,Employee_1227,HR,Analyst,Female,23,101805.0,26951.15195575097,2018-05-06,,No,3,27
E2228,Employee_1228,Operations,Executive,Female,32,106298.0,22057.33142810503,2022-05-29,,No,5,3
E2229,Employee_1229,Sales,Specialist,Female,42,136170.0,22116.62849577679,2016-05-05,,No,5,27
E2230,Employee_1230,,Analyst,male,50,39479.0,10678.82823534901,2023-01-05,,No,1,18
E2231,Employee_1231,,Analyst,Male,40,144151.0,38336.58448500704,2017-02-11,2019-12-20,Yes,3,22
E2232,Employee_1232,HR,Manager,Male,47,91991.0,19136.89053378567,2020-09-05,2023-02-23,Yes,3,17
E2233,Employee_1233,Hr,Associate,Female,49,107990.0,25550.9693606909,2015-08-17,,No,3,0
E2234,Employee_1234,,Specialist,Male,36,165958.0,24184.354600898307,2016-06-07,2019-12-24,Yes,5,9
E2235,Employee_1235,Sales,Analyst,Male,48,171172.0,44074.205012340084,2018-07-29,2019-06-26,Yes,5,27
E2236,Employee_1236,HR,Manager,Male,53,199578.0,32335.901345245464,2019-11-06,,No,2,17
E2237,Employee_1237,Support,Specialist,Female,50,197055.0,44439.97005435611,2023-02-24,,No,2,15
E2238,Employee_1238,Support,Manager,Male,21,64160.0,17146.104044535175,2020-09-28,,No,2,23
E2239,Employee_1239,IT,Specialist,Male,38,35544.0,6152.373594759299,2022-11-29,,No,1,22
E2240,Employee_1240,HR,Associate,Female,49,180713.0,50366.61735653552,2021-01-06,,No,2,6
E2241,Employee_1241,Marketing,Associate,Male,32,88466.0,18513.410060855316,2019-05-06,,No,2,24
E2242,Employee_1242,,Specialist,Male,33,141316.0,22853.418442236303,2019-03-05,,No,3,8
E2243,Employee_1243,Finance,Analyst,Male,35,196963.0,29856.25380182915,2017-02-19,2018-04-20,Yes,3,25
E2244,Employee_1244,Marketing,Specialist,Male,54,179634.0,12763.58001244672,2022-05-03,2026-11-24,Yes,1,18
E2245,Employee_1245,Sales,Associate,Female,23,180737.0,52677.455502569064,2018-10-27,2023-06-06,Yes,5,2
E2246,Employee_1246,IT,Analyst,Male,31,62888.0,14425.90005800028,2017-08-22,2018-07-16,Yes,3,27
E2247,Employee_1247,Sales,Manager,male,49,86017.0,6461.1142627269655,2018-02-27,,No,5,12
E2248,Employee_1248,sales,Specialist,Male,36,192735.0,20270.85904468789,2018-11-30,,No,4,10
E2249,Employee_1249,sales,Manager,Male,49,,,2017-10-10,,No,4,9
E2250,Employee_1250,Hr,Analyst,Female,36,174575.0,39384.35418652305,2017-01-24,,No,2,23
E2251,Employee_1251,Marketing,Associate,Female,43,89557.0,23690.936927153023,2019-04-14,,No,3,25
E2252,Employee_1252,sales,Manager,Male,34,107567.0,21951.48673205257,2022-11-20,,No,5,2
E2253,Employee_1253,Operations,Executive,Female,46,189633.0,26962.26435185073,2018-03-18,,No,1,0
E2254,Employee_1254,IT,Executive,Female,41,67146.0,19256.682760270676,2015-07-17,,No,4,3
E2255,Employee_1255,sales,Executive,Female,48,74460.0,16238.76300217193,2016-01-14,,No,2,19
E2256,Employee_1256,Hr,Analyst,Male,23,177531.0,44991.249519453915,2017-08-19,2021-08-29,Yes,5,8
E2257,Employee_1257,Hr,Manager,Male,41,166260.0,10385.436985081262,2017-10-05,,No,2,23
E2258,Employee_1258,HR,Associate,Male,51,66445.0,9961.068987146975,2020-12-02,,No,4,27
E2259,Employee_1259,Marketing,Executive,Male,51,54074.0,4637.683007891315,2018-02-27,,No,1,26
E2260,Employee_1260,Finance,Executive,Female,55,86321.0,18687.35633080794,2018-11-13,2021-04-22,Yes,5,20
E2261,Employee_1261,IT,Specialist,Male,49,125251.0,21886.608495399636,2015-02-07,,No,4,17
E2262,Employee_1262,IT,Specialist,Male,45,,,2017-11-15,,No,1,24
E2263,Employee_1263,Support,Executive,Female,23,40976.0,7544.968332382483,2017-02-11,,No,5,18
E2264,Employee_1264,Operations,Specialist,Male,32,194760.0,13817.782453374859,2018-08-07,,No,4,29
E2265,Employee_1265,sales,Specialist,Male,25,163089.0,33711.837887037225,2018-05-13,2020-10-25,Yes,3,27
E2266,Employee_1266,Marketing,Manager,Female,40,195278.0,19846.806334711368,2019-11-17,,No,1,7
E2267,Employee_1267,sales,Manager,Male,44,95747.0,17862.742242432145,2019-03-02,,No,4,11
E2268,Employee_1268,Sales,Executive,Female,33,87196.0,4373.479234983716,2019-06-13,,No,4,8
E2269,Employee_1269,Sales,Manager,Male,43,160431.0,32735.26232300555,2022-07-10,,No,3,17
E2270,Employee_1270,HR,Manager,Female,35,124192.0,26055.538398899476,2015-08-02,,No,1,9
E2271,Employee_1271,IT,Manager,Male,44,43265.0,3534.7699598048184,2019-12-04,,No,4,25
E2272,Employee_1272,Hr,Specialist,Female,25,181611.0,22208.152142187402,2017-10-20,,No,2,17
E2273,Employee_1273,Finance,Specialist,Female,49,107462.0,28294.094784211935,2018-01-07,,No,1,0
E2274,Employee_1274,Support,Associate,Male,45,119876.0,34049.670192241814,2020-10-05,,No,3,16
E2275,Employee_1275,Support,Executive,Female,34,165772.0,24625.036667703982,2019-12-16,2025-03-15,Yes,5,17
E2276,Employee_1276,Support,Executive,Male,43,86096.0,22211.509743293635,2019-04-03,,No,1,0
E2277,Employee_1277,IT,Specialist,Male,52,109888.0,30707.450309327243,2015-11-22,,No,3,23
E2278,Employee_1278,Finance,Analyst,Male,57,30595.0,5793.476597592586,2017-04-21,,No,2,23
E2279,Employee_1279,HR,Manager,Male,41,45882.0,5793.745957663379,2016-03-20,,No,5,29
E2280,Employee_1280,Operations,Executive,Female,36,63798.0,8343.904642998066,2017-10-14,,No,4,2
E2281,Employee_1281,Marketing,Manager,Female,41,41953.0,5545.76840782296,2019-12-14,2024-02-02,Yes,1,5
E2282,Employee_1282,,Specialist,Female,44,68170.0,16352.622134508518,2017-12-25,,No,1,27
E2283,Employee_1283,HR,Specialist,Male,58,122115.0,29791.940609309582,2017-09-19,,No,1,4
E2284,Employee_1284,Support,Executive,Female,26,131164.0,30888.970870418314,2021-11-15,,No,5,25
E2285,Employee_1285,Marketing,Specialist,Male,34,192297.0,51650.879575854226,2022-11-01,,No,2,23
E2286,Employee_1286,IT,Associate,Male,51,72719.0,6881.3951390285265,2021-03-29,2025-09-27,Yes,2,15
E2287,Employee_1287,sales,Analyst,Female,44,134126.0,39449.46307278038,2020-09-03,,No,3,19
E2288,Employee_1288,Finance,Manager,Male,38,148637.0,17455.27772501978,2019-12-23,2020-11-23,Yes,4,2
E2289,Employee_1289,IT,Specialist,Male,28,170179.0,39508.62995521689,2020-11-03,,No,3,29
E2290,Employee_1290,IT,Executive,Male,48,82066.0,11969.077104205897,2016-03-08,,No,4,29
E2291,Employee_1291,Finance,Associate,Male,43,112315.0,22129.594760755528,2017-07-27,,No,5,4
E2292,Employee_1292,sales,Specialist,Female,35,149324.0,27612.314241543587,2020-04-29,,No,4,1
E2293,Employee_1293,HR,Associate,Female,40,190014.0,39824.56231893767,2015-08-02,,No,2,5
E2294,Employee_1294,Sales,Associate,Male,43,193898.0,48563.00958351566,2017-04-22,2020-05-19,Yes,2,26
E2295,Employee_1295,Marketing,Associate,Female,28,105164.0,8360.696445849984,2021-10-22,,No,2,13
E2296,Employee_1296,Sales,Executive,Male,30,161042.0,48054.05402678816,2016-01-30,,No,4,11
E2297,Employee_1297,Marketing,Manager,Female,23,158692.0,36689.07365752405,2023-03-19,2027-09-09,Yes,3,6
E2298,Employee_1298,Operations,Specialist,Male,45,54596.0,12906.88111057233,2017-11-04,,No,3,15
E2299,Employee_1299,Support,Manager,Female,42,76228.0,6761.157466062356,2020-07-20,,No,2,22
E2300,Employee_1300,HR,Manager,Female,33,88436.0,10052.161200061168,2017-04-25,,No,1,24
E2301,Employee_1301,Finance,Manager,female,55,107924.0,22921.518566085364,2019-08-09,,No,1,7
E2302,Employee_1302,Finance,Analyst,Female,37,89946.0,8084.795236074237,2019-03-22,,No,3,11
E2303,Employee_1303,Operations,Associate,Female,56,131387.0,13062.833963825795,2017-02-08,,No,5,16
E2304,Employee_1304,IT,Executive,Female,52,179725.0,52574.81435288818,2021-10-11,,No,1,13
E2305,Employee_1305,Marketing,Manager,Female,26,175778.0,12736.088566543489,2022-12-07,,No,5,23
E2306,Employee_1306,Support,Associate,Male,44,187541.0,46076.27662369483,2017-12-06,2021-02-22,Yes,3,21
E2307,Employee_1307,Finance,Specialist,Female,44,177776.0,49805.19690797372,2017-04-23,2021-07-07,Yes,3,27
E2308,Employee_1308,,Manager,Male,27,138500.0,38781.38681940191,2017-01-15,,No,3,19
E2309,Employee_1309,,Associate,Male,49,,,2021-08-23,2026-12-20,Yes,2,27
E2310,Employee_1310,Marketing,Associate,Male,44,127927.0,22275.782104923648,2021-06-14,,No,4,26
E2311,Employee_1311,Operations,Associate,Female,56,85556.0,6520.131796988949,2018-10-09,,No,2,24
E2312,Employee_1312,HR,Analyst,Female,57,180534.0,40946.38975692682,2020-05-12,,No,4,13
E2313,Employee_1313,,Manager,Female,58,172979.0,11693.612295756126,2018-10-19,2022-06-15,Yes,1,6
E2314,Employee_1314,Marketing,Analyst,Male,58,141259.0,7202.794397488069,2017-05-25,,No,2,25
E2315,Employee_1315,IT,Associate,Female,40,151211.0,32159.721219874573,2017-04-14,,No,5,6
E2316,Employee_1316,Operations,Analyst,Male,54,132802.0,31225.386359208784,2018-08-20,,No,3,17
E2317,Employee_1317,Finance,Specialist,Female,45,109731.0,7994.623977116054,2022-10-11,,No,3,6
E2318,Employee_1318,,Specialist,Male,35,88703.0,11703.190544666066,2018-01-02,2021-11-16,Yes,4,18
E2319,Employee_1319,Operations,Specialist,Female,39,93230.0,26048.47822812424,2019-07-17,2024-11-08,Yes,1,15
E2320,Employee_1320,IT,Specialist,Female,30,155266.0,40816.99263297583,2019-11-30,,No,5,8
E2321,Employee_1321,Finance,Specialist,Male,38,68346.0,18846.885760434925,2022-07-26,2028-01-13,Yes,3,26
E2322,Employee_1322,IT,Analyst,Male,49,128682.0,17693.995962216395,2016-12-13,,No,2,28
E2323,Employee_1323,sales,Analyst,Male,53,158713.0,31380.189474270206,2015-07-02,2017-12-29,Yes,5,21
E2324,Employee_1324,Operations,Manager,Male,53,51630.0,13254.296737390172,2021-01-11,,No,1,10
E2325,Employee_1325,Hr,Associate,Male,53,142167.0,12141.674717003103,2017-02-23,,No,1,9
E2326,Employee_1326,Finance,Specialist,Female,54,148920.0,12761.909253145348,2019-11-13,,No,5,21
E2327,Employee_1327,HR,Specialist,Female,40,179233.0,48448.95085747254,2017-02-02,,No,2,13
E2328,Employee_1328,Finance,Specialist,Male,42,140218.0,31661.216855412305,2017-03-17,,No,3,2
E2329,Employee_1329,HR,Manager,Male,58,82021.0,14433.91256368555,2015-12-14,2020-10-17,Yes,4,16
E2330,Employee_1330,Operations,Executive,Male,53,132062.0,22577.64868563188,2018-10-29,2022-01-16,Yes,5,8
E2331,Employee_1331,Finance,Analyst,Female,53,40683.0,4011.9898377235177,2018-05-13,,No,5,25
E2332,Employee_1332,Hr,Analyst,Female,41,117236.0,6720.537377918089,2015-04-25,,No,1,12
E2333,Employee_1333,Operations,Specialist,Male,21,39491.0,5523.05158634395,2021-06-07,,No,2,8
E2334,Employee_1334,Support,Specialist,Female,23,65851.0,17639.647990816444,2016-11-19,,No,1,24
E2335,Employee_1335,sales,Associate,Male,31,97005.0,17899.7182232671,2020-10-01,,No,2,13
E2336,Employee_1336,Sales,Executive,Male,59,178279.0,16412.212271720706,2015-02-25,,No,4,28
E2337,Employee_1337,sales,Specialist,Female,50,129083.0,14439.966001629558,2022-12-02,,No,4,5
E2338,Employee_1338,HR,Associate,Male,43,141695.0,37839.7587056256,2019-02-09,,No,3,23
E2339,Employee_1339,IT,Associate,Male,53,33641.0,7651.116317447781,2017-10-15,2021-06-02,Yes,4,6
E2340,Employee_1340,Marketing,Associate ,Female,59,57197.0,16707.517251807956,2021-03-29,,No,1,8
E2341,Employee_1341,IT,Associate,Male,54,71964.0,9196.904527831928,2018-10-30,,No,4,24
E2342,Employee_1342,Sales,Analyst,Male,44,86747.0,9547.483654180744,2020-12-28,,No,5,17
E2343,Employee_1343,Operations,Specialist,Male,48,122091.0,16994.166484307607,2015-08-11,,No,1,19
E2344,Employee_1344,,Associate,Male,32,175764.0,23656.422396619906,2022-12-16,,No,1,12
E2345,Employee_1345,,Specialist,Female,41,171932.0,44169.771863570655,2021-04-06,2022-10-20,Yes,5,12
E2346,Employee_1346,,Specialist,Male,48,68744.0,14532.410669078214,2020-09-25,,No,3,29
E2347,Employee_1347,,Manager,Female,59,33190.0,6347.1942619963975,2016-01-27,,No,1,19
E2348,Employee_1348,Marketing,Associate,Male,47,141904.0,31694.28867624877,2017-03-20,2021-02-14,Yes,3,15
E2349,Employee_1349,HR,Manager,Male,28,101017.0,16172.170721834429,2019-05-19,,No,3,29
E2350,Employee_1350,IT,Specialist,Male,49,68931.0,19993.74798685512,2018-05-16,,No,3,23
E2351,Employee_1351,,Manager,Female,28,83413.0,12798.325546467013,2022-12-18,2025-03-13,Yes,4,25
E2352,Employee_1352,Operations,Manager,Male,51,115435.0,30491.346878415217,2017-07-01,,No,1,6
E2353,Employee_1353,Marketing,Manager,Female,32,142223.0,39659.459605299744,2016-02-06,,No,2,11
E2354,Employee_1354,Support,Analyst ,Male,55,56853.0,11182.247701912585,2018-09-03,,No,5,17
E2355,Employee_1355,sales,Specialist,Male,36,43703.0,10755.370201020978,2017-06-12,,No,2,19
E2356,Employee_1356,HR,Analyst,Male,42,118478.0,33804.1112347549,2022-07-06,2027-08-05,Yes,4,20
E2357,Employee_1357,Sales,Specialist,Male,48,63349.0,12070.27700255592,2015-05-13,,No,1,25
E2358,Employee_1358,Marketing,Specialist,Female,49,37213.0,8499.93366203391,2019-03-24,,No,3,19
E2359,Employee_1359,Operations,Associate,Male,34,,,2018-08-09,,No,2,1
E2360,Employee_1360,HR,Analyst,Female,31,31909.0,5458.139265860974,2019-07-17,,No,4,1
E2361,Employee_1361,HR,Analyst,Male,27,96425.0,15195.210130742205,2021-06-23,2022-01-31,Yes,1,28
E2362,Employee_1362,IT,Associate,Male,23,54485.0,12057.550302162788,2017-12-03,,No,4,29
E2363,Employee_1363,IT,Associate,Male,37,104554.0,12234.051407296523,2022-12-09,,No,2,12
E2364,Employee_1364,,Executive,Female,47,81514.0,23365.959015363376,2019-09-23,,No,2,10
E2365,Employee_1365,,Manager,Female,58,47221.0,13799.6808447418,2016-12-02,,No,2,3
E2366,Employee_1366,Support,Executive,Female,57,132951.0,26340.700137495558,2022-03-26,,No,5,18
E2367,Employee_1367,Finance,Associate,Female,39,99893.0,7801.291983599348,2017-07-02,,No,4,15
E2368,Employee_1368,Sales,Manager,Male,59,182240.0,21730.052401757224,2019-11-08,,No,2,6
E2369,Employee_1369,Marketing,Analyst,Male,21,42336.0,12341.171123434127,2015-10-20,,No,4,23
E2370,Employee_1370,IT,Specialist,Male,45,126134.0,13300.183608886486,2018-05-17,2020-07-29,Yes,1,6
E2371,Employee_1371,Marketing,Executive ,Male,44,118074.0,6965.355174785626,2015-02-04,,No,4,3
E2372,Employee_1372,sales,Specialist,Male,48,196328.0,23527.22066128646,2016-08-17,,No,2,4
E2373,Employee_1373,Operations,Analyst,Female,59,198279.0,48719.56028144412,2018-11-20,,No,2,6
E2374,Employee_1374,,Executive,Male,31,37869.0,9896.400212339098,2020-04-05,2024-08-04,Yes,1,10
E2375,Employee_1375,sales,Manager,Male,54,105622.0,21845.643444824487,2015-01-29,,No,2,28
E2376,Employee_1376,Sales,Associate,Female,36,72406.0,4826.942909546576,2023-03-07,,No,4,18
E2377,Employee_1377,Support,Associate,Female,27,74645.0,10440.309174571905,2021-03-26,2024-05-30,Yes,1,29
E2378,Employee_1378,sales,Manager,Female,31,46956.0,4935.520330754395,2016-09-06,2018-02-13,Yes,3,28
E2379,Employee_1379,Finance,Specialist,Female,59,132081.0,26646.454042655314,2019-09-18,,No,1,24
E2380,Employee_1380,Support,Analyst,Female,57,154476.0,18096.82219022884,2021-11-07,,No,1,24
E2381,Employee_1381,Operations,Specialist,female,53,,,2022-01-21,,No,2,27
E2382,Employee_1382,Marketing,Manager,Male,31,151280.0,27299.643704042264,2015-12-06,,No,1,19
E2383,Employee_1383,Sales,Manager,Male,23,114433.0,6462.491251714834,2017-03-09,,No,3,16
E2384,Employee_1384,Finance,Executive,Male,49,98515.0,28450.520233625804,2017-03-31,2019-08-04,Yes,5,24
E2385,Employee_1385,Sales,Associate,Female,22,166694.0,36525.66187183099,2019-08-27,,No,4,20
E2386,Employee_1386,Support,Analyst,Female,33,132390.0,20528.711195825115,2021-11-20,,No,1,13
E2387,Employee_1387,sales,Manager,Male,56,194909.0,44186.04553344834,2016-09-23,2021-01-03,Yes,5,27
E2388,Employee_1388,,Analyst,Female,28,84615.0,14872.011674884343,2021-05-11,2022-11-14,Yes,2,14
E2389,Employee_1389,Marketing,Analyst,Male,42,76715.0,13460.037527397575,2019-08-13,,No,1,26
E2390,Employee_1390,Marketing,Analyst,Male,33,94800.0,11541.587147475575,2016-08-11,,No,3,24
E2391,Employee_1391,Sales,Specialist,Male,34,,,2017-01-20,2019-04-26,Yes,1,29
E2392,Employee_1392,,Manager,Female,55,191327.0,53048.40228620074,2020-08-21,,No,4,11
E2393,Employee_1393,Operations,Associate,Male,49,49239.0,9028.957999596092,2015-02-26,,No,4,10
E2394,Employee_1394,Hr,Associate,Male,54,162425.0,13362.100725090138,2021-11-06,,No,4,23
E2395,Employee_1395,sales,Specialist,Female,32,40794.0,4032.0683622145325,2021-01-11,2024-11-20,Yes,1,12
E2396,Employee_1396,Operations,Manager,Male,57,136629.0,29813.332081950623,2016-03-09,2019-08-06,Yes,1,23
E2397,Employee_1397,Finance,Executive,Female,45,176510.0,30964.229947948515,2020-09-29,,No,5,5
E2398,Employee_1398,sales,Associate,Male,55,115184.0,29324.713029616658,2022-02-08,,No,2,11
E2399,Employee_1399,,Analyst,Female,58,,,2021-05-04,2025-02-25,Yes,2,6
E2400,Employee_1400,Hr,Specialist,Female,27,160698.0,40889.14130471463,2019-12-28,2023-09-22,Yes,2,8
E2401,Employee_1401,Support,Specialist,Male,44,56751.0,11487.665978743558,2022-07-10,,No,2,5
E2402,Employee_1402,HR,Analyst,Female,35,56370.0,11301.92221679247,2015-07-17,,No,3,23
E2403,Employee_1403,Marketing,Manager,Male,31,95294.0,11032.18709289896,2016-08-26,2020-05-18,Yes,1,17
E2404,Employee_1404,Sales,Specialist,Female,27,51390.0,13682.522956829407,2018-10-27,2023-11-10,Yes,2,7
E2405,Employee_1405,,Analyst,Male,40,168905.0,14769.776606640717,2022-04-07,,No,2,4
E2406,Employee_1406,Finance,Executive,Male,31,137584.0,26563.474084986676,2017-02-07,2018-12-05,Yes,2,20
E2407,Employee_1407,Hr,Specialist,Male,40,54124.0,14796.283422922983,2015-03-29,,No,4,11
E2408,Employee_1408,,Analyst,Female,42,115395.0,10154.188289148286,2018-08-02,2022-12-24,Yes,1,23
E2409,Employee_1409,Support,Executive,Female,34,115283.0,12864.09124670857,2015-01-24,2018-03-24,Yes,5,15
E2410,Employee_1410,HR,Executive,Male,44,140284.0,15894.218000548452,2016-12-06,,No,1,16
E2411,Employee_1411,HR,Executive,Male,31,129250.0,7032.6592382712015,2019-04-14,2023-01-31,Yes,1,25
E2412,Employee_1412,IT,Specialist,Male,59,159065.0,21939.43054840446,2023-03-06,,No,3,19
E2413,Employee_1413,IT,Analyst,Female,30,164330.0,41207.27415722966,2016-12-16,,No,2,29
E2414,Employee_1414,HR,Executive,Male,52,195279.0,44893.62785745751,2016-01-20,,No,5,25
E2415,Employee_1415,IT,Analyst,Male,22,110720.0,21347.173563361997,2017-01-12,2020-03-23,Yes,4,26
E2416,Employee_1416,Hr,Executive,Male,29,176965.0,29170.291672558396,2019-07-23,,No,1,19
E2417,Employee_1417,HR,Manager,Female,39,151187.0,16151.38548971606,2016-07-10,,No,4,8
E2418,Employee_1418,Finance,Analyst,Female,42,79297.0,20294.96614906491,2015-10-26,2019-08-16,Yes,1,5
E2419,Employee_1419,Support,Specialist,female,39,176479.0,28138.759333089907,2021-11-16,,No,5,15
E2420,Employee_1420,,Executive,Female,21,30370.0,2091.9394006515463,2020-07-30,,No,5,28
E2421,Employee_1421,Marketing,Specialist,Female,37,130565.0,17540.072016429556,2017-08-14,,No,5,0
E2422,Employee_1422,Sales,Analyst,Female,22,75853.0,12783.166189715868,2022-07-10,,No,2,10
E2423,Employee_1423,sales,Analyst,Male,30,179123.0,38710.74876262898,2020-06-19,,No,2,28
E2424,Employee_1424,Operations,Executive,Female,44,167921.0,14392.756912185856,2019-01-30,,No,1,27
E2425,Employee_1425,,Manager,Female,55,147752.0,38912.91060419591,2021-09-07,,No,1,9
E2426,Employee_1426,Sales,Executive,Male,41,,,2019-07-05,,No,3,24
E2427,Employee_1427,Operations,Associate,Male,25,106693.0,19159.894863034202,2017-12-30,,No,4,24
E2428,Employee_1428,sales,Analyst ,male,47,74648.0,7045.985897688163,2018-03-31,,No,1,27
E2429,Employee_1429,Support,Manager,Male,53,117858.0,23625.41244929844,2015-06-18,2018-12-24,Yes,5,25
E2430,Employee_1430,Support,Associate,Female,34,179667.0,19417.04632063684,2020-02-14,,No,2,3
E2431,Employee_1431,sales,Analyst,Male,41,158027.0,39770.886392681045,2016-12-16,,No,3,7
E2432,Employee_1432,sales,Analyst,Female,58,198361.0,10663.021612451777,2022-05-10,2025-03-24,Yes,2,9
E2433,Employee_1433,Operations,Associate,Male,59,,,2022-09-17,,No,5,0
E2434,Employee_1434,Operations,Specialist,Female,35,106675.0,12651.967584428754,2020-04-23,,No,2,22
E2435,Employee_1435,sales,Manager,Female,54,42397.0,11135.362156301973,2021-07-29,,No,5,9
E2436,Employee_1436,sales,Specialist,Female,40,109360.0,24287.697465139405,2017-02-21,2022-07-21,Yes,4,22
E2437,Employee_1437,Support,Analyst,Female,37,127648.0,9531.642988274587,2020-01-08,,No,3,28
E2438,Employee_1438,Operations,Executive,Male,51,174878.0,50623.33699425028,2022-01-11,,No,5,12
E2439,Employee_1439,Sales,Manager ,Male,25,167925.0,10582.31470367668,2020-04-20,2023-09-15,Yes,1,1
E2440,Employee_1440,Sales,Associate,Male,57,144560.0,15741.352876245275,2017-12-13,,No,2,24
E2441,Employee_1441,Hr,Associate,Male,23,60984.0,15389.731489104077,2017-03-12,2017-11-09,Yes,2,29
E2442,Employee_1442,sales,Executive,Female,42,171041.0,43235.084031356986,2019-04-17,,No,2,15
E2443,Employee_1443,HR,Associate,Female,32,191792.0,29008.592675075775,2016-03-07,,No,2,12
E2444,Employee_1444,Hr,Executive,Male,35,86235.0,24113.926044440643,2018-09-10,,No,2,18
E2445,Employee_1445,Support,Executive ,Female,58,186810.0,16784.63960603641,2020-04-23,,No,5,17
E2446,Employee_1446,Hr,Analyst,Male,30,39569.0,2823.3320640600623,2017-05-27,,No,3,9
E2447,Employee_1447,Support,Associate,Female,24,,,2021-10-28,,No,4,25
E2448,Employee_1448,,Manager,Female,59,132544.0,29485.197887856117,2018-04-17,,No,1,5
E2449,Employee_1449,Hr,Associate,Male,49,154746.0,36190.384670254185,2018-01-03,,No,2,23
E2450,Employee_1450,Marketing,Manager,Male,42,148104.0,42867.468285632815,2019-04-11,,No,2,8
E2451,Employee_1451,IT,Analyst,Male,56,113990.0,26079.110297176474,2016-12-29,,No,2,1
E2452,Employee_1452,IT,Specialist,Female,36,62328.0,18043.634282324216,2016-11-11,,No,5,20
E2453,Employee_1453,Sales,Associate,Male,52,85989.0,11363.53963688305,2017-04-06,,No,1,15
E2454,Employee_1454,sales,Manager,Male,22,174613.0,17073.031523742226,2022-06-20,2024-01-18,Yes,4,4
E2455,Employee_1455,Sales,Executive,Male,21,97560.0,6710.24777866848,2018-03-01,,No,3,29
E2456,Employee_1456,Finance,Associate,Female,30,37086.0,10492.847904605085,2016-01-31,,No,5,16
E2457,Employee_1457,Sales,Analyst,Female,36,54226.0,9624.912727713425,2020-06-09,2024-07-26,Yes,2,19
E2458,Employee_1458,,Specialist,Female,34,196305.0,33538.81901016208,2020-01-24,,No,2,25
E2459,Employee_1459,Hr,Executive,Female,38,121549.0,20711.619601130824,2015-09-10,2016-04-15,Yes,4,7
E2460,Employee_1460,Hr,Associate,Female,51,161074.0,18624.595632321358,2017-05-03,,No,1,3
E2461,Employee_1461,Marketing,Specialist,Male,37,101309.0,26631.3293758575,2022-07-12,,No,5,11
E2462,Employee_1462,sales,Associate,Male,57,43450.0,12242.082689101548,2017-12-12,2023-03-06,Yes,3,19
E2463,Employee_1463,Sales,Analyst,Female,28,135475.0,37622.566725359226,2017-05-19,2020-11-09,Yes,4,15
E2464,Employee_1464,,Executive,Male,47,73220.0,19229.615789440206,2021-12-30,,No,4,10
E2465,Employee_1465,Support,Specialist,Male,33,131448.0,19133.482810316218,2015-03-18,,No,2,5
E2466,Employee_1466,Hr,Manager,Male,33,164418.0,10418.293652264749,2023-01-07,,No,5,12
E2467,Employee_1467,sales,Executive,male,48,63012.0,9179.73295082885,2018-11-06,2022-01-30,Yes,5,25
E2468,Employee_1468,Support,Specialist,Female,29,140304.0,25874.987209081908,2018-10-23,2022-05-22,Yes,1,16
E2469,Employee_1469,HR,Associate,Male,44,152013.0,13187.69608479501,2017-02-01,,No,2,16
E2470,Employee_1470,HR,Specialist,female,52,152611.0,7901.302230144307,2018-07-15,2020-09-17,Yes,3,20
E2471,Employee_1471,sales,Executive,Female,53,179277.0,51708.13126163848,2019-03-31,,No,2,27
E2472,Employee_1472,Finance,Executive,Male,43,138237.0,38112.953729182664,2022-11-17,,No,4,9
E2473,Employee_1473,IT,Specialist,Female,58,83175.0,21830.16465933937,2017-07-28,2022-07-12,Yes,5,29
E2474,Employee_1474,,Executive ,Female,45,42213.0,3508.6279889889256,2020-02-18,,No,2,21
E2475,Employee_1475,Hr,Associate,Male,40,62583.0,8647.267093395625,2020-10-21,2023-08-11,Yes,5,22
E2476,Employee_1476,HR,Executive,Male,45,129847.0,11600.906995808955,2018-04-14,,No,5,19
E2477,Employee_1477,Finance,Analyst,Female,35,,,2022-06-02,,No,3,5
E2478,Employee_1478,sales,Manager,Male,34,138241.0,20891.362310224104,2015-12-04,,No,3,9
E2479,Employee_1479,sales,Analyst,Male,59,92784.0,5539.192151891274,2017-03-05,,No,3,16
E2480,Employee_1480,sales,Manager,Female,25,130434.0,17955.632204380378,2021-07-24,2022-11-06,Yes,3,14
E2481,Employee_1481,Finance,Associate,Male,57,110758.0,12217.835042724973,2020-05-10,2025-06-19,Yes,1,25
E2482,Employee_1482,Marketing,Executive,Female,59,172233.0,16858.22296516579,2021-05-15,2024-01-02,Yes,5,15
E2483,Employee_1483,Support,Analyst,Male,29,95548.0,6653.395231591583,2020-01-17,,No,4,16
E2484,Employee_1484,Sales,Manager,Male,58,148371.0,37715.66225927888,2018-04-29,,No,3,8
E2485,Employee_1485,,Manager,Male,33,111718.0,19364.683883508962,2020-05-16,,No,4,13
E2486,Employee_1486,Marketing,Analyst,Male,24,58067.0,3040.095694187996,2018-10-11,2019-09-23,Yes,1,12
E2487,Employee_1487,Hr,Executive,Male,31,158701.0,18447.68440897759,2019-02-24,,No,5,19
E2488,Employee_1488,HR,Associate,Female,45,185915.0,36756.133345299575,2017-10-31,,No,1,29
E2489,Employee_1489,HR,Associate,Male,45,,,2018-10-07,2021-03-13,Yes,1,16
E2490,Employee_1490,,Executive,Female,45,105591.0,27174.60596449859,2016-09-08,2021-05-11,Yes,3,22
E2491,Employee_1491,Finance,Manager ,Female,29,165797.0,27503.708607783272,2020-12-31,,No,1,1
E2492,Employee_1492,Operations,Associate,Male,34,46365.0,12745.883267436848,2019-09-18,,No,1,15
E2493,Employee_1493,sales,Specialist,Female,35,149641.0,18097.04046399815,2016-04-08,,No,5,23
E2494,Employee_1494,sales,Associate ,Female,35,189815.0,33102.12652960775,2018-07-30,,No,2,2
E2495,Employee_1495,HR,Analyst,Female,43,43275.0,2374.13420827647,2017-06-28,,No,5,9
E2496,Employee_1496,Hr,Manager,Female,49,64112.0,4139.636533412888,2016-07-28,,No,1,16
E2497,Employee_1497,Operations,Associate,Male,46,91264.0,4768.513364574764,2018-04-30,,No,4,14
E2498,Employee_1498,,Executive,Male,33,74225.0,15737.595098988255,2016-10-25,,No,5,23
E2499,Employee_1499,IT,Specialist,Female,31,170302.0,10131.945807259783,2021-09-24,2024-11-22,Yes,1,19
E2500,Employee_1500,Marketing,Analyst,Male,48,,,2018-10-06,,No,4,9
E2501,Employee_1501,IT,Analyst,Male,57,31789.0,8252.050116703542,2017-01-12,2022-06-11,Yes,4,20
E2502,Employee_1502,Hr,Manager,Female,34,68262.0,13881.10921182411,2018-07-23,,No,2,8
E2503,Employee_1503,IT,Manager,Male,30,168761.0,45628.15709991103,2015-10-22,,No,4,29
E2504,Employee_1504,Finance,Specialist,Female,57,77734.0,5929.113242076741,2015-10-26,2020-06-07,Yes,5,19
E2505,Employee_1505,Hr,Analyst,Male,57,41319.0,5278.881013632466,2019-11-10,2021-06-24,Yes,2,28
E2506,Employee_1506,Support,Executive,Female,48,,,2020-04-27,2024-11-10,Yes,2,25
E2507,Employee_1507,Sales,Manager,Female,50,147408.0,9967.016893382748,2016-07-22,,No,2,10
E2508,Employee_1508,Sales,Specialist,Male,38,88182.0,24505.584412599965,2019-05-27,,No,2,10
E2509,Employee_1509,sales,Specialist ,Female,29,37436.0,9118.01649133058,2022-10-21,2025-07-05,Yes,4,1
E2510,Employee_1510,Hr,Associate,Male,52,156839.0,42785.7104659256,2016-05-24,,No,5,20
E2511,Employee_1511,Sales,Manager,Male,53,94947.0,20309.861448004525,2016-02-16,,No,5,21
E2512,Employee_1512,IT,Specialist,Female,54,132591.0,25998.43438853734,2022-05-30,2023-04-01,Yes,4,8
E2513,Employee_1513,Support,Manager,Male,57,42755.0,9939.35230685433,2019-04-11,,No,2,27
E2514,Employee_1514,HR,Manager,Male,29,32015.0,2016.673657917434,2019-09-30,2024-09-16,Yes,4,25
E2515,Employee_1515,,Specialist,Male,44,88418.0,12784.084119304069,2019-10-21,,No,2,18
E2516,Employee_1516,IT,Specialist ,Female,44,181212.0,53986.957218212105,2021-08-20,2022-05-28,Yes,4,3
E2517,Employee_1517,Operations,Specialist,Female,49,,,2019-05-16,,No,3,28
E2518,Employee_1518,Marketing,Analyst,Female,24,,,2017-09-17,,No,3,14
E2519,Employee_1519,Operations,Associate,Female,22,180616.0,31695.199214578985,2017-03-04,,No,3,26
E2520,Employee_1520,HR,Specialist,Male,45,117228.0,29593.341227017067,2023-01-25,,No,4,8
E2521,Employee_1521,Hr,Manager,Male,57,72503.0,8430.09000050722,2016-07-21,2019-10-19,Yes,2,5
E2522,Employee_1522,Operations,Analyst ,Female,34,147928.0,18245.018911513253,2018-07-08,2021-06-28,Yes,3,19
E2523,Employee_1523,HR,Executive,Male,59,107271.0,29567.47803113066,2017-11-12,2022-09-30,Yes,5,7
E2524,Employee_1524,sales,Analyst,Male,26,112600.0,22848.107269435295,2015-07-22,,No,5,24
E2525,Employee_1525,Operations,Analyst,Male,37,122403.0,6466.935851502222,2017-01-30,,No,5,10
E2526,Employee_1526,Hr,Associate,Female,46,49797.0,5666.677361567592,2018-05-29,,No,1,9
E2527,Employee_1527,HR,Specialist,Female,24,109472.0,31402.809450900422,2015-10-01,,No,3,15
E2528,Employee_1528,Support,Associate,Male,53,76940.0,18554.91911923245,2018-09-14,,No,3,27
E2529,Employee_1529,Marketing,Executive,Male,23,114853.0,30688.753064491026,2016-03-17,,No,1,14
E2530,Employee_1530,IT,Executive,Male,22,162631.0,39826.415651260555,2019-10-01,,No,4,17
E2531,Employee_1531,HR,Executive,Female,44,146378.0,37526.13470335216,2022-08-13,2023-05-30,Yes,2,0
E2532,Employee_1532,Operations,Analyst,Male,24,39372.0,6301.702451539433,2022-08-26,,No,2,13
E2533,Employee_1533,,Associate,Male,42,50874.0,6622.049246115313,2019-05-17,,No,1,3
E2534,Employee_1534,Finance,Specialist,Female,46,185887.0,52279.64749414147,2015-05-19,,No,3,5
E2535,Employee_1535,Support,Associate ,Male,21,165797.0,25234.01397112715,2019-10-16,,No,5,14
E2536,Employee_1536,Hr,Manager,Male,47,55457.0,8983.392046144254,2016-10-01,,No,2,4
E2537,Employee_1537,IT,Analyst,Male,56,,,2017-12-23,,No,2,15
E2538,Employee_1538,Support,Analyst,Male,30,67361.0,14480.423524867723,2020-10-08,,No,5,0
E2539,Employee_1539,Hr,Manager,Female,21,193616.0,37286.206628834094,2016-02-14,,No,5,26
E2540,Employee_1540,Sales,Manager,Male,48,159380.0,16249.740962927313,2016-07-22,,No,1,15
E2541,Employee_1541,Support,Specialist,Female,28,30432.0,8737.218583359678,2022-03-09,2023-06-19,Yes,5,23
E2542,Employee_1542,Operations,Executive,Male,26,95792.0,8638.363286425725,2022-08-25,2027-10-04,Yes,1,18
E2543,Employee_1543,Support,Associate,Male,49,198369.0,41627.06125935699,2020-05-29,,No,1,27
E2544,Employee_1544,IT,Executive,Male,56,52076.0,14161.437099700706,2017-04-23,,No,4,19
E2545,Employee_1545,Sales,Analyst,Male,23,174938.0,21761.006498180843,2017-08-21,,No,1,17
E2546,Employee_1546,Support,Associate,Female,57,62813.0,10079.115850662454,2016-02-21,,No,3,22
E2547,Employee_1547,sales,Executive,Female,40,161708.0,47405.775737394804,2017-01-07,2020-07-18,Yes,1,21
E2548,Employee_1548,Hr,Manager,Male,32,158381.0,27018.06466788625,2022-01-30,,No,2,28
E2549,Employee_1549,Operations,Analyst ,Male,51,105787.0,20456.343306683688,2020-09-10,2024-06-24,Yes,1,26
E2550,Employee_1550,HR,Executive,Female,55,115820.0,15992.103742276759,2019-01-21,2022-08-16,Yes,4,26
E2551,Employee_1551,HR,Specialist,Male,45,95226.0,27235.618691394902,2020-01-20,2025-02-16,Yes,1,12
E2552,Employee_1552,Support,Executive,Female,31,86221.0,6960.661853847858,2019-02-18,,No,5,10
E2553,Employee_1553,Hr,Specialist,Male,47,187220.0,39585.76367429043,2016-10-05,,No,5,25
E2554,Employee_1554,Marketing,Manager ,Male,56,99778.0,29557.46414551879,2022-06-25,,No,2,21
E2555,Employee_1555,Finance,Analyst,Female,48,127123.0,18753.376876964274,2018-09-07,,No,1,7
E2556,Employee_1556,Finance,Executive,Male,58,174980.0,30326.11158242175,2021-11-13,,No,3,28
E2557,Employee_1557,Sales,Associate,Male,36,153791.0,34375.069561515906,2021-08-08,,No,3,29
E2558,Employee_1558,IT,Specialist,Male,33,138880.0,9676.383282784256,2021-02-20,,No,4,12
E2559,Employee_1559,Marketing,Specialist,Male,39,132406.0,9573.687595946683,2020-07-21,2022-08-25,Yes,2,28
E2560,Employee_1560,IT,Associate,Male,43,196129.0,25762.440492999795,2019-01-25,2022-08-20,Yes,3,0
E2561,Employee_1561,HR,Manager,Female,27,127151.0,8903.415311049455,2016-11-18,2020-07-29,Yes,4,20
E2562,Employee_1562,Marketing,Analyst,Male,36,128066.0,10519.968075418856,2020-12-21,,No,3,16
E2563,Employee_1563,,Associate,Female,29,61568.0,13708.350888255105,2015-01-23,,No,5,10
E2564,Employee_1564,HR,Associate,Male,56,134194.0,39274.15633044267,2016-10-18,,No,2,3
E2565,Employee_1565,Marketing,Executive,Female,32,122416.0,31373.22773474207,2019-04-06,,No,4,17
E2566,Employee_1566,Finance,Manager,Female,23,175707.0,13888.78504011581,2017-04-11,,No,5,3
E2567,Employee_1567,Sales,Executive,Male,48,44260.0,3855.966419953472,2019-09-13,2023-10-05,Yes,1,11
E2568,Employee_1568,Finance,Specialist,Male,23,193502.0,52626.397014774026,2017-11-12,,No,2,0
E2569,Employee_1569,HR,Analyst,Male,55,145188.0,22927.37079277691,2019-05-14,2021-04-04,Yes,1,2
E2570,Employee_1570,Support,Executive,Male,23,87124.0,23105.521400179827,2016-08-23,,No,1,3
E2571,Employee_1571,IT,Associate,Female,49,40073.0,2756.450890671357,2019-12-11,,No,2,26
E2572,Employee_1572,Hr,Executive,Male,53,34482.0,8985.762083180845,2022-06-03,,No,4,20
E2573,Employee_1573,Support,Analyst,Female,57,37338.0,3688.143280515989,2015-02-10,2018-10-17,Yes,3,5
E2574,Employee_1574,IT,Specialist,Male,44,44318.0,5436.957807283159,2021-11-03,2026-06-02,Yes,4,28
E2575,Employee_1575,Operations,Associate,Female,39,115677.0,19649.32837685761,2021-07-09,2024-07-03,Yes,4,15
E2576,Employee_1576,HR,Associate,Male,53,59669.0,15463.522833106947,2015-02-24,,No,3,5
E2577,Employee_1577,Marketing,Executive,Male,59,187088.0,22984.46886615615,2021-06-30,,No,1,15
E2578,Employee_1578,HR,Associate,Male,53,184316.0,48561.091115647854,2016-04-16,,No,2,8
E2579,Employee_1579,Operations,Associate,Male,51,83836.0,13555.013711001482,2020-03-20,,No,4,1
E2580,Employee_1580,Sales,Executive,Male,48,50946.0,8868.714976463492,2017-09-18,,No,5,0
E2581,Employee_1581,Support,Associate,Male,54,53671.0,10724.5059147775,2022-07-13,,No,5,28
E2582,Employee_1582,sales,Executive,male,43,134733.0,15888.642284442127,2019-06-20,2020-11-12,Yes,5,6
E2583,Employee_1583,Operations,Analyst,Male,53,188660.0,50328.82806597705,2021-11-08,2026-06-21,Yes,4,3
E2584,Employee_1584,Support,Specialist,Female,54,114932.0,9340.779646329383,2018-05-05,,No,2,25
E2585,Employee_1585,,Specialist,Male,46,41136.0,6324.636947084837,2022-02-26,,No,2,0
E2586,Employee_1586,Support,Specialist,Male,53,118263.0,30657.549073925933,2017-07-05,,No,5,22
E2587,Employee_1587,Marketing,Executive,Male,46,166278.0,28612.687697448968,2017-03-09,2021-11-26,Yes,2,11
E2588,Employee_1588,Finance,Manager ,Female,21,132395.0,18845.853906674092,2019-07-31,,No,2,18
E2589,Employee_1589,Operations,Executive,Female,36,195335.0,55235.38047409577,2017-06-11,,No,3,1
E2590,Employee_1590,Marketing,Manager,Female,53,67271.0,17590.782185751108,2017-06-16,,No,5,18
E2591,Employee_1591,Finance,Analyst,Male,45,176222.0,15359.210628891513,2016-02-21,2017-10-28,Yes,5,6
E2592,Employee_1592,Finance,Manager,Female,40,121207.0,18322.06651599896,2019-03-25,,No,1,24
E2593,Employee_1593,Hr,Specialist,Male,53,179229.0,27686.735103291863,2021-12-12,,No,5,5
E2594,Employee_1594,Hr,Manager,male,37,132488.0,14990.553713411435,2021-07-25,2025-02-21,Yes,3,22
E2595,Employee_1595,Support,Manager,Female,38,165607.0,35687.05980047529,2021-04-30,,No,1,4
E2596,Employee_1596,sales,Manager ,Male,53,175818.0,31115.276971720603,2022-12-11,2028-01-17,Yes,2,23
E2597,Employee_1597,Operations,Analyst,Female,55,188278.0,43332.948493395736,2016-01-16,,No,4,10
E2598,Employee_1598,Finance,Associate,Female,44,136311.0,8695.162505379994,2015-06-15,,No,4,21
E2599,Employee_1599,IT,Manager,Male,54,41219.0,8473.767367687014,2016-06-28,2019-11-13,Yes,4,26
E2600,Employee_1600,IT,Specialist,Male,48,167852.0,28874.926913715113,2015-04-07,,No,3,20
E2601,Employee_1601,Operations,Specialist,Male,42,41528.0,9094.554028650324,2019-12-24,2021-04-09,Yes,4,24
E2602,Employee_1602,IT,Associate,Male,28,185855.0,43242.83692190224,2018-02-20,,No,1,0
E2603,Employee_1603,Finance,Associate,Female,32,142424.0,37030.17673682383,2016-03-18,,No,2,16
E2604,Employee_1604,HR,Manager,Male,38,80613.0,8250.8758579115,2016-01-22,2019-06-23,Yes,2,4
E2605,Employee_1605,sales,Executive,Male,39,145377.0,28356.82083137866,2019-04-18,,No,2,28
E2606,Employee_1606,Support,Analyst,Male,59,190527.0,46277.5662990596,2016-05-09,,No,1,6
E2607,Employee_1607,,Executive,Male,34,75802.0,9396.088428485598,2021-07-20,,No,3,15
E2608,Employee_1608,Sales,Executive,Female,49,178112.0,50150.994141185874,2020-02-26,,No,1,12
E2609,Employee_1609,Marketing,Associate,Male,28,56372.0,4118.947081303016,2019-10-29,2020-06-17,Yes,1,21
E2610,Employee_1610,Support,Associate,Male,29,50968.0,7723.053371563592,2020-09-17,,No,3,3
E2611,Employee_1611,Hr,Executive,Male,37,188775.0,24804.144572819096,2020-10-15,2024-09-04,Yes,3,22
E2612,Employee_1612,Sales,Executive,Male,59,127885.0,9736.13723524579,2017-08-14,,No,3,21
E2613,Employee_1613,Marketing,Executive ,Female,30,81672.0,23977.86720330766,2016-07-06,,No,2,22
E2614,Employee_1614,IT,Analyst,Female,57,94373.0,9440.938344559125,2020-05-25,,No,2,23
E2615,Employee_1615,Marketing,Specialist,Male,42,57818.0,14632.540885716231,2017-12-18,2023-03-30,Yes,1,11
E2616,Employee_1616,HR,Analyst,Male,24,45732.0,9939.683548817615,2018-02-22,,No,1,26
E2617,Employee_1617,IT,Manager,Female,27,49159.0,12803.773271707987,2020-10-17,,No,1,29
E2618,Employee_1618,IT,Executive,Female,29,107061.0,12778.445913631907,2015-08-01,,No,2,9
E2619,Employee_1619,IT,Manager,Male,36,40532.0,5495.47125757722,2017-10-01,,No,3,17
E2620,Employee_1620,Marketing,Executive,Male,56,49977.0,11860.983375988362,2018-03-26,2022-04-18,Yes,5,0
E2621,Employee_1621,Hr,Associate,Female,43,35607.0,10126.188716015777,2022-08-19,,No,3,14
E2622,Employee_1622,,Executive,Male,23,,,2016-06-25,2018-01-04,Yes,2,10
E2623,Employee_1623,Hr,Associate,Male,58,80624.0,15510.47089311505,2019-10-22,,No,1,18
E2624,Employee_1624,IT,Specialist,Female,23,151123.0,29559.48910430455,2020-07-09,2023-02-10,Yes,3,12
E2625,Employee_1625,Marketing,Specialist,Female,46,34576.0,4125.421750922365,2016-11-03,,No,5,4
E2626,Employee_1626,Hr,Manager,Male,34,54154.0,10294.661236291295,2020-11-21,,No,4,6
E2627,Employee_1627,Support,Specialist,Male,39,67763.0,11511.565516094168,2022-04-08,,No,1,20
E2628,Employee_1628,Sales,Associate ,Male,33,194342.0,21235.283490393027,2022-11-09,,No,2,15
E2629,Employee_1629,sales,Manager,Male,51,159188.0,13713.238728404753,2017-12-29,,No,2,1
E2630,Employee_1630,sales,Analyst,Female,33,174507.0,49334.56265718191,2017-11-11,,No,5,1
E2631,Employee_1631,Marketing,Associate,Female,58,81786.0,18555.923327862212,2018-12-29,,No,3,27
E2632,Employee_1632,Marketing,Executive,Male,28,110981.0,9464.62943374426,2018-03-06,,No,2,1
E2633,Employee_1633,,Analyst,Male,36,171918.0,35838.44828433486,2016-08-24,2021-07-23,Yes,3,27
E2634,Employee_1634,,Associate,Female,28,,,2015-01-24,,No,4,4
E2635,Employee_1635,Hr,Associate,Female,46,75278.0,9432.922352373955,2022-10-18,,No,2,8
E2636,Employee_1636,Hr,Manager,Female,22,67656.0,4168.178848836287,2018-04-27,,No,2,9
E2637,Employee_1637,HR,Associate,Male,21,128723.0,11529.81728379387,2022-05-20,,No,4,8
E2638,Employee_1638,Support,Executive,Male,48,88784.0,16980.66192436618,2021-01-30,2022-11-30,Yes,1,28
E2639,Employee_1639,HR,Analyst,Female,38,182645.0,34678.58969085109,2016-08-14,2018-08-10,Yes,5,22
E2640,Employee_1640,Sales,Associate ,male,27,55104.0,10026.64170144411,2020-04-25,2025-03-20,Yes,3,24
E2641,Employee_1641,,Associate,Female,33,153182.0,20631.69695684666,2016-03-13,2018-03-23,Yes,1,28
E2642,Employee_1642,Sales,Executive,Female,25,68562.0,3869.3377742721595,2021-11-19,,No,5,6
E2643,Employee_1643,Finance,Executive,Male,55,161756.0,29044.03046600127,2016-07-31,,No,4,24
E2644,Employee_1644,Marketing,Analyst,male,27,113629.0,17032.9448192419,2015-10-29,2019-05-30,Yes,5,28
E2645,Employee_1645,Support,Analyst,Female,41,47152.0,6978.115722355369,2018-11-05,,No,4,0
E2646,Employee_1646,Sales,Executive,Male,24,49689.0,10587.036547835,2018-08-24,,No,1,2
E2647,Employee_1647,,Manager,Female,48,136565.0,36047.113827843976,2020-01-23,,No,4,22
E2648,Employee_1648,Finance,Analyst,Male,53,199103.0,49808.7981873785,2022-08-25,,No,5,14
E2649,Employee_1649,Operations,Analyst,Female,32,48756.0,3741.9164824574837,2020-02-27,2024-06-16,Yes,2,11
E2650,Employee_1650,HR,Executive,Female,47,182418.0,20030.55504762462,2017-01-12,,No,1,18
E2651,Employee_1651,Hr,Manager,Female,38,157192.0,16894.93213812044,2020-03-07,,No,3,27
E2652,Employee_1652,Operations,Associate,Male,22,159958.0,44226.14630538736,2018-02-04,,No,2,16
E2653,Employee_1653,Marketing,Analyst,Male,54,161637.0,26332.243079669603,2020-02-29,,No,4,2
E2654,Employee_1654,,Analyst,Female,31,67180.0,10696.064313976942,2020-02-03,,No,1,15
E2655,Employee_1655,HR,Specialist,Female,52,184195.0,28249.331724794487,2017-06-18,,No,5,14
E2656,Employee_1656,HR,Analyst,Male,21,76978.0,15505.279033030078,2021-06-25,,No,1,29
E2657,Employee_1657,HR,Specialist,Female,34,99224.0,19058.924861639018,2018-06-27,,No,5,2
E2658,Employee_1658,Sales,Specialist,Female,22,34023.0,8682.123878018398,2021-06-12,,No,2,6
E2659,Employee_1659,IT,Analyst,Male,56,94680.0,11911.206670829053,2015-08-21,2016-12-03,Yes,4,7
E2660,Employee_1660,Marketing,Manager,Male,39,190449.0,36708.64344186532,2022-12-02,,No,1,10
E2661,Employee_1661,sales,Associate,Male,51,75647.0,4056.855838932506,2019-09-16,2021-06-04,Yes,1,5
E2662,Employee_1662,,Associate ,Female,48,30799.0,2948.5062400581155,2023-01-08,,No,2,3
E2663,Employee_1663,Operations,Associate,Female,29,153014.0,30591.49277830676,2020-10-12,2022-09-02,Yes,1,7
E2664,Employee_1664,Support,Manager,Female,23,116928.0,21500.776651024888,2018-02-07,,No,5,17
E2665,Employee_1665,Support,Analyst,Female,42,53555.0,7881.050578077456,2023-01-28,,No,2,10
E2666,Employee_1666,Finance,Executive,Female,46,33088.0,5894.494046712127,2016-04-27,,No,5,21
E2667,Employee_1667,sales,Analyst,Female,55,138943.0,20278.427117366275,2023-01-05,2023-11-01,Yes,1,8
E2668,Employee_1668,Marketing,Manager,Male,47,59430.0,4088.8141423433376,2018-04-11,2020-03-12,Yes,3,27
E2669,Employee_1669,IT,Executive,Female,59,44716.0,13221.18026466809,2020-06-18,,No,5,19
E2670,Employee_1670,Marketing,Executive,Male,55,159632.0,16807.158824297552,2020-10-03,,No,5,11
E2671,Employee_1671,Finance,Associate,Female,21,144930.0,18462.607392072434,2018-12-03,,No,4,14
E2672,Employee_1672,Finance,Executive,Female,36,181786.0,39501.35484966835,2020-12-26,,No,3,14
E2673,Employee_1673,IT,Associate,Male,21,194486.0,9838.437700646375,2018-01-24,2020-07-24,Yes,5,25
E2674,Employee_1674,Hr,Associate,Male,43,122508.0,18711.89054231561,2019-02-13,2020-09-30,Yes,4,22
E2675,Employee_1675,HR,Manager,Male,37,90032.0,6882.954489918541,2017-01-26,,No,1,19
E2676,Employee_1676,Hr,Executive,Male,34,175763.0,42589.59651099475,2019-07-03,,No,4,23
E2677,Employee_1677,HR,Associate,Male,35,194512.0,15652.828605043696,2015-05-07,2016-06-14,Yes,5,28
E2678,Employee_1678,,Executive,Male,26,104191.0,6468.292120763165,2021-04-06,,No,2,21
E2679,Employee_1679,Operations,Specialist,Male,37,30496.0,8419.80177068995,2022-06-25,2023-06-17,Yes,4,13
E2680,Employee_1680,IT,Specialist,Female,30,150118.0,32406.800913744595,2019-11-29,,No,4,18
E2681,Employee_1681,Marketing,Manager,Male,27,34761.0,6978.391226104113,2016-07-03,,No,3,5
E2682,Employee_1682,Hr,Analyst,Female,36,188145.0,50795.83693768545,2022-11-26,2024-10-03,Yes,3,25
E2683,Employee_1683,IT,Analyst,Male,27,174867.0,22511.207171515285,2017-01-25,,No,4,28
E2684,Employee_1684,sales,Specialist,Female,25,181606.0,21560.97522835917,2016-10-31,,No,5,25
E2685,Employee_1685,Support,Manager,Female,39,113609.0,12326.726667250614,2017-01-03,2020-09-02,Yes,5,29
E2686,Employee_1686,sales,Analyst,Female,23,144426.0,8517.261620803189,2016-07-14,2021-04-03,Yes,1,9
E2687,Employee_1687,Support,Executive,Male,33,86782.0,21798.032580262217,2015-07-16,2016-09-08,Yes,3,26
E2688,Employee_1688,sales,Manager,Female,47,188239.0,30055.730383627277,2018-11-18,,No,5,28
E2689,Employee_1689,Sales,Specialist,Female,55,52588.0,13044.321118504646,2022-10-15,2026-05-25,Yes,1,29
E2690,Employee_1690,Finance,Manager,Male,42,161732.0,19165.718316328843,2021-02-19,2023-01-01,Yes,3,15
E2691,Employee_1691,Support,Associate,Male,24,170118.0,47141.294692233496,2021-03-09,2023-07-21,Yes,2,9
E2692,Employee_1692,Hr,Specialist,Female,31,153152.0,42981.05223903328,2018-06-26,,No,4,15
E2693,Employee_1693,HR,Executive,Male,40,151943.0,33199.82494075343,2016-10-03,2018-09-07,Yes,4,16
E2694,Employee_1694,Hr,Associate,Male,33,106515.0,11217.036594177229,2017-10-10,2018-09-02,Yes,2,5
E2695,Employee_1695,HR,Manager,Male,51,158501.0,26007.078812943502,2018-06-11,2020-12-10,Yes,3,19
E2696,Employee_1696,Marketing,Associate,Male,30,96920.0,10420.947237706621,2021-01-18,2023-12-22,Yes,4,28
E2697,Employee_1697,,Executive,Female,28,53365.0,3461.7897260698023,2021-11-18,,No,3,9
E2698,Employee_1698,Operations,Associate ,Male,49,136968.0,34049.70463562958,2016-05-08,,No,3,17
E2699,Employee_1699,Finance,Executive,Male,44,59550.0,15064.507068623314,2023-02-18,,No,4,6
E2700,Employee_1700,HR,Executive,Male,37,157424.0,18429.471060970176,2015-01-26,2019-10-14,Yes,4,0
E2701,Employee_1701,Finance,Manager,Female,57,44126.0,5200.118798533871,2019-09-25,,No,4,26
E2702,Employee_1702,Operations,Associate,Female,39,86344.0,19554.37845089964,2020-01-29,,No,4,12
E2703,Employee_1703,Support,Analyst,Male,48,137954.0,18496.62150255466,2018-05-04,,No,5,24
E2704,Employee_1704,IT,Manager,Female,42,72459.0,19202.96677812035,2018-04-18,2020-04-02,Yes,3,20
E2705,Employee_1705,IT,Associate,Female,57,135576.0,7112.5482869571,2019-12-04,2020-08-08,Yes,1,19
E2706,Employee_1706,Support,Analyst,Male,43,98682.0,15168.579220365498,2017-03-04,,No,2,28
E2707,Employee_1707,sales,Associate,Male,43,,,2016-11-28,2019-10-10,Yes,2,14
E2708,Employee_1708,IT,Analyst,Female,49,144360.0,18542.397551903752,2022-01-20,,No,4,8
E2709,Employee_1709,HR,Executive,Female,56,116984.0,25826.25279601037,2020-01-17,,No,1,22
E2710,Employee_1710,sales,Analyst,Female,51,,,2015-03-15,,No,4,21
E2711,Employee_1711,Hr,Manager,Male,42,124415.0,13385.275864003506,2018-05-29,,No,2,10
E2712,Employee_1712,Sales,Executive,Female,44,162915.0,24812.992276361612,2015-09-11,2018-11-12,Yes,1,19
E2713,Employee_1713,Sales,Manager,Female,46,133235.0,36994.130553678915,2020-04-13,2023-12-12,Yes,1,25
E2714,Employee_1714,Hr,Specialist ,Female,56,32881.0,6795.340677990596,2022-11-05,2027-08-20,Yes,2,15
E2715,Employee_1715,Hr,Executive,Male,37,,,2015-10-05,2018-08-05,Yes,3,1
E2716,Employee_1716,sales,Executive,Female,59,101240.0,11191.66300797826,2016-02-13,2016-12-20,Yes,2,22
E2717,Employee_1717,Marketing,Specialist,Male,41,110522.0,32740.76971623041,2015-11-20,,No,1,29
E2718,Employee_1718,Marketing,Specialist,Male,46,118952.0,31740.992258012513,2018-10-09,,No,1,11
E2719,Employee_1719,Marketing,Executive,Male,22,109364.0,18463.297295401637,2018-04-18,,No,5,26
E2720,Employee_1720,Hr,Executive,Female,24,44588.0,12973.075469264648,2019-08-13,,No,3,9
E2721,Employee_1721,Operations,Specialist,Female,36,166169.0,25568.98055889085,2019-05-16,,No,3,9
E2722,Employee_1722,,Specialist,Female,26,88480.0,20100.020147883344,2016-03-29,,No,3,23
E2723,Employee_1723,HR,Analyst,Male,45,138730.0,25464.59936744048,2020-12-19,,No,3,15
E2724,Employee_1724,,Analyst,Male,52,154279.0,34965.39923659806,2020-02-09,2023-07-20,Yes,4,5
E2725,Employee_1725,HR,Manager,Female,36,172394.0,50114.281046757584,2018-06-03,,No,1,16
E2726,Employee_1726,IT,Manager,Male,37,159198.0,11591.670407108555,2015-02-23,2017-08-05,Yes,3,29
E2727,Employee_1727,Hr,Specialist,Male,55,40588.0,4005.972715427925,2016-08-02,,No,4,17
E2728,Employee_1728,IT,Executive,Male,46,40599.0,4469.059871433671,2023-01-18,,No,1,5
E2729,Employee_1729,Finance,Associate,Female,21,171280.0,39844.63748540731,2015-12-07,2017-10-08,Yes,1,14
E2730,Employee_1730,Operations,Executive,Female,39,39308.0,11751.14986817326,2017-04-03,2021-05-03,Yes,1,23
E2731,Employee_1731,sales,Analyst,Male,27,38720.0,10997.695532508504,2020-12-09,2023-12-05,Yes,2,27
E2732,Employee_1732,Operations,Specialist,Female,26,166464.0,37254.49586700884,2018-05-18,2023-09-22,Yes,1,21
E2733,Employee_1733,HR,Specialist,Male,36,45052.0,5514.1700027064,2020-10-28,,No,3,5
E2734,Employee_1734,Finance,Executive,Male,55,113108.0,16322.95440008272,2017-01-10,,No,2,13
E2735,Employee_1735,Marketing,Specialist,Female,37,113391.0,32510.40594403282,2021-03-14,,No,2,6
E2736,Employee_1736,sales,Associate,Female,30,189359.0,17705.561106471316,2019-08-28,,No,5,27
E2737,Employee_1737,HR,Associate,male,32,,,2020-01-14,2022-07-25,Yes,2,15
E2738,Employee_1738,sales,Executive,male,39,86697.0,25546.443222439386,2021-06-03,,No,5,25
E2739,Employee_1739,Sales,Analyst,Female,54,131126.0,14725.573405638284,2015-09-28,,No,1,25
E2740,Employee_1740,Hr,Executive,Female,55,68138.0,16377.970498168244,2017-02-01,2018-09-13,Yes,4,14
E2741,Employee_1741,Marketing,Specialist,Male,44,,,2016-08-05,,No,1,28
E2742,Employee_1742,Marketing,Executive,Female,49,81455.0,6046.350219060517,2017-03-10,2021-05-20,Yes,3,29
E2743,Employee_1743,Marketing,Associate,Female,25,,,2021-09-01,,No,2,2
E2744,Employee_1744,IT,Analyst,Female,37,54561.0,11967.162116013404,2019-12-21,,No,2,12
E2745,Employee_1745,Hr,Manager,Male,35,199668.0,27949.228945762294,2021-05-29,2023-04-13,Yes,3,2
E2746,Employee_1746,HR,Manager,Male,43,72875.0,18273.51611742493,2019-10-24,,No,2,25
E2747,Employee_1747,HR,Manager ,Male,56,79063.0,6523.216462616609,2016-06-03,,No,5,23
E2748,Employee_1748,Hr,Associate,Female,51,62314.0,14930.491620363333,2021-02-01,2023-05-01,Yes,3,9
E2749,Employee_1749,Finance,Manager,Male,59,48891.0,6907.001713513306,2018-06-10,2022-09-07,Yes,4,21
E2750,Employee_1750,HR,Executive,Male,34,,,2017-11-18,,No,2,28
E2751,Employee_1751,Marketing,Associate,Male,29,88031.0,8000.822589203952,2018-04-22,,No,1,8
E2752,Employee_1752,Finance,Specialist,Female,53,184529.0,24706.458717970614,2018-07-12,,No,3,6
E2753,Employee_1753,Sales,Analyst,Female,26,145313.0,36213.74977782188,2022-07-26,,No,5,25
E2754,Employee_1754,Hr,Specialist,Male,33,58555.0,10399.26144964338,2019-04-05,,No,2,3
E2755,Employee_1755,Marketing,Associate,Male,48,185223.0,18029.647374199052,2019-11-23,,No,4,25
E2756,Employee_1756,Support,Manager,Female,55,103596.0,21869.71567024262,2018-04-16,,No,1,12
E2757,Employee_1757,Hr,Manager,Female,59,38328.0,6838.710440395328,2021-07-17,2026-06-03,Yes,5,11
E2758,Employee_1758,Hr,Analyst,Female,21,140379.0,33840.31181595873,2021-04-09,,No,3,15
E2759,Employee_1759,Finance,Analyst ,Female,51,54918.0,9291.492333791592,2022-05-24,2023-05-04,Yes,3,25
E2760,Employee_1760,Hr,Manager,Female,43,58546.0,15616.282573388795,2016-04-19,,No,2,11
E2761,Employee_1761,Hr,Executive,Female,47,76566.0,7362.801823274213,2018-07-27,2019-04-24,Yes,1,13
E2762,Employee_1762,IT,Analyst,Male,57,189156.0,15413.406974495256,2019-02-24,,No,5,3
E2763,Employee_1763,HR,Specialist,Male,59,171294.0,40441.151797011946,2017-08-23,,No,5,13
E2764,Employee_1764,HR,Analyst,Female,24,59655.0,10236.381918681043,2020-03-20,,No,5,24
E2765,Employee_1765,Sales,Associate,Female,46,48895.0,8162.509675667713,2021-08-17,2023-04-25,Yes,4,7
E2766,Employee_1766,sales,Manager,Female,27,181969.0,38514.70026763292,2018-11-22,,No,3,19
E2767,Employee_1767,IT,Specialist,Male,29,111481.0,20858.121207231266,2022-09-28,,No,3,10
E2768,Employee_1768,Marketing,Analyst,Male,49,186218.0,16691.471590884692,2019-09-24,,No,1,15
E2769,Employee_1769,sales,Executive,Female,36,36277.0,7492.7792187552795,2023-01-26,,No,2,27
E2770,Employee_1770,Operations,Analyst,Male,58,149720.0,37050.63276536022,2016-02-02,,No,3,0
E2771,Employee_1771,sales,Manager,Male,49,124515.0,27681.054786392826,2022-07-29,2024-05-24,Yes,3,17
E2772,Employee_1772,,Manager,Female,50,42938.0,4581.882874913028,2021-03-24,,No,3,17
E2773,Employee_1773,Hr,Specialist,Female,33,129372.0,25458.23620163781,2020-02-22,2022-06-22,Yes,1,29
E2774,Employee_1774,Sales,Specialist,Female,51,,,2019-06-16,,No,5,24
E2775,Employee_1775,sales,Specialist ,Male,27,168117.0,49155.59829797406,2019-06-07,2022-01-01,Yes,3,8
E2776,Employee_1776,Sales,Executive,Male,56,61589.0,8588.790520901006,2021-03-18,2024-04-10,Yes,5,20
E2777,Employee_1777,Support,Executive,Female,46,94230.0,24323.0881484769,2018-11-15,,No,5,20
E2778,Employee_1778,,Executive,Male,38,109830.0,5535.010375434534,2018-05-04,,No,3,11
E2779,Employee_1779,HR,Manager,Male,55,178182.0,42820.4958408573,2022-04-03,,No,4,27
E2780,Employee_1780,IT,Analyst,Female,28,49199.0,4501.551328922278,2023-03-04,,No,3,4
E2781,Employee_1781,Finance,Manager,Female,40,144427.0,15455.921007354795,2019-01-17,,No,3,25
E2782,Employee_1782,Finance,Executive,Female,56,155607.0,12327.138324818563,2020-08-14,,No,5,15
E2783,Employee_1783,Operations,Specialist,Male,21,105783.0,12330.217204748968,2020-09-10,,No,4,13
E2784,Employee_1784,Sales,Analyst,Female,23,88595.0,4920.000422239574,2019-02-07,,No,4,14
E2785,Employee_1785,IT,Specialist,Female,35,197229.0,46709.5382404787,2022-02-17,2027-03-03,Yes,4,24
E2786,Employee_1786,,Associate ,Female,53,67805.0,20086.518782619867,2021-02-01,,No,1,15
E2787,Employee_1787,HR,Associate,Female,38,118919.0,24860.576721632453,2019-01-20,,No,1,25
E2788,Employee_1788,IT,Specialist,Male,55,148368.0,14976.860660214936,2015-08-03,,No,5,7
E2789,Employee_1789,IT,Analyst,Female,34,81444.0,9216.67138720948,2015-08-19,,No,3,14
E2790,Employee_1790,Operations,Analyst,Male,36,46498.0,2502.346128465273,2017-09-19,,No,4,17
E2791,Employee_1791,Sales,Manager,Male,36,191171.0,17736.00797519211,2021-03-29,,No,3,28
E2792,Employee_1792,Operations,Analyst,Male,50,60048.0,14741.072685985946,2021-06-08,,No,5,21
E2793,Employee_1793,Support,Manager,Male,33,111943.0,31683.6167228575,2022-01-16,,No,3,11
E2794,Employee_1794,HR,Specialist,Female,57,119572.0,6517.8072288223375,2021-08-22,,No,4,3
E2795,Employee_1795,Finance,Associate,Male,37,131799.0,37600.13223692602,2021-08-26,,No,3,0
E2796,Employee_1796,Operations,Specialist,Female,54,138611.0,21711.531457510308,2016-11-03,,No,1,8
E2797,Employee_1797,Support,Executive,Male,23,113038.0,13582.521169520398,2015-09-03,,No,5,26
E2798,Employee_1798,Support,Specialist,Male,26,96320.0,19172.078679209233,2021-09-21,,No,5,16
E2799,Employee_1799,Support,Specialist,Female,41,61921.0,10094.493162174878,2018-04-08,,No,5,11
E2800,Employee_1800,Support,Executive,Male,41,118913.0,13779.256536656412,2021-06-30,2023-04-21,Yes,3,11
E2801,Employee_1801,Operations,Specialist,Male,41,92085.0,7085.762274663967,2019-02-22,,No,1,26
E2802,Employee_1802,Finance,Specialist,Male,24,85828.0,18883.14823162271,2019-02-20,,No,1,6
E2803,Employee_1803,IT,Associate,Female,35,144420.0,21302.529873290678,2016-07-08,2018-03-24,Yes,5,24
E2804,Employee_1804,Marketing,Analyst,Female,48,116332.0,14115.765188975607,2019-05-08,,No,4,1
E2805,Employee_1805,Hr,Associate,Female,32,77968.0,15317.829570467316,2022-07-19,2024-06-03,Yes,3,7
E2806,Employee_1806,Sales,Specialist,Male,27,37971.0,6774.343305288702,2017-12-11,2023-02-01,Yes,4,28
E2807,Employee_1807,sales,Associate,Male,35,165004.0,12005.539027814417,2021-08-26,,No,1,20
E2808,Employee_1808,Hr,Manager,Male,35,171609.0,37734.75278060043,2015-08-22,,No,4,26
E2809,Employee_1809,HR,Executive,Male,43,144780.0,31278.009331146975,2015-02-21,2016-07-23,Yes,1,20
E2810,Employee_1810,Operations,Specialist,Female,27,132260.0,37001.00062995301,2021-02-22,,No,5,10
E2811,Employee_1811,HR,Associate,Male,48,109400.0,16075.354385288658,2023-01-26,,No,2,13
E2812,Employee_1812,Hr,Manager,Female,23,191940.0,22457.53185243288,2022-09-05,,No,2,11
E2813,Employee_1813,,Associate,Female,25,99000.0,6473.190094837212,2016-08-16,,No,3,2
E2814,Employee_1814,IT,Executive,Female,29,114579.0,12074.53988445533,2016-07-14,2017-04-02,Yes,2,8
E2815,Employee_1815,,Manager,Male,25,,,2019-09-07,2020-12-08,Yes,3,27
E2816,Employee_1816,Finance,Associate,Female,23,62599.0,17328.07875709446,2020-06-01,2023-03-10,Yes,3,10
E2817,Employee_1817,HR,Manager,Female,57,55792.0,7640.297321386697,2018-10-29,,No,1,2
E2818,Employee_1818,,Executive,Female,46,,,2019-12-23,2023-05-29,Yes,2,7
E2819,Employee_1819,,Analyst,Male,45,30319.0,6296.0146651671175,2020-03-29,,No,1,23
E2820,Employee_1820,Sales,Associate,Female,30,91032.0,14067.438948103267,2017-03-31,,No,5,0
E2821,Employee_1821,Sales,Manager,Female,22,,,2016-04-06,2021-03-18,Yes,4,25
E2822,Employee_1822,HR,Executive,Female,47,57676.0,3100.0633769379338,2021-12-23,,No,5,0
E2823,Employee_1823,HR,Analyst,Female,48,,,2022-02-24,,No,4,1
E2824,Employee_1824,,Executive ,Female,52,39304.0,10438.502888936802,2021-03-28,,No,3,21
E2825,Employee_1825,Hr,Associate,Male,42,54028.0,3171.432792621805,2018-02-25,,No,5,13
E2826,Employee_1826,Hr,Associate,Male,55,106394.0,20100.615729135177,2022-12-08,2027-05-13,Yes,3,14
E2827,Employee_1827,,Manager,Male,31,79262.0,11059.917911785486,2018-07-27,,No,5,4
E2828,Employee_1828,IT,Specialist,Female,24,117052.0,22049.385776828185,2015-04-08,,No,5,15
E2829,Employee_1829,,Specialist,Male,27,133424.0,30640.946374462168,2016-10-13,,No,5,10
E2830,Employee_1830,Sales,Specialist,Female,34,193041.0,27578.963622116426,2015-09-10,,No,4,19
E2831,Employee_1831,Operations,Associate,Female,46,99385.0,26844.432704273306,2017-11-24,,No,3,5
E2832,Employee_1832,IT,Manager,Female,39,153066.0,42047.81854002707,2021-04-09,2022-07-16,Yes,2,2
E2833,Employee_1833,Hr,Specialist,Female,58,68428.0,6457.581751191238,2016-06-18,,No,2,13
E2834,Employee_1834,HR,Associate,Female,39,,,2015-01-26,,No,2,14
E2835,Employee_1835,Sales,Executive,Female,24,47718.0,4940.9156070569015,2018-03-04,,No,2,18
E2836,Employee_1836,Marketing,Manager,Male,48,138368.0,25381.029509722604,2019-02-17,2021-04-25,Yes,4,12
E2837,Employee_1837,Marketing,Associate,Male,33,166746.0,15682.228112565905,2017-06-29,,No,1,21
E2838,Employee_1838,HR,Executive,female,48,147202.0,18976.311299763012,2020-03-25,,No,5,6
E2839,Employee_1839,Marketing,Associate,Male,54,97936.0,15376.425825132239,2021-06-01,,No,1,11
E2840,Employee_1840,Sales,Executive,Female,22,47563.0,8548.704464131159,2021-11-07,2027-04-01,Yes,4,11
E2841,Employee_1841,Hr,Associate,Male,55,129280.0,36453.748357140714,2019-12-07,,No,1,0
E2842,Employee_1842,HR,Executive,Male,42,193947.0,34155.08684741161,2019-06-15,2021-12-04,Yes,3,7
E2843,Employee_1843,Hr,Associate,Male,57,33809.0,5967.990845972733,2018-06-27,,No,5,2
E2844,Employee_1844,Marketing,Manager,Female,39,,,2019-04-18,,No,4,28
E2845,Employee_1845,Support,Executive,Male,48,164511.0,28613.275261246792,2017-04-28,2020-05-18,Yes,2,11
E2846,Employee_1846,sales,Associate,Male,53,187981.0,50084.117939643045,2017-03-29,,No,1,16
E2847,Employee_1847,HR,Analyst,Female,44,78791.0,16887.251888221967,2017-06-25,2018-01-23,Yes,3,7
E2848,Employee_1848,HR,Analyst,Female,30,50927.0,14990.681274529294,2017-04-20,,No,4,1
E2849,Employee_1849,,Manager ,Female,28,153916.0,30427.412443944584,2017-09-14,,No,3,22
E2850,Employee_1850,Sales,Specialist,Male,35,195505.0,45654.01141982605,2016-04-04,,No,1,19
E2851,Employee_1851,Support,Analyst,Male,56,109810.0,18687.56068871449,2022-09-09,,No,3,1
E2852,Employee_1852,Support,Executive,female,57,176367.0,19904.34541271159,2021-07-09,2022-11-04,Yes,3,21
E2853,Employee_1853,IT,Executive,Male,30,142035.0,20774.418305171428,2016-12-03,,No,1,21
E2854,Employee_1854,IT,Analyst,Male,59,108382.0,8496.188020056872,2021-01-14,,No,4,24
E2855,Employee_1855,Support,Specialist,Male,46,167877.0,11336.651791466846,2016-11-07,,No,5,20
E2856,Employee_1856,IT,Executive,Female,29,131422.0,14940.069402782998,2021-12-09,2026-11-07,Yes,4,22
E2857,Employee_1857,IT,Manager,Male,26,147556.0,19889.240440315974,2018-07-08,2020-08-30,Yes,4,9
E2858,Employee_1858,Operations,Manager,Male,50,40355.0,5133.770397171867,2016-06-24,,No,3,14
E2859,Employee_1859,Operations,Manager,Female,28,162724.0,12897.710602766054,2021-06-14,,No,3,25
E2860,Employee_1860,Hr,Associate,Male,25,129855.0,8368.771581003615,2022-12-27,2025-08-14,Yes,4,19
E2861,Employee_1861,Sales,Analyst,Female,22,152323.0,26914.33322806391,2019-03-17,2019-11-29,Yes,5,28
E2862,Employee_1862,Finance,Associate,Male,39,135703.0,18285.774683208998,2016-09-06,,No,2,21
E2863,Employee_1863,Finance,Specialist,Female,28,102723.0,15789.747672179734,2020-12-20,2024-05-30,Yes,4,15
E2864,Employee_1864,Support,Manager,Female,27,182143.0,13072.496439682896,2019-06-02,,No,4,0
E2865,Employee_1865,Marketing,Associate,Male,53,136283.0,9759.421644932569,2023-01-05,,No,4,6
E2866,Employee_1866,Hr,Specialist,Male,52,50719.0,6875.792150175784,2022-01-27,,No,2,15
E2867,Employee_1867,HR,Specialist,Female,31,142684.0,26191.32868650679,2018-05-24,,No,1,20
E2868,Employee_1868,sales,Specialist,Female,32,116711.0,26855.66995995911,2021-06-23,,No,2,12
E2869,Employee_1869,Sales,Analyst ,Female,59,67823.0,11921.050711468013,2016-01-08,2021-01-20,Yes,5,16
E2870,Employee_1870,sales,Manager,Male,33,74387.0,8218.419477901412,2016-06-20,,No,2,3
E2871,Employee_1871,,Specialist,Female,38,63298.0,11267.33084557596,2015-09-11,2016-07-27,Yes,5,9
E2872,Employee_1872,,Analyst,Female,57,54240.0,9089.216779697754,2018-04-21,2023-06-14,Yes,1,23
E2873,Employee_1873,Hr,Specialist,Male,34,101725.0,30379.132144631443,2023-02-28,,No,3,27
E2874,Employee_1874,Marketing,Specialist,Male,50,51446.0,5643.187545732103,2017-03-04,2019-10-03,Yes,4,13
E2875,Employee_1875,Finance,Specialist,Female,31,198461.0,51236.836310714745,2017-04-19,,No,3,27
E2876,Employee_1876,Hr,Analyst,Male,49,102534.0,21465.300595820278,2016-05-25,,No,5,11
E2877,Employee_1877,Marketing,Executive,Male,25,156794.0,29797.5980483971,2016-12-15,,No,3,14
E2878,Employee_1878,IT,Executive,Female,51,63758.0,6603.736002790524,2020-11-30,2025-12-18,Yes,2,24
E2879,Employee_1879,Support,Executive,Male,53,171408.0,22268.130171764144,2020-08-25,,No,4,25
E2880,Employee_1880,IT,Associate,Male,58,55816.0,7130.117540378846,2017-04-03,2018-09-04,Yes,4,29
E2881,Employee_1881,sales,Specialist,Female,54,152330.0,44955.2791565738,2016-06-27,,No,4,6
E2882,Employee_1882,Support,Associate,Male,29,182254.0,23787.81829342268,2022-12-03,,No,1,22
E2883,Employee_1883,Finance,Executive,male,41,169192.0,15148.037642339521,2019-11-22,,No,4,19
E2884,Employee_1884,IT,Manager,Female,34,41805.0,9274.171882964107,2020-12-27,2023-01-18,Yes,2,17
E2885,Employee_1885,Operations,Manager,Male,22,154726.0,37789.7517226053,2021-05-06,,No,2,7
E2886,Employee_1886,sales,Executive,Male,51,64364.0,16560.564021174127,2020-08-22,2024-05-23,Yes,4,15
E2887,Employee_1887,Marketing,Executive,Male,45,115818.0,23604.139723515345,2018-07-19,,No,1,5
E2888,Employee_1888,,Analyst,Male,43,174013.0,15843.229537584788,2022-05-09,2024-03-29,Yes,4,12
E2889,Employee_1889,Hr,Associate,Male,56,36021.0,7812.970331245427,2023-01-22,,No,2,29
E2890,Employee_1890,Support,Executive,Male,28,38711.0,5702.772871718767,2022-02-06,,No,4,14
E2891,Employee_1891,Hr,Analyst,Male,56,33093.0,8357.020194875033,2018-04-11,,No,3,21
E2892,Employee_1892,Sales,Associate,Male,25,122510.0,36357.365103592856,2021-12-28,2022-10-07,Yes,1,15
E2893,Employee_1893,IT,Specialist,Female,49,138886.0,7129.163882913208,2018-04-04,2019-08-09,Yes,5,3
E2894,Employee_1894,HR,Manager,Male,54,68057.0,12964.541041766623,2016-03-23,,No,2,9
E2895,Employee_1895,Finance,Executive,Male,43,71723.0,7029.4574120808975,2019-07-01,,No,2,20
E2896,Employee_1896,Finance,Executive,Male,45,92040.0,19823.674698603485,2017-09-07,2021-05-29,Yes,3,22
E2897,Employee_1897,,Specialist,male,24,197644.0,39909.714924727356,2022-11-09,,No,5,19
E2898,Employee_1898,Operations,Associate,Female,53,35608.0,7957.011628595716,2021-04-18,,No,5,6
E2899,Employee_1899,sales,Manager,Male,28,105948.0,25291.708673201047,2015-08-05,,No,2,10
E2900,Employee_1900,Hr,Specialist,Female,51,189487.0,27168.63015406999,2019-06-02,2021-02-25,Yes,4,17
E2901,Employee_1901,Hr,Associate,Female,37,35695.0,4822.259195225029,2022-12-12,,No,4,15
E2902,Employee_1902,sales,Analyst,Female,32,142468.0,35288.36421094385,2016-02-01,2019-12-05,Yes,2,4
E2903,Employee_1903,sales,Associate,Female,35,50939.0,11778.501084264577,2022-07-29,,No,2,5
E2904,Employee_1904,sales,Associate,Male,37,151327.0,18959.722746768024,2017-12-28,2023-05-01,Yes,1,5
E2905,Employee_1905,Operations,Executive,Male,34,164288.0,11660.257038950564,2018-11-09,,No,5,13
E2906,Employee_1906,Marketing,Analyst,male,47,178933.0,13588.829985035014,2017-05-14,2018-11-14,Yes,3,22
E2907,Employee_1907,Sales,Analyst,Female,30,183650.0,45673.6519182089,2019-02-08,,No,4,19
E2908,Employee_1908,HR,Analyst,Female,39,96266.0,14005.692665352964,2021-02-21,,No,5,6
E2909,Employee_1909,HR,Manager,Male,46,167625.0,23630.909503445026,2019-12-06,,No,5,19
E2910,Employee_1910,,Associate ,Male,36,179749.0,47009.719371086445,2017-06-27,2019-02-12,Yes,2,0
E2911,Employee_1911,Sales,Associate,Female,52,118989.0,15358.277570628328,2017-02-28,2021-04-05,Yes,2,15
E2912,Employee_1912,,Analyst,Female,29,119909.0,17903.238960689345,2020-02-29,,No,4,3
E2913,Employee_1913,HR,Analyst,Female,46,83281.0,23476.10917274966,2017-03-26,2022-06-26,Yes,3,17
E2914,Employee_1914,Sales,Analyst,Female,34,197079.0,38211.130363461496,2015-03-22,,No,5,17
E2915,Employee_1915,HR,Executive,Female,52,129173.0,29423.33330725328,2017-12-05,,No,3,6
E2916,Employee_1916,Finance,Analyst,Male,35,51556.0,13041.25913542414,2021-11-28,2024-01-28,Yes,2,21
E2917,Employee_1917,Hr,Specialist,Female,33,63387.0,3652.621169685637,2017-02-15,,No,2,16
E2918,Employee_1918,Hr,Associate,Female,47,32460.0,5054.577139514491,2020-02-21,,No,3,23
E2919,Employee_1919,,Manager,Female,27,40529.0,9972.030546774238,2021-01-07,,No,1,24
E2920,Employee_1920,Finance,Executive,Male,33,108678.0,25698.658424266916,2021-08-14,,No,3,0
E2921,Employee_1921,sales,Manager,Male,25,145064.0,21724.801033983797,2016-03-19,2020-07-11,Yes,3,20
E2922,Employee_1922,sales,Analyst,Female,44,,,2022-11-09,,No,2,23
E2923,Employee_1923,,Specialist,Female,41,183560.0,29878.487401852897,2020-04-03,,No,4,1
E2924,Employee_1924,Sales,Manager,Female,26,77003.0,6893.546061947801,2018-04-05,,No,2,22
E2925,Employee_1925,Operations,Executive,Male,26,163071.0,20028.940662637237,2016-02-05,,No,5,0
E2926,Employee_1926,HR,Specialist,Male,26,179112.0,41079.49640393451,2015-09-04,,No,2,28
E2927,Employee_1927,Sales,Specialist,Female,32,86238.0,14251.55321140478,2021-06-26,2024-05-16,Yes,4,18
E2928,Employee_1928,,Manager,Male,28,95078.0,25246.844742148358,2015-09-10,,No,1,6
E2929,Employee_1929,,Specialist,Male,52,57584.0,15734.847613059972,2018-03-07,,No,3,25
E2930,Employee_1930,Sales,Executive,Female,40,138611.0,32786.04025615911,2023-02-14,2024-11-04,Yes,4,9
E2931,Employee_1931,Sales,Specialist,Female,48,189840.0,47266.037739260624,2019-09-15,2023-09-19,Yes,5,26
E2932,Employee_1932,IT,Executive,Male,38,199319.0,30142.554647362762,2022-09-10,,No,2,4
E2933,Employee_1933,HR,Manager,Female,30,174535.0,36344.02870700345,2022-04-08,,No,1,4
E2934,Employee_1934,Operations,Associate,female,22,119062.0,22129.752414930263,2021-04-02,,No,2,9
E2935,Employee_1935,Support,Analyst,Male,40,186844.0,23841.20542936421,2019-07-19,,No,2,14
E2936,Employee_1936,HR,Manager,Male,25,105992.0,22774.767560185235,2017-03-15,,No,2,8
E2937,Employee_1937,,Specialist,Female,26,123645.0,29958.252129310993,2019-09-20,,No,3,28
E2938,Employee_1938,Hr,Executive,Female,37,90522.0,12413.036314143486,2015-12-31,2018-10-16,Yes,4,6
E2939,Employee_1939,Sales,Associate,Female,25,115015.0,6667.557430229056,2021-12-13,2026-01-17,Yes,5,19
E2940,Employee_1940,Operations,Specialist,Female,23,156372.0,16882.68788552219,2015-11-03,,No,5,15
E2941,Employee_1941,HR,Manager,Female,23,36336.0,3556.326135811408,2017-05-22,2021-01-22,Yes,2,16
E2942,Employee_1942,Hr,Associate,Male,54,75704.0,17428.82506378,2016-09-18,,No,5,4
E2943,Employee_1943,,Specialist,Male,33,167727.0,46291.88450595776,2017-01-09,2022-04-08,Yes,2,27
E2944,Employee_1944,Operations,Specialist,Female,26,140234.0,36055.72285490892,2018-09-03,,No,4,15
E2945,Employee_1945,Support,Analyst,Male,23,165853.0,31949.980160301217,2021-07-26,,No,4,13
E2946,Employee_1946,Operations,Manager,Male,34,58016.0,4004.3328770069174,2016-01-05,,No,3,29
E2947,Employee_1947,Operations,Associate,female,42,186434.0,26817.47539921645,2017-08-07,,No,5,9
E2948,Employee_1948,,Manager,Female,53,145042.0,30146.16153241646,2019-01-22,,No,3,18
E2949,Employee_1949,HR,Executive,Male,26,157925.0,12930.098583668338,2019-09-22,,No,2,2
E2950,Employee_1950,Marketing,Associate ,Male,24,87888.0,10796.697729647527,2023-02-27,,No,3,18
E2951,Employee_1951,Sales,Executive,Female,32,97594.0,26601.746939734225,2021-09-09,,No,3,8
E2952,Employee_1952,Sales,Associate,Female,45,143922.0,11606.703262706698,2021-01-12,,No,3,9
E2953,Employee_1953,HR,Specialist,Male,44,68311.0,3737.992924105292,2023-02-02,,No,4,26
E2954,Employee_1954,Hr,Associate,Male,41,109599.0,5885.709092818646,2021-07-17,,No,3,14
E2955,Employee_1955,IT,Associate,Male,42,155332.0,16969.256703999443,2015-06-08,2018-08-06,Yes,5,13
E2956,Employee_1956,Marketing,Executive ,Male,57,127805.0,16220.214609894148,2020-01-26,,No,4,22
E2957,Employee_1957,Finance,Analyst,Female,51,185758.0,23412.717940677754,2021-10-14,,No,3,25
E2958,Employee_1958,HR,Executive,Female,40,45909.0,4235.768051244824,2015-12-26,,No,4,22
E2959,Employee_1959,Hr,Manager,Male,49,172350.0,27345.79719152609,2022-09-26,,No,1,18
E2960,Employee_1960,Operations,Specialist,Female,31,183263.0,21997.704752283105,2019-03-10,,No,2,25
E2961,Employee_1961,Operations,Executive,Male,28,175476.0,42044.42866324225,2015-01-16,2019-08-05,Yes,5,23
E2962,Employee_1962,Sales,Analyst,Male,24,32019.0,6761.390481937118,2021-05-09,,No,4,5
E2963,Employee_1963,Operations,Specialist,Female,36,33420.0,5960.295299671855,2015-12-23,,No,1,15
E2964,Employee_1964,IT,Associate,Female,30,34131.0,7198.904000613496,2017-10-24,,No,4,23
E2965,Employee_1965,Finance,Specialist,Female,56,88541.0,14770.572495200775,2019-01-27,2021-12-08,Yes,1,4
E2966,Employee_1966,,Manager,Female,26,138261.0,25618.434580704034,2017-08-29,2019-07-13,Yes,1,3
E2967,Employee_1967,IT,Associate,Female,53,192842.0,26065.251603559343,2021-04-14,2024-11-28,Yes,2,1
E2968,Employee_1968,Sales,Associate,Female,32,30528.0,4558.151947354887,2016-08-02,,No,5,5
E2969,Employee_1969,Marketing,Analyst,Male,52,77498.0,14627.857398644499,2017-03-20,,No,4,23
E2970,Employee_1970,Finance,Executive,Female,37,133431.0,28305.190343494476,2016-06-22,2019-04-07,Yes,2,26
E2971,Employee_1971,Marketing,Specialist,Male,42,169535.0,34594.64462404619,2020-04-06,,No,3,21
E2972,Employee_1972,IT,Analyst,Female,37,86271.0,20598.67225965986,2021-04-29,,No,2,13
E2973,Employee_1973,Sales,Analyst,Male,58,157182.0,35196.10161487835,2015-04-22,2019-10-18,Yes,3,26
E2974,Employee_1974,Marketing,Executive,Male,49,58287.0,8546.239906142235,2017-06-19,,No,5,27
E2975,Employee_1975,Marketing,Manager,male,26,127349.0,21043.454149668676,2022-05-15,,No,5,26
E2976,Employee_1976,sales,Manager,Male,45,72120.0,17340.22099764537,2015-08-06,,No,3,26
E2977,Employee_1977,sales,Executive,Female,56,160015.0,42560.122289200626,2018-04-19,,No,3,15
E2978,Employee_1978,HR,Analyst,Female,31,118281.0,12668.160095789552,2020-02-25,,No,4,20
E2979,Employee_1979,sales,Analyst,Female,29,188651.0,37065.09219252524,2019-08-13,2022-04-14,Yes,2,16
E2980,Employee_1980,Operations,Associate,Female,47,69846.0,17989.713741252155,2022-10-24,2027-12-24,Yes,4,27
E2981,Employee_1981,Sales,Manager,Male,39,55009.0,10057.443893539681,2023-02-05,,No,5,9
E2982,Employee_1982,Finance,Analyst,Male,52,46347.0,11364.116199384933,2015-06-17,2016-02-13,Yes,5,11
E2983,Employee_1983,Operations,Analyst,Male,28,57690.0,12315.825039846917,2020-07-03,,No,2,12
E2984,Employee_1984,Marketing,Analyst,Male,56,161120.0,15236.384558367796,2019-07-31,,No,1,6
E2985,Employee_1985,Support,Analyst,Female,46,78115.0,21073.673784849736,2018-09-21,2019-06-14,Yes,5,9
E2986,Employee_1986,Support,Analyst,Male,27,70148.0,20151.98515644919,2016-09-04,,No,1,26
E2987,Employee_1987,Support,Analyst,Male,42,128941.0,6745.3073738519215,2020-03-19,,No,4,23
E2988,Employee_1988,HR,Manager,Female,43,192217.0,18277.72078879857,2017-02-09,2019-07-31,Yes,1,9
E2989,Employee_1989,,Executive ,Male,42,178605.0,22195.967556352036,2020-03-06,,No,5,22
E2990,Employee_1990,Operations,Specialist,Female,58,72443.0,6472.392938161343,2017-11-09,,No,1,16
E2991,Employee_1991,Hr,Executive,Male,27,154444.0,42339.723150588776,2021-05-05,2024-09-12,Yes,2,15
E2992,Employee_1992,Finance,Specialist,Female,50,187029.0,48352.861413699786,2020-06-13,,No,2,16
E2993,Employee_1993,Hr,Analyst,Male,33,50504.0,12337.949292584512,2016-07-24,,No,5,27
E2994,Employee_1994,sales,Executive,Male,40,87732.0,22435.004001881378,2022-07-07,,No,3,21
E2995,Employee_1995,sales,Analyst,Male,37,65183.0,8088.364173826723,2020-01-03,,No,4,15
E2996,Employee_1996,,Analyst,Female,26,151677.0,10219.570481751805,2021-08-26,,No,4,12
E2997,Employee_1997,Marketing,Manager,Male,52,77857.0,10183.58008598921,2018-04-18,,No,1,3
E2998,Employee_1998,IT,Analyst,Female,28,133591.0,16131.679872344665,2020-08-25,,No,3,23
E2999,Employee_1999,HR,Specialist,Male,30,60104.0,15404.5490383903,2016-12-31,2021-12-21,Yes,1,17
E3000,Employee_2000,sales,Specialist ,Female,46,158404.0,25670.47760324765,2015-05-12,,No,4,25
E3001,Employee_2001,Operations,Associate,Female,24,93472.0,26981.57265208715,2022-04-28,2026-06-30,Yes,4,4
E3002,Employee_2002,Marketing,Manager,Male,43,79167.0,13162.212888238295,2019-05-27,,No,1,22
E3003,Employee_2003,Hr,Associate ,Male,58,37274.0,9459.95699161141,2021-04-29,2026-03-20,Yes,1,8
E3004,Employee_2004,sales,Analyst,Male,38,184562.0,22665.289530860948,2018-07-13,,No,1,12
E3005,Employee_2005,Finance,Manager,Female,55,180870.0,12767.12241720508,2019-11-09,,No,4,15
E3006,Employee_2006,Finance,Executive,Female,56,65326.0,8101.466614597596,2018-06-16,,No,5,12
E3007,Employee_2007,Operations,Executive,Male,26,115211.0,24397.950231212784,2017-03-17,,No,2,10
E3008,Employee_2008,,Executive,Female,59,43429.0,4502.8829372260925,2019-11-22,,No,2,21
E3009,Employee_2009,sales,Specialist,Female,32,196052.0,56368.339507415454,2019-03-23,2019-12-25,Yes,2,0
E3010,Employee_2010,sales,Manager,Male,58,161940.0,10592.5716509398,2017-02-05,2017-11-13,Yes,1,16
E3011,Employee_2011,sales,Manager,Male,31,87865.0,18502.369100144453,2017-09-20,,No,1,21
E3012,Employee_2012,Hr,Analyst,Male,33,182110.0,51860.771262319475,2020-11-08,2024-05-07,Yes,2,27
E3013,Employee_2013,Support,Manager,Female,33,98811.0,29122.804337848956,2020-08-11,,No,5,24
E3014,Employee_2014,Finance,Manager,Female,54,147718.0,42983.86013468495,2018-04-18,,No,5,28
E3015,Employee_2015,sales,Manager,Male,55,,,2016-08-12,,No,1,6
E3016,Employee_2016,sales,Specialist,Male,23,99852.0,9654.015731652673,2019-02-12,,No,4,11
E3017,Employee_2017,HR,Executive,Female,38,136683.0,10502.759938298155,2018-01-14,,No,2,9
E3018,Employee_2018,sales,Specialist,Female,32,88414.0,19980.28381881384,2021-11-27,,No,2,17
E3019,Employee_2019,Sales,Specialist ,Male,50,90481.0,10144.47013943781,2020-03-03,,No,2,19
E3020,Employee_2020,,Specialist,Male,50,41881.0,9392.768490374707,2015-11-10,,No,4,7
E3021,Employee_2021,sales,Manager,Male,51,188987.0,34680.42467055417,2019-06-15,2022-01-17,Yes,2,0
E3022,Employee_2022,,Executive,Male,46,47881.0,12488.107468087224,2020-12-01,,No,1,10
E3023,Employee_2023,IT,Manager,Female,22,134512.0,8451.87223887263,2018-07-19,2023-04-09,Yes,2,17
E3024,Employee_2024,sales,Analyst,Female,37,76365.0,4789.115832497136,2021-02-11,2026-01-13,Yes,5,15
E3025,Employee_2025,Hr,Specialist,Female,26,32882.0,2832.0873981270847,2021-03-10,,No,5,17
E3026,Employee_2026,Support,Analyst,Female,44,84261.0,13798.063965113208,2016-02-12,,No,5,9
E3027,Employee_2027,HR,Specialist,Female,22,199327.0,46187.233505907825,2017-05-19,2018-07-29,Yes,2,20
E3028,Employee_2028,sales,Specialist,Male,30,130727.0,12659.289512439023,2017-10-29,,No,4,6
E3029,Employee_2029,Finance,Analyst,Female,44,117329.0,20245.76351603719,2023-03-04,,No,5,14
E3030,Employee_2030,sales,Analyst,Male,24,61283.0,6210.544615589092,2017-10-14,2018-05-09,Yes,1,12
E3031,Employee_2031,HR,Specialist,Female,44,143435.0,23289.6399954921,2018-05-01,,No,2,16
E3032,Employee_2032,,Executive,female,57,169325.0,20762.5874426194,2019-12-23,,No,1,23
E3033,Employee_2033,Hr,Associate,Female,59,105028.0,12570.691026647795,2018-02-12,2023-05-08,Yes,1,12
E3034,Employee_2034,HR,Executive,Male,57,157874.0,30100.296199886612,2017-02-25,2020-03-10,Yes,1,26
E3035,Employee_2035,,Executive,Female,24,173532.0,50175.51350884704,2015-03-05,2018-10-19,Yes,2,14
E3036,Employee_2036,,Analyst,Female,22,85114.0,23691.757204723355,2016-04-02,2021-03-09,Yes,5,2
E3037,Employee_2037,Hr,Manager,Male,58,162812.0,32684.66531701869,2020-05-13,,No,2,2
E3038,Employee_2038,HR,Specialist,Female,44,72000.0,15622.640524729524,2017-08-19,2020-01-19,Yes,2,20
E3039,Employee_2039,HR,Specialist,Female,55,149004.0,14923.360440764438,2022-10-09,2027-02-01,Yes,4,13
E3040,Employee_2040,Hr,Analyst,Female,30,70910.0,12754.028360750664,2017-01-15,,No,5,27
E3041,Employee_2041,,Specialist,Female,59,86313.0,24397.71817622874,2019-03-22,,No,5,8
E3042,Employee_2042,IT,Associate,Female,30,178515.0,20643.038578005086,2020-06-28,,No,1,13
E3043,Employee_2043,Support,Manager,Male,47,193282.0,31665.313233397414,2016-08-17,,No,5,26
E3044,Employee_2044,Support,Executive,Male,46,103748.0,16210.501550769995,2022-04-21,2023-12-25,Yes,3,6
E3045,Employee_2045,Marketing,Executive,Male,40,35681.0,4689.440855809802,2018-11-21,2020-05-10,Yes,4,24
E3046,Employee_2046,Hr,Analyst,Female,34,88235.0,16631.012221665984,2017-08-31,,No,3,0
E3047,Employee_2047,IT,Associate,Female,46,72903.0,21273.336103985795,2020-08-23,,No,3,12
E3048,Employee_2048,Operations,Specialist,Female,34,139268.0,14167.600894829753,2022-07-01,,No,4,3
E3049,Employee_2049,Marketing,Analyst,Female,21,88215.0,8970.594907703506,2018-11-15,,No,5,19
E3050,Employee_2050,sales,Specialist,Female,31,192812.0,33846.31540484039,2019-01-27,,No,4,16
E3051,Employee_2051,Support,Specialist,Female,30,194503.0,36708.05685213588,2019-04-03,,No,1,16
E3052,Employee_2052,Marketing,Associate,Male,58,38831.0,4139.671998789634,2017-06-27,2018-07-09,Yes,5,5
E3053,Employee_2053,sales,Associate,Male,41,67170.0,7923.721253544941,2019-12-22,,No,3,11
E3054,Employee_2054,HR,Manager,Male,34,92188.0,15264.684880944087,2020-09-28,,No,5,7
E3055,Employee_2055,Sales,Associate,Female,25,146475.0,37388.91361273744,2020-01-23,,No,2,5
E3056,Employee_2056,IT,Analyst,Male,36,80955.0,9477.44628497481,2019-05-18,,No,4,29
E3057,Employee_2057,Hr,Specialist,Male,57,197813.0,31084.562928149575,2019-06-04,2020-07-22,Yes,3,4
E3058,Employee_2058,HR,Associate,Male,29,73262.0,10904.252174681664,2017-02-05,2022-01-17,Yes,4,11
E3059,Employee_2059,Hr,Associate,Male,51,46600.0,12020.750979196708,2018-08-14,2021-06-10,Yes,5,8
E3060,Employee_2060,Finance,Associate,male,27,141780.0,30037.756212362987,2016-10-03,,No,3,25
E3061,Employee_2061,sales,Specialist,Female,23,153075.0,45358.80085713638,2016-04-02,,No,1,16
E3062,Employee_2062,sales,Associate,Female,36,97592.0,18921.142253539492,2018-05-09,,No,3,22
E3063,Employee_2063,IT,Analyst,Male,29,154555.0,33115.92732159484,2021-09-12,,No,2,10
E3064,Employee_2064,IT,Specialist,Male,31,33591.0,7004.185846616236,2020-12-21,2026-03-21,Yes,4,6
E3065,Employee_2065,sales,Executive,Female,55,163703.0,39535.33445725185,2021-05-26,,No,1,20
E3066,Employee_2066,Finance,Analyst,Female,39,67190.0,11167.814577718817,2018-11-22,2022-07-10,Yes,4,20
E3067,Employee_2067,IT,Specialist,Female,56,72192.0,19960.8921909168,2016-01-28,,No,2,19
E3068,Employee_2068,Operations,Analyst,Male,48,132449.0,32065.900547334237,2018-10-28,,No,3,7
E3069,Employee_2069,Marketing,Executive,Female,52,171056.0,9408.581349260925,2022-05-20,,No,4,12
E3070,Employee_2070,HR,Specialist,Female,52,,,2019-04-15,2024-04-07,Yes,4,0
E3071,Employee_2071,Marketing,Specialist,Male,25,38254.0,3211.733429130267,2020-02-13,,No,1,29
E3072,Employee_2072,,Associate,Female,44,133025.0,29126.210711169264,2015-07-15,2019-06-09,Yes,3,22
E3073,Employee_2073,HR,Specialist,Female,27,152089.0,30180.189545713885,2019-03-02,,No,3,24
E3074,Employee_2074,Sales,Associate,Male,56,52007.0,13369.355821346277,2019-05-27,2024-10-06,Yes,3,9
E3075,Employee_2075,Marketing,Analyst,Female,57,108038.0,26061.09274298457,2015-03-31,,No,4,9
E3076,Employee_2076,sales,Analyst,Male,56,137598.0,28770.802890057064,2023-01-20,,No,3,28
E3077,Employee_2077,Finance,Manager,Male,38,39387.0,5888.41988849069,2023-01-24,,No,4,0
E3078,Employee_2078,Marketing,Specialist,Male,25,171929.0,47986.337640346224,2016-09-03,,No,5,0
E3079,Employee_2079,,Manager,Female,36,113446.0,15840.11418214646,2015-11-16,,No,3,14
E3080,Employee_2080,Marketing,Specialist,Male,32,72816.0,18480.81689720509,2020-03-11,2025-04-17,Yes,3,24
E3081,Employee_2081,,Associate,Male,48,,,2022-12-11,,No,2,20
E3082,Employee_2082,Finance,Manager,Female,32,30045.0,7984.674918143702,2018-12-16,,No,5,13
E3083,Employee_2083,sales,Specialist,Male,22,170926.0,22736.315465738087,2017-08-23,,No,5,4
E3084,Employee_2084,Hr,Analyst,Male,53,49455.0,14011.546243551686,2021-04-10,,No,2,29
E3085,Employee_2085,Operations,Associate,Female,59,118552.0,25007.01900454336,2019-03-24,,No,5,12
E3086,Employee_2086,Sales,Specialist,Female,48,76009.0,13621.511469682886,2017-07-22,,No,2,27
E3087,Employee_2087,IT,Manager,Male,33,144902.0,9352.256143544859,2020-05-31,,No,3,0
E3088,Employee_2088,Marketing,Analyst,Male,44,136960.0,35002.68612083296,2022-05-10,2027-09-10,Yes,5,15
E3089,Employee_2089,Operations,Specialist,Male,36,73148.0,19956.286091705075,2017-06-02,,No,5,11
E3090,Employee_2090,Marketing,Associate,Male,34,172097.0,43099.43129922622,2016-04-10,,No,4,15
E3091,Employee_2091,sales,Analyst,Male,33,178188.0,39193.258024174,2019-04-13,,No,1,12
E3092,Employee_2092,Marketing,Manager,Female,56,37176.0,5325.527986271344,2019-05-31,,No,5,25
E3093,Employee_2093,sales,Analyst,Male,52,30997.0,9016.130546376346,2016-07-22,2017-12-13,Yes,4,15
E3094,Employee_2094,IT,Executive,Male,40,172303.0,22750.335911071965,2021-11-16,,No,3,29
E3095,Employee_2095,sales,Specialist,Male,54,,,2015-04-18,,No,1,27
E3096,Employee_2096,Marketing,Associate,Female,35,186017.0,23467.71090393856,2021-03-02,,No,5,16
E3097,Employee_2097,Marketing,Executive,male,53,98860.0,20685.021792241725,2022-12-16,2024-02-15,Yes,4,1
E3098,Employee_2098,,Associate,Male,21,133976.0,32703.652867808323,2019-07-02,,No,1,0
E3099,Employee_2099,Finance,Executive,Female,59,164271.0,45098.31026483401,2016-03-19,,No,2,29
E3100,Employee_2100,Sales,Analyst,Male,45,,,2015-03-21,,No,5,13
E3101,Employee_2101,HR,Associate,Male,37,46267.0,2936.7780504123566,2020-05-29,2024-07-10,Yes,4,12
E3102,Employee_2102,Sales,Associate,Male,40,124542.0,19534.670748044806,2022-07-04,,No,2,27
E3103,Employee_2103,Support,Executive,Male,22,194974.0,54987.83917247516,2018-04-17,,No,2,19
E3104,Employee_2104,Sales,Specialist,Male,48,132601.0,31715.00694642274,2021-06-02,,No,4,18
E3105,Employee_2105,HR,Manager,Female,38,,,2023-02-18,,No,2,1
E3106,Employee_2106,HR,Associate,Male,44,160469.0,22563.20153047259,2019-02-25,,No,2,6
E3107,Employee_2107,Support,Manager,Female,22,125149.0,10508.953950579571,2020-10-23,,No,2,10
E3108,Employee_2108,sales,Analyst,Male,22,80406.0,19098.282636977423,2021-02-24,,No,4,1
E3109,Employee_2109,Sales,Analyst,Female,55,50641.0,13042.301440685527,2022-10-17,,No,3,3
E3110,Employee_2110,sales,Associate,Male,44,170710.0,21850.935741443387,2017-07-23,2020-08-08,Yes,3,21
E3111,Employee_2111,IT,Specialist,female,55,162511.0,27595.02830294454,2018-07-03,2021-09-04,Yes,1,2
E3112,Employee_2112,,Associate,Male,50,139934.0,35639.020489070324,2020-03-30,2022-12-09,Yes,1,13
E3113,Employee_2113,Hr,Specialist,Male,44,146196.0,16456.05294203508,2015-10-22,2019-08-28,Yes,4,17
E3114,Employee_2114,Marketing,Executive,Female,57,98591.0,19897.30706799395,2022-05-06,,No,3,13
E3115,Employee_2115,Operations,Associate,Male,29,46997.0,9914.81524782707,2019-05-23,2024-04-09,Yes,1,10
E3116,Employee_2116,Support,Associate,Male,42,,,2016-04-09,,No,3,1
E3117,Employee_2117,Support,Specialist,Female,31,,,2021-09-08,,No,5,20
E3118,Employee_2118,Hr,Analyst,Female,50,157962.0,9024.370040890639,2020-08-17,2025-03-11,Yes,2,26
E3119,Employee_2119,Support,Specialist,Male,36,169148.0,46211.0618974375,2015-08-07,,No,1,28
E3120,Employee_2120,HR,Specialist,Female,47,137327.0,28023.994367907664,2019-11-27,,No,1,25
E3121,Employee_2121,Marketing,Specialist,Female,48,171418.0,21906.946237005384,2019-10-14,,No,5,7
E3122,Employee_2122,IT,Specialist,Female,58,114156.0,34053.47873411959,2018-09-06,,No,3,13
E3123,Employee_2123,Sales,Manager,Male,46,148458.0,11750.560797521726,2023-01-19,,No,3,6
E3124,Employee_2124,Support,Specialist,Male,48,196915.0,53794.34946353183,2021-11-20,2022-12-03,Yes,5,22
E3125,Employee_2125,,Analyst,Male,57,63043.0,11425.50486824023,2018-11-02,,No,5,29
E3126,Employee_2126,,Manager,Male,54,,,2020-02-24,,No,2,27
E3127,Employee_2127,Sales,Associate,Female,28,168458.0,14661.486058758966,2019-08-04,,No,4,12
E3128,Employee_2128,Sales,Specialist,Male,40,188273.0,51768.35750639837,2019-03-07,,No,3,12
E3129,Employee_2129,sales,Manager,Male,57,176297.0,36828.156024399344,2020-08-23,,No,4,21
E3130,Employee_2130,Marketing,Analyst,Male,59,116755.0,24315.072462720243,2021-04-29,,No,3,14
E3131,Employee_2131,Operations,Specialist,Female,53,75313.0,14844.824108597551,2021-09-22,,No,4,14
E3132,Employee_2132,Marketing,Analyst,Male,44,91710.0,22169.262958870353,2017-06-20,,No,1,17
E3133,Employee_2133,sales,Executive,Male,40,169122.0,13016.29614365867,2018-05-16,2022-07-13,Yes,4,27
E3134,Employee_2134,sales,Specialist,Female,29,37450.0,9623.826681870614,2018-01-25,,No,2,16
E3135,Employee_2135,,Manager,Female,56,112641.0,33006.51619285698,2018-09-13,,No,5,22
E3136,Employee_2136,IT,Executive,Female,40,66181.0,8952.679675540117,2015-01-23,,No,1,2
E3137,Employee_2137,Sales,Executive,Female,23,78929.0,7254.000603093373,2019-06-05,2022-07-19,Yes,3,29
E3138,Employee_2138,,Executive ,Male,43,69950.0,12103.390040789007,2015-03-19,,No,2,6
E3139,Employee_2139,Finance,Associate,Female,38,176874.0,13009.540963399057,2018-12-18,,No,4,26
E3140,Employee_2140,Finance,Specialist,Female,22,179967.0,49071.00241505972,2022-11-11,,No,3,14
E3141,Employee_2141,Support,Executive,Male,33,166421.0,35196.55463234323,2020-01-30,2025-01-09,Yes,2,23
E3142,Employee_2142,Finance,Associate,Male,56,93528.0,5598.865563238372,2021-04-26,,No,1,29
E3143,Employee_2143,Support,Executive,Male,44,134887.0,8943.00023292313,2019-03-23,,No,2,12
E3144,Employee_2144,Sales,Executive,Male,28,35302.0,9423.710432788333,2017-06-27,,No,5,19
E3145,Employee_2145,Support,Analyst,Female,34,44239.0,10881.96760598949,2022-01-30,,No,1,19
E3146,Employee_2146,,Manager,Female,24,156228.0,42521.09088984987,2019-12-12,2020-08-20,Yes,4,23
E3147,Employee_2147,Support,Manager,Male,28,95563.0,14741.91238502651,2017-02-02,,No,3,16
E3148,Employee_2148,HR,Executive,Male,29,43107.0,10889.578445754736,2019-01-29,,No,4,18
E3149,Employee_2149,Sales,Specialist,Male,42,75434.0,4406.2947885689655,2017-12-11,,No,1,1
E3150,Employee_2150,Hr,Executive,Male,28,157425.0,8705.297340604931,2020-06-15,,No,1,12
E3151,Employee_2151,sales,Associate,Female,26,110989.0,10664.13802321259,2021-10-20,,No,2,6
E3152,Employee_2152,sales,Executive,Female,31,113749.0,26378.203801892814,2016-09-18,,No,2,11
E3153,Employee_2153,Support,Associate,Male,37,42661.0,8959.330431458284,2020-06-10,,No,3,18
E3154,Employee_2154,HR,Executive,Male,56,150926.0,23501.294128445537,2019-03-29,,No,2,20
E3155,Employee_2155,Hr,Associate,Male,21,98835.0,21743.169963974502,2020-07-28,,No,5,10
E3156,Employee_2156,Marketing,Associate,Female,41,94666.0,9501.188490188832,2022-04-28,,No,2,18
E3157,Employee_2157,Marketing,Associate,Male,55,61335.0,7750.163217678445,2015-04-22,,No,5,19
E3158,Employee_2158,,Manager,Female,28,196026.0,41389.08423746439,2018-06-16,,No,5,20
E3159,Employee_2159,,Analyst,Female,43,77664.0,10314.047424722525,2020-10-20,2024-11-14,Yes,2,29
E3160,Employee_2160,Support,Specialist,Male,33,47878.0,10775.119359049228,2020-12-12,2023-07-10,Yes,4,0
E3161,Employee_2161,Hr,Manager,Female,49,,,2015-04-16,2018-12-30,Yes,5,23
E3162,Employee_2162,Hr,Specialist,Male,49,121820.0,32524.85722370513,2020-03-23,,No,5,1
E3163,Employee_2163,Finance,Analyst,Male,21,176539.0,25581.863428761597,2015-10-20,2017-12-11,Yes,3,14
E3164,Employee_2164,Sales,Associate,Male,55,,,2021-10-27,2023-07-16,Yes,3,28
E3165,Employee_2165,IT,Associate,Female,38,61351.0,15819.61029301163,2018-11-15,2020-08-03,Yes,2,28
E3166,Employee_2166,Operations,Associate,Male,51,36955.0,4955.762942789428,2016-10-20,2020-11-13,Yes,1,8
E3167,Employee_2167,Marketing,Manager,female,40,31225.0,7707.312318651791,2017-06-14,,No,2,17
E3168,Employee_2168,Finance,Associate,Male,41,122404.0,30387.042677308797,2021-08-30,2024-04-14,Yes,3,22
E3169,Employee_2169,Marketing,Manager,Male,37,62099.0,7828.297924251357,2015-01-16,,No,1,12
E3170,Employee_2170,Sales,Executive,Male,21,152181.0,10973.680119576025,2016-12-03,,No,5,8
E3171,Employee_2171,Hr,Specialist,Male,46,148521.0,20804.863922772143,2022-04-07,,No,4,26
E3172,Employee_2172,Sales,Associate,Female,39,89332.0,20524.77155519456,2017-05-22,,No,3,27
E3173,Employee_2173,Operations,Manager,Female,46,,,2018-11-29,,No,1,21
E3174,Employee_2174,Hr,Analyst,Male,48,162335.0,24736.545624011254,2022-07-05,,No,1,25
E3175,Employee_2175,Hr,Manager,Male,40,193224.0,14926.553510320924,2021-03-14,2025-06-12,Yes,5,5
E3176,Employee_2176,Operations,Manager,Male,43,,,2016-10-31,,No,3,5
E3177,Employee_2177,Hr,Executive,female,31,60028.0,11661.067222884305,2020-07-30,,No,2,20
E3178,Employee_2178,Marketing,Specialist,female,55,112979.0,21019.238900724533,2015-08-08,2017-04-04,Yes,3,23
E3179,Employee_2179,HR,Analyst,Female,23,47693.0,14283.041626381311,2017-04-13,2018-09-11,Yes,1,17
E3180,Employee_2180,Finance,Specialist,female,51,173193.0,26731.782201960188,2019-06-06,,No,1,16
E3181,Employee_2181,Hr,Analyst,Male,41,102240.0,15064.246345348598,2019-04-25,2022-01-10,Yes,2,7
E3182,Employee_2182,Operations,Specialist ,Female,53,88390.0,13761.412076707342,2015-02-18,,No,1,5
E3183,Employee_2183,Sales,Analyst,Male,59,52873.0,13382.89886716743,2018-11-01,,No,4,20
E3184,Employee_2184,,Manager,Male,38,147213.0,29937.437088287887,2016-10-14,,No,2,18
E3185,Employee_2185,HR,Specialist,Male,45,42875.0,5900.35248109529,2022-06-10,,No,2,29
E3186,Employee_2186,Marketing,Specialist,Male,50,145256.0,32856.75599330422,2017-04-11,,No,1,1
E3187,Employee_2187,HR,Analyst,Male,36,192893.0,54367.993299417365,2015-09-27,2017-01-25,Yes,2,15
E3188,Employee_2188,Support,Analyst,Female,24,,,2018-11-03,2022-01-19,Yes,1,27
E3189,Employee_2189,Operations,Specialist,Female,45,123826.0,25465.62261602926,2017-06-04,,No,2,7
E3190,Employee_2190,,Specialist,Male,58,167637.0,34943.05421297797,2021-11-30,,No,3,6
E3191,Employee_2191,IT,Associate,Female,55,157463.0,22953.392584891826,2020-10-26,2024-04-09,Yes,2,24
E3192,Employee_2192,IT,Executive,Male,48,153491.0,30757.620448181868,2019-07-18,,No,5,27
E3193,Employee_2193,Sales,Analyst,Female,53,30005.0,5275.091625827615,2021-05-07,,No,4,2
E3194,Employee_2194,IT,Specialist,Male,55,63948.0,7082.271601176899,2018-02-12,,No,4,1
E3195,Employee_2195,IT,Associate,Male,37,98607.0,21155.206830708044,2022-08-24,,No,3,20
E3196,Employee_2196,Support,Analyst,Male,35,114335.0,9445.661301275906,2018-05-21,,No,4,11
E3197,Employee_2197,Hr,Specialist,Male,52,,,2015-01-05,,No,1,20
E3198,Employee_2198,,Specialist,Female,38,106948.0,19928.76657749718,2022-03-18,,No,3,8
E3199,Employee_2199,HR,Specialist,Female,44,95687.0,19763.65832799701,2016-05-18,,No,1,5
E3200,Employee_2200,HR,Manager,Male,54,112762.0,9954.44459304116,2020-09-01,,No,4,21
E3201,Employee_2201,Hr,Executive,Female,38,46040.0,11437.687570787795,2019-01-24,,No,5,0
E3202,Employee_2202,Hr,Manager,Female,24,33811.0,8669.744315003032,2017-06-16,,No,4,25
E3203,Employee_2203,sales,Analyst,Male,43,187786.0,34566.63122989761,2022-02-10,,No,3,3
E3204,Employee_2204,sales,Specialist,Female,30,74852.0,18356.42039702047,2017-11-27,,No,5,19
E3205,Employee_2205,Sales,Specialist,Female,59,122676.0,15230.865211584438,2020-12-10,,No,5,15
E3206,Employee_2206,Sales,Associate,Female,45,49405.0,8299.266388785078,2018-03-31,,No,3,6
E3207,Employee_2207,Support,Manager ,Male,46,88282.0,7595.246172077946,2020-04-19,,No,2,5
E3208,Employee_2208,Marketing,Manager,Male,52,113205.0,33193.30798405859,2018-03-05,,No,3,6
E3209,Employee_2209,,Executive,Male,47,40712.0,8926.940310518377,2022-01-28,2025-10-28,Yes,4,22
E3210,Employee_2210,HR,Specialist,Male,59,64136.0,8453.931436961871,2017-09-20,,No,5,21
E3211,Employee_2211,Finance,Analyst,Male,49,174296.0,16044.539508110867,2015-07-10,2018-08-15,Yes,5,8
E3212,Employee_2212,Marketing,Associate,Male,28,98774.0,17784.57202981676,2018-07-06,,No,1,6
E3213,Employee_2213,HR,Specialist,Male,39,57597.0,11117.658289528672,2021-01-31,,No,1,18
E3214,Employee_2214,Hr,Associate,Male,46,168320.0,22165.26390904778,2022-10-05,2025-06-25,Yes,4,24
E3215,Employee_2215,Marketing,Executive,Female,39,,,2019-03-23,2024-05-27,Yes,3,4
E3216,Employee_2216,Hr,Analyst,Female,50,113824.0,29843.30684728433,2021-02-11,,No,2,11
E3217,Employee_2217,,Associate,Male,33,65481.0,5584.973254943676,2020-09-29,,No,4,16
E3218,Employee_2218,IT,Manager,Male,40,171668.0,39094.367220308915,2022-12-04,2027-08-29,Yes,2,12
E3219,Employee_2219,HR,Specialist,Male,42,60183.0,12057.426669722632,2016-03-21,,No,1,3
E3220,Employee_2220,IT,Executive,Male,43,182635.0,44131.797864167995,2019-05-10,2021-11-14,Yes,1,25
E3221,Employee_2221,sales,Executive,Female,29,180694.0,23947.005300413737,2019-05-24,2019-12-18,Yes,4,5
E3222,Employee_2222,HR,Manager,Female,48,155612.0,35243.65223883515,2022-10-26,,No,3,5
E3223,Employee_2223,Operations,Analyst,Female,24,117242.0,9571.699502081363,2021-11-18,,No,3,2
E3224,Employee_2224,Sales,Manager,Female,32,119690.0,32678.72178951638,2019-10-15,2023-03-29,Yes,5,27
E3225,Employee_2225,IT,Manager,Female,58,141975.0,40928.23658322552,2015-06-29,2018-03-21,Yes,4,20
E3226,Employee_2226,sales,Specialist,Male,37,32024.0,2324.290393754379,2021-10-24,2024-10-14,Yes,5,27
E3227,Employee_2227,Operations,Associate,Female,58,37370.0,2488.9393523322565,2021-11-20,,No,1,0
E3228,Employee_2228,Support,Analyst,Male,23,174638.0,50342.580541658186,2020-09-01,,No,1,21
E3229,Employee_2229,sales,Executive,Female,39,139366.0,22137.919645194183,2018-10-27,,No,3,29
E3230,Employee_2230,Finance,Analyst,Male,43,82442.0,17508.836026321398,2018-10-11,,No,4,22
E3231,Employee_2231,sales,Associate,Male,47,61661.0,16313.825510385019,2022-12-17,,No,2,19
E3232,Employee_2232,Sales,Specialist,Female,55,92814.0,6752.492460998483,2017-09-08,,No,5,8
E3233,Employee_2233,Marketing,Specialist,Male,29,186659.0,49011.92796743852,2020-10-27,,No,5,21
E3234,Employee_2234,Support,Analyst,Female,36,114511.0,23761.236771779208,2018-03-11,2022-03-24,Yes,2,7
E3235,Employee_2235,IT,Manager,Male,56,60484.0,7130.228447035468,2016-07-08,2021-08-06,Yes,4,13
E3236,Employee_2236,Sales,Executive,Female,26,83790.0,12774.59152020072,2020-10-19,,No,1,1
E3237,Employee_2237,IT,Specialist,Female,37,82275.0,15010.557788188275,2023-03-05,2025-12-10,Yes,1,20
E3238,Employee_2238,HR,Analyst,Male,58,182418.0,45726.52909235505,2019-11-02,,No,4,18
E3239,Employee_2239,Marketing,Manager,Male,57,137938.0,28953.776733349947,2021-10-26,,No,4,29
E3240,Employee_2240,Sales,Manager,Female,56,37425.0,2401.7928943809993,2022-11-27,,No,5,9
E3241,Employee_2241,Operations,Associate,Female,29,161776.0,44943.64380478595,2020-06-21,2021-02-07,Yes,2,10
E3242,Employee_2242,Marketing,Associate,Female,51,168573.0,9447.267192550271,2021-05-06,,No,5,14
E3243,Employee_2243,Operations,Specialist,Female,39,64404.0,12786.14973210343,2015-04-02,,No,4,24
E3244,Employee_2244,Finance,Analyst,Male,44,125259.0,33641.32820921733,2017-04-11,,No,2,24
E3245,Employee_2245,Operations,Analyst,Female,55,182771.0,9435.325142300027,2015-09-21,,No,4,14
E3246,Employee_2246,HR,Analyst,Female,27,195369.0,24585.720724114635,2020-02-21,,No,4,17
E3247,Employee_2247,Support,Analyst,Male,35,177556.0,22388.38153865434,2020-04-03,2021-06-20,Yes,4,24
E3248,Employee_2248,Support,Specialist,Male,47,199246.0,47361.341123332866,2017-12-06,,No,3,0
E3249,Employee_2249,Sales,Specialist,Female,49,68400.0,11545.881002713835,2020-12-31,,No,2,27
E3250,Employee_2250,Operations,Specialist,Female,42,35969.0,7980.640694020509,2017-04-23,2019-08-29,Yes,1,17
E3251,Employee_2251,Operations,Executive,Male,25,33657.0,8788.064273455691,2017-02-13,2019-10-04,Yes,5,14
E3252,Employee_2252,IT,Associate,Female,35,34329.0,4073.5494532455837,2018-11-05,,No,2,13
E3253,Employee_2253,Marketing,Manager,Male,46,150185.0,9310.251946314647,2021-04-11,2023-10-15,Yes,2,15
E3254,Employee_2254,HR,Executive,Male,33,109386.0,9275.599248121292,2019-09-08,2023-08-03,Yes,1,21
E3255,Employee_2255,sales,Specialist,Male,43,,,2019-05-28,,No,3,23
E3256,Employee_2256,Support,Specialist,Female,49,43392.0,4138.598367669983,2022-09-23,,No,4,18
E3257,Employee_2257,Operations,Specialist,Male,40,152790.0,43954.35026802425,2019-01-17,,No,1,8
E3258,Employee_2258,Support,Specialist,Female,33,188566.0,16172.395150153228,2022-09-01,,No,1,15
E3259,Employee_2259,Finance,Manager,Male,42,78737.0,12911.213283327541,2022-04-26,,No,5,17
E3260,Employee_2260,sales,Associate,Male,44,97839.0,29153.416624298312,2020-01-26,2025-07-11,Yes,2,26
E3261,Employee_2261,Finance,Analyst,Female,34,72287.0,19567.044115695306,2017-01-26,,No,4,27
E3262,Employee_2262,Operations,Manager,Male,48,42803.0,4113.028422989239,2018-11-11,,No,1,16
E3263,Employee_2263,Hr,Specialist,Female,27,43117.0,3193.314989628567,2017-12-28,,No,3,6
E3264,Employee_2264,Hr,Specialist,Female,54,96480.0,7089.108351724446,2016-03-06,,No,3,8
E3265,Employee_2265,Support,Executive,male,58,122529.0,29470.41940607904,2018-12-04,2021-01-09,Yes,1,3
E3266,Employee_2266,,Associate,Female,24,99407.0,28569.625157543058,2022-09-10,,No,1,9
E3267,Employee_2267,,Analyst,Male,40,33145.0,3876.6799729813,2021-03-13,,No,2,28
E3268,Employee_2268,,Associate,Female,48,161994.0,26556.316863622622,2019-07-21,,No,1,3
E3269,Employee_2269,Support,Specialist,Male,27,103352.0,5813.941494555889,2018-12-01,2023-04-12,Yes,1,24
E3270,Employee_2270,Sales,Analyst,Female,33,153775.0,37798.719889554304,2022-02-24,2026-12-12,Yes,5,12
E3271,Employee_2271,Sales,Executive,Female,47,32387.0,1979.4706784419857,2019-12-05,,No,5,7
E3272,Employee_2272,Operations,Manager,Male,39,135669.0,36534.13204461489,2015-12-25,,No,1,20
E3273,Employee_2273,Marketing,Specialist,Female,42,,,2019-08-20,2021-06-13,Yes,1,16
E3274,Employee_2274,Support,Specialist,Male,50,145481.0,13917.135036615682,2019-11-09,,No,3,20
E3275,Employee_2275,HR,Analyst,Male,41,90263.0,25601.67789346998,2018-02-01,,No,5,16
E3276,Employee_2276,HR,Executive,Male,39,113323.0,23536.612923662553,2016-12-05,,No,5,24
E3277,Employee_2277,Marketing,Analyst,Female,26,157129.0,16687.60652178395,2019-11-20,,No,5,4
E3278,Employee_2278,HR,Manager,Male,51,41467.0,11286.761791459085,2022-06-28,,No,5,15
E3279,Employee_2279,Support,Analyst,Male,40,177276.0,28475.377703030095,2020-09-24,2021-07-15,Yes,2,28
E3280,Employee_2280,Marketing,Manager,Male,23,198394.0,27812.24703312079,2021-11-22,,No,2,25
E3281,Employee_2281,sales,Analyst,Female,29,140675.0,38597.10120464909,2019-01-21,,No,5,8
E3282,Employee_2282,IT,Manager,Female,25,124410.0,27110.993544357556,2018-02-03,2021-10-10,Yes,4,13
E3283,Employee_2283,HR,Analyst,Female,25,148384.0,31338.463476883968,2023-03-16,,No,3,9
E3284,Employee_2284,HR,Executive,Female,59,56465.0,3725.438184348313,2019-07-02,,No,3,1
E3285,Employee_2285,Sales,Analyst,Female,25,85178.0,20389.692922008675,2022-06-15,2025-07-21,Yes,3,2
E3286,Employee_2286,sales,Analyst,Male,51,114084.0,11456.884634199476,2022-10-06,2024-12-31,Yes,2,3
E3287,Employee_2287,,Analyst,Male,38,169570.0,48947.97078511616,2015-05-02,,No,1,15
E3288,Employee_2288,,Executive,Male,46,53397.0,9440.6421528978,2015-02-28,,No,5,8
E3289,Employee_2289,sales,Associate,Female,58,145828.0,42627.00482897274,2016-02-03,,No,3,4
E3290,Employee_2290,sales,Analyst,Female,36,45624.0,8839.11954377729,2018-11-22,,No,5,14
E3291,Employee_2291,,Specialist,Female,28,,,2018-02-26,,No,2,16
E3292,Employee_2292,,Executive,Male,25,154125.0,11450.126652001109,2022-03-24,,No,2,17
E3293,Employee_2293,Support,Analyst,Male,22,195166.0,12374.909608808563,2019-05-05,2023-03-17,Yes,1,13
E3294,Employee_2294,Operations,Manager,Female,25,81943.0,13301.311862925446,2023-02-20,2028-06-11,Yes,5,16
E3295,Employee_2295,Operations,Analyst,Male,52,55874.0,11260.141945546255,2016-11-04,,No,1,11
E3296,Employee_2296,HR,Manager,Male,45,52455.0,9264.88012509798,2016-04-20,,No,1,17
E3297,Employee_2297,,Associate,Female,38,136924.0,28951.195893066975,2018-08-22,2019-05-06,Yes,2,15
E3298,Employee_2298,HR,Manager,Female,37,164278.0,19749.635583249787,2022-01-13,,No,5,20
E3299,Employee_2299,Finance,Analyst,Female,23,108930.0,28145.86801601582,2019-02-15,,No,4,12
E3300,Employee_2300,Operations,Analyst,Male,38,157580.0,29776.336012291424,2015-10-21,,No,4,23
E3301,Employee_2301,IT,Manager,Male,55,128475.0,30702.888520366138,2018-02-17,,No,4,0
E3302,Employee_2302,IT,Analyst,Female,22,33577.0,8860.012975206542,2015-06-07,,No,2,29
E3303,Employee_2303,HR,Manager,Male,44,143583.0,26253.856958549077,2021-07-05,,No,2,18
E3304,Employee_2304,Sales,Executive,Male,27,150120.0,37543.53533173206,2020-10-27,,No,1,9
E3305,Employee_2305,Hr,Executive,Male,43,56883.0,11501.149952086089,2021-06-02,,No,4,22
E3306,Employee_2306,sales,Analyst,Female,57,115834.0,11004.752557603788,2019-08-05,2023-06-16,Yes,1,29
E3307,Employee_2307,Hr,Associate,Male,38,168354.0,11647.039993400294,2018-09-23,2020-09-13,Yes,4,17
E3308,Employee_2308,Marketing,Associate,Male,34,183358.0,42025.5489346408,2022-06-10,,No,2,11
E3309,Employee_2309,Hr,Manager,Male,33,112579.0,11673.138236230498,2016-06-30,2018-07-04,Yes,2,0
E3310,Employee_2310,Hr,Executive ,Female,58,132770.0,15135.141337896184,2019-01-31,,No,3,7
E3311,Employee_2311,HR,Manager,Female,52,103820.0,10175.44994282395,2022-12-10,,No,4,15
E3312,Employee_2312,Sales,Analyst,Male,56,100047.0,5076.452825976506,2021-08-10,,No,1,10
E3313,Employee_2313,HR,Associate,Male,43,45729.0,12710.070101300471,2019-07-24,,No,3,10
E3314,Employee_2314,Finance,Executive,Female,55,199290.0,27405.927955818846,2016-02-16,,No,1,19
E3315,Employee_2315,sales,Specialist,Female,48,165064.0,44358.19856265388,2019-07-23,,No,3,4
E3316,Employee_2316,Sales,Analyst,Female,30,139097.0,26326.400009633704,2018-06-05,,No,2,17
E3317,Employee_2317,Support,Associate,Male,33,160436.0,27489.600436643315,2016-09-30,,No,3,29
E3318,Employee_2318,,Associate ,Female,50,192079.0,16783.317492623948,2020-08-07,,No,4,9
E3319,Employee_2319,Sales,Specialist,Male,42,164902.0,24297.76777710294,2020-05-16,2022-03-13,Yes,1,23
E3320,Employee_2320,IT,Analyst,Female,56,189327.0,9592.639061173535,2017-01-31,,No,3,19
E3321,Employee_2321,Sales,Analyst,Female,56,196811.0,44493.27285980252,2018-12-14,,No,1,20
E3322,Employee_2322,sales,Analyst,Male,32,,,2021-04-16,,No,4,26
E3323,Employee_2323,Hr,Manager,Male,45,72756.0,4915.3463564599915,2020-08-17,2024-09-13,Yes,4,24
E3324,Employee_2324,sales,Manager,Female,27,68623.0,16385.125069194004,2016-11-07,,No,3,6
E3325,Employee_2325,IT,Manager,Female,26,165162.0,30267.198399130815,2019-06-16,2023-09-23,Yes,2,18
E3326,Employee_2326,sales,Analyst,Female,51,119609.0,25162.455388352602,2016-08-01,,No,3,17
E3327,Employee_2327,Operations,Associate,Female,45,77801.0,17033.49342544268,2021-02-03,,No,1,14
E3328,Employee_2328,sales,Analyst,Female,59,193593.0,51333.69520875773,2018-07-01,,No,4,28
E3329,Employee_2329,Finance,Specialist,Female,52,35631.0,5325.752987601529,2015-05-31,2018-11-24,Yes,4,19
E3330,Employee_2330,IT,Analyst,Female,23,183652.0,35190.781280342955,2015-07-12,,No,1,0
E3331,Employee_2331,Marketing,Associate,Male,26,168886.0,9097.992648474605,2019-05-18,,No,1,6
E3332,Employee_2332,HR,Manager,Male,39,33692.0,5205.399341668199,2015-11-29,,No,4,13
E3333,Employee_2333,,Associate,Male,42,142413.0,16186.193990159702,2019-01-31,,No,4,26
E3334,Employee_2334,Finance,Associate,Male,58,144362.0,39236.46154489594,2022-01-03,,No,5,23
E3335,Employee_2335,IT,Specialist,Male,54,120918.0,27600.38604109825,2023-01-02,,No,5,0
E3336,Employee_2336,sales,Associate,Female,35,155191.0,37536.66147453572,2019-02-09,,No,1,4
E3337,Employee_2337,Hr,Executive,Male,38,39711.0,11796.187224920219,2020-02-09,,No,4,0
E3338,Employee_2338,sales,Executive,Male,43,142673.0,32730.812185069528,2021-07-26,,No,1,27
E3339,Employee_2339,Marketing,Manager,Female,58,140716.0,35640.022452312376,2021-08-01,,No,2,17
E3340,Employee_2340,Operations,Executive,Male,45,87396.0,11683.611426284268,2017-05-19,2021-12-17,Yes,3,16
E3341,Employee_2341,Marketing,Specialist,Male,52,96836.0,26910.649026737676,2020-10-31,,No,2,25
E3342,Employee_2342,Support,Executive,Female,54,132689.0,20176.086354352483,2022-09-25,,No,5,26
E3343,Employee_2343,Support,Executive,Male,55,87228.0,13996.7812370003,2018-07-12,,No,5,22
E3344,Employee_2344,sales,Specialist,Female,56,116388.0,32150.134155619875,2016-06-14,,No,4,22
E3345,Employee_2345,Sales,Manager,male,27,168955.0,10137.854617390483,2017-03-24,,No,3,14
E3346,Employee_2346,Hr,Executive,Male,44,136093.0,34917.01185306206,2019-09-11,2021-10-24,Yes,4,13
E3347,Employee_2347,HR,Manager,Male,36,135879.0,32835.930280311004,2019-03-22,,No,3,14
E3348,Employee_2348,,Analyst,Male,49,145266.0,30290.75959338087,2016-02-16,,No,2,17
E3349,Employee_2349,HR,Executive,Female,53,175327.0,36889.677378650296,2017-06-24,,No,1,3
E3350,Employee_2350,HR,Specialist,Male,23,,,2020-12-27,2022-05-10,Yes,5,23
E3351,Employee_2351,IT,Specialist,Female,52,112911.0,32459.06104083503,2021-01-05,,No,4,18
E3352,Employee_2352,,Associate,Male,41,80235.0,4708.793201982796,2023-01-01,,No,5,5
E3353,Employee_2353,IT,Executive,Male,29,170736.0,47045.287212478914,2022-03-22,,No,1,21
E3354,Employee_2354,Operations,Associate,Male,54,40807.0,9614.338456984036,2016-03-01,,No,4,20
E3355,Employee_2355,Hr,Analyst,Male,22,45065.0,12392.686593134138,2017-04-03,,No,2,22
E3356,Employee_2356,HR,Executive,Female,26,111046.0,8783.817752637855,2015-01-30,,No,5,22
E3357,Employee_2357,,Specialist,Male,52,89696.0,15007.985804568294,2018-04-10,2022-12-27,Yes,1,20
E3358,Employee_2358,Finance,Manager,Male,36,64579.0,15168.38711013577,2015-02-16,,No,2,18
E3359,Employee_2359,Operations,Executive,Male,52,138750.0,13128.666328914504,2023-02-20,,No,2,12
E3360,Employee_2360,IT,Executive,Male,24,188371.0,21295.113688334597,2022-10-01,,No,4,2
E3361,Employee_2361,sales,Specialist,Male,52,164757.0,30231.119700839725,2020-06-05,,No,1,20
E3362,Employee_2362,HR,Executive,Male,35,185647.0,28629.05269105792,2019-05-20,2020-11-13,Yes,4,9
E3363,Employee_2363,Sales,Specialist,Male,51,132666.0,39036.01048326188,2017-06-11,2018-07-16,Yes,3,8
E3364,Employee_2364,Operations,Specialist,Male,56,185622.0,36374.17493281905,2021-01-08,,No,3,14
E3365,Employee_2365,,Executive,Male,50,109417.0,13222.981386707666,2019-10-03,2024-11-02,Yes,2,29
E3366,Employee_2366,sales,Analyst,Female,24,30903.0,2535.822515382133,2018-05-06,,No,4,20
E3367,Employee_2367,Marketing,Executive,Male,31,64052.0,11017.907282346112,2016-11-17,,No,2,19
E3368,Employee_2368,,Associate,Female,48,195836.0,49912.75665374075,2018-01-14,2020-11-28,Yes,5,5
E3369,Employee_2369,Finance,Analyst,Female,47,38631.0,4136.712137109044,2020-04-02,2021-12-04,Yes,5,11
E3370,Employee_2370,Operations,Manager,Female,40,159014.0,9698.726655198505,2016-10-24,,No,5,26
E3371,Employee_2371,sales,Manager,female,37,38367.0,8325.003407057617,2017-07-24,,No,3,16
E3372,Employee_2372,Finance,Manager,Female,46,95285.0,21356.87175511583,2019-01-05,2024-03-27,Yes,3,5
E3373,Employee_2373,Operations,Analyst,Male,49,114590.0,17013.31007948997,2022-04-04,2023-04-15,Yes,1,6
E3374,Employee_2374,IT,Specialist,Male,49,149090.0,26471.52340293732,2015-08-02,,No,2,2
E3375,Employee_2375,HR,Associate,Male,26,70002.0,12285.571933307832,2019-07-31,2024-05-28,Yes,3,27
E3376,Employee_2376,Support,Executive,Male,47,151548.0,36875.57016781334,2016-09-20,,No,5,26
E3377,Employee_2377,IT,Specialist,Male,26,,,2015-11-01,,No,3,14
E3378,Employee_2378,Marketing,Specialist,Female,37,65575.0,3296.570330927113,2021-01-14,2025-06-30,Yes,1,24
E3379,Employee_2379,IT,Specialist,Female,52,169770.0,46508.443009819006,2022-03-13,,No,3,7
E3380,Employee_2380,HR,Associate,Female,39,67355.0,9061.664504272683,2023-02-21,2026-01-02,Yes,4,22
E3381,Employee_2381,Finance,Manager,Female,47,,,2018-12-26,,No,5,25
E3382,Employee_2382,IT,Analyst,Female,36,155611.0,33625.74573181996,2017-01-28,,No,3,12
E3383,Employee_2383,Sales,Manager,Female,55,175378.0,42333.98481130745,2021-04-08,,No,2,18
E3384,Employee_2384,Marketing,Specialist,Male,40,127375.0,6631.022818193981,2015-10-15,,No,2,25
E3385,Employee_2385,sales,Executive,Female,59,91331.0,12382.366657645549,2018-05-15,,No,4,21
E3386,Employee_2386,Operations,Executive,Female,42,60932.0,10283.686619067985,2020-03-23,,No,3,17
E3387,Employee_2387,IT,Specialist,Male,43,60412.0,3189.7431072768995,2023-01-07,,No,1,21
E3388,Employee_2388,Sales,Manager,Male,21,70449.0,11145.931905662057,2015-02-01,,No,4,1
E3389,Employee_2389,,Manager,Female,34,55176.0,15921.840942262184,2017-09-14,,No,5,22
E3390,Employee_2390,Finance,Executive,Male,52,142350.0,17698.29398725997,2020-01-06,2023-08-27,Yes,3,7
E3391,Employee_2391,Operations,Specialist,Male,38,84306.0,16905.499222679086,2020-04-18,,No,5,26
E3392,Employee_2392,Operations,Specialist,Female,37,45169.0,11976.580109859868,2015-01-31,,No,5,4
E3393,Employee_2393,Support,Associate,Female,54,92497.0,19323.11734340406,2015-02-28,,No,3,16
E3394,Employee_2394,Support,Analyst,Male,34,57426.0,6631.6872036636,2020-11-29,,No,5,3
E3395,Employee_2395,Marketing,Analyst,Female,53,139211.0,26652.572150989854,2020-05-07,,No,3,17
E3396,Employee_2396,HR,Manager,Male,51,120042.0,18112.019984265207,2019-03-10,2021-11-11,Yes,4,21
E3397,Employee_2397,Support,Specialist,Male,36,179515.0,44913.90861295359,2019-09-11,,No,1,26
E3398,Employee_2398,IT,Analyst,Female,23,45115.0,3890.025753662729,2018-08-25,2023-03-20,Yes,5,0
E3399,Employee_2399,Marketing,Executive,Female,24,60399.0,9121.464975216599,2020-11-08,2022-08-25,Yes,4,27
E3400,Employee_2400,Finance,Specialist,Female,43,58750.0,14423.628338934746,2020-11-20,,No,2,22
E3401,Employee_2401,HR,Specialist,Female,38,81843.0,19610.723431755214,2022-10-08,,No,3,14
E3402,Employee_2402,Finance,Associate,Male,55,70878.0,5093.454050474487,2019-01-25,,No,1,20
E3403,Employee_2403,Operations,Associate,Female,46,48383.0,5344.542784458403,2021-06-03,,No,5,25
E3404,Employee_2404,IT,Executive,Female,48,171779.0,27919.42435725217,2015-02-15,2020-04-27,Yes,5,11
E3405,Employee_2405,Hr,Executive,Male,38,69979.0,10207.536424703243,2021-05-09,,No,2,17
E3406,Employee_2406,Finance,Analyst,Female,42,161666.0,37373.3103365417,2015-01-01,,No,5,3
E3407,Employee_2407,HR,Manager,Female,45,148243.0,23579.89891539958,2022-01-02,,No,2,18
E3408,Employee_2408,Finance,Specialist,Male,32,54009.0,11511.031035105594,2022-09-13,,No,4,22
E3409,Employee_2409,HR,Executive,Female,35,50860.0,9478.88180254427,2015-10-22,2019-06-26,Yes,2,8
E3410,Employee_2410,Operations,Analyst,Female,26,,,2020-07-12,2024-04-08,Yes,5,25
E3411,Employee_2411,Support,Associate,Female,25,73336.0,12943.4983567656,2020-08-19,,No,2,3
E3412,Employee_2412,Operations,Analyst,Male,58,66375.0,16971.489054161673,2021-02-18,2022-10-11,Yes,5,23
E3413,Employee_2413,Support,Specialist,Female,47,60982.0,11899.406632569602,2021-04-25,,No,5,9
E3414,Employee_2414,Finance,Executive,Male,53,74845.0,12092.374559177964,2015-09-19,,No,2,28
E3415,Employee_2415,sales,Manager,Female,53,119788.0,26165.04271429626,2021-06-29,,No,5,4
E3416,Employee_2416,sales,Executive,Male,40,37464.0,11046.446531809124,2019-07-07,2020-08-26,Yes,1,21
E3417,Employee_2417,sales,Specialist,Male,35,128622.0,36349.33263491019,2020-03-24,2020-11-15,Yes,3,21
E3418,Employee_2418,,Associate,Female,25,117073.0,33944.584110082054,2021-03-06,,No,3,12
E3419,Employee_2419,,Specialist,Male,27,65416.0,15668.33404223575,2018-01-07,,No,5,17
E3420,Employee_2420,IT,Associate,Male,49,125049.0,25693.879425632458,2021-09-06,2026-09-16,Yes,4,7
E3421,Employee_2421,Support,Analyst,Male,34,171503.0,26741.31166184866,2015-09-27,2018-04-21,Yes,5,0
E3422,Employee_2422,IT,Associate,Female,59,,,2018-01-17,,No,1,27
E3423,Employee_2423,sales,Analyst,Female,51,95552.0,21101.13708722175,2021-07-08,,No,2,15
E3424,Employee_2424,sales,Associate,Female,26,111098.0,7182.232610705157,2017-08-20,2021-08-02,Yes,5,8
E3425,Employee_2425,IT,Associate,Female,35,77419.0,17476.67467649069,2016-01-07,2018-08-23,Yes,5,16
E3426,Employee_2426,sales,Manager,Male,27,130965.0,25377.296329700406,2016-04-09,2018-12-17,Yes,4,27
E3427,Employee_2427,Finance,Executive,Female,35,138269.0,9367.762065532701,2020-10-04,,No,4,2
E3428,Employee_2428,Sales,Specialist,Female,54,132281.0,25582.63634811354,2017-03-07,,No,2,20
E3429,Employee_2429,Finance,Manager,Male,49,185798.0,54260.36274218502,2019-04-06,,No,3,9
E3430,Employee_2430,Support,Associate,Male,32,117346.0,17560.819005339978,2015-10-05,,No,5,0
E3431,Employee_2431,sales,Executive ,Male,35,180563.0,48737.59676842018,2022-08-05,,No,2,13
E3432,Employee_2432,Sales,Analyst,Female,53,191017.0,25766.910678540236,2021-05-15,,No,3,22
E3433,Employee_2433,Operations,Associate,Male,22,127445.0,17888.53337477287,2017-07-13,,No,4,13
E3434,Employee_2434,IT,Specialist,Male,23,194838.0,48901.587412336106,2015-10-12,2017-06-23,Yes,1,25
E3435,Employee_2435,sales,Manager,Female,56,182079.0,18946.817294454326,2015-06-11,2017-12-01,Yes,2,25
E3436,Employee_2436,Marketing,Manager,Male,35,187615.0,41742.88405324243,2022-06-24,,No,2,19
E3437,Employee_2437,Operations,Analyst,Male,26,105692.0,8616.611536075316,2017-01-05,2019-06-14,Yes,2,3
E3438,Employee_2438,Sales,Analyst,Male,59,104967.0,14146.249035921652,2018-07-28,2021-04-26,Yes,2,25
E3439,Employee_2439,,Specialist,Female,32,33712.0,4227.4562075542435,2015-07-27,,No,5,18
E3440,Employee_2440,HR,Analyst,Female,24,105033.0,30280.424094098078,2018-04-21,2020-01-03,Yes,1,12
E3441,Employee_2441,,Executive,Male,34,85919.0,17332.48884869603,2016-06-10,,No,5,17
E3442,Employee_2442,Finance,Manager,Female,40,181623.0,23469.576160546087,2018-03-18,,No,1,8
E3443,Employee_2443,sales,Executive,Female,39,189964.0,50804.37906354936,2022-01-09,2026-01-31,Yes,3,28
E3444,Employee_2444,Operations,Manager,Male,23,188187.0,18261.05144768926,2020-11-02,,No,2,6
E3445,Employee_2445,Operations,Executive,Male,37,193878.0,11476.501224876502,2023-02-21,2025-10-09,Yes,1,28
E3446,Employee_2446,IT,Associate,Male,34,132555.0,23251.134830450184,2018-01-18,,No,5,2
E3447,Employee_2447,Sales,Executive,Male,34,34158.0,9077.952990013648,2019-08-15,,No,5,20
E3448,Employee_2448,Marketing,Specialist,Female,42,197751.0,33594.98425772045,2019-05-24,,No,4,3
E3449,Employee_2449,HR,Specialist,Female,31,,,2020-01-08,,No,1,29
E3450,Employee_2450,sales,Analyst,Male,35,145013.0,31041.047393288067,2015-01-16,2015-11-22,Yes,1,10
E3451,Employee_2451,Marketing,Executive,Female,54,147219.0,36388.35685625526,2018-05-05,,No,3,21
E3452,Employee_2452,Finance,Manager,Female,51,59954.0,4312.699968776963,2020-03-05,,No,4,9
E3453,Employee_2453,Finance,Manager,Female,57,93165.0,27246.58836424538,2022-12-24,2023-10-05,Yes,2,22
E3454,Employee_2454,,Executive,Male,53,57326.0,3870.001208578873,2016-10-25,,No,2,6
E3455,Employee_2455,sales,Analyst,Male,33,42937.0,10310.870951519733,2015-10-15,2020-12-26,Yes,4,15
E3456,Employee_2456,sales,Specialist,Female,36,112055.0,31116.323594093272,2017-01-28,,No,3,5
E3457,Employee_2457,Finance,Manager,Female,21,164845.0,23948.24171145885,2019-03-09,,No,4,12
E3458,Employee_2458,Marketing,Manager,Female,37,157872.0,46816.164538571975,2020-12-05,,No,3,13
E3459,Employee_2459,Support,Manager,Male,44,64889.0,4869.421852553525,2022-12-28,2025-02-20,Yes,4,24
E3460,Employee_2460,,Specialist,Male,30,179741.0,31496.85534845445,2016-04-08,,No,2,28
E3461,Employee_2461,IT,Associate,Male,24,149006.0,13727.944838243253,2019-08-18,,No,5,8
E3462,Employee_2462,IT,Analyst,Male,35,112747.0,29831.61753775567,2017-04-07,,No,3,25
E3463,Employee_2463,Sales,Analyst,Male,46,36563.0,9442.91523586086,2022-11-06,,No,3,28
E3464,Employee_2464,Operations,Executive,Male,34,183520.0,49740.67413178492,2016-12-31,,No,1,24
E3465,Employee_2465,,Analyst ,Female,37,,,2019-09-10,,No,2,13
E3466,Employee_2466,Support,Specialist,Female,37,146775.0,15347.875836451436,2017-08-19,,No,2,25
E3467,Employee_2467,Sales,Manager,Male,51,146744.0,34799.765354171606,2016-06-16,,No,5,26
E3468,Employee_2468,Marketing,Associate,Female,45,112297.0,26840.993403268287,2016-01-28,,No,4,25
E3469,Employee_2469,Sales,Manager,Male,57,47167.0,5726.840132233346,2022-10-12,,No,4,8
E3470,Employee_2470,IT,Analyst,Female,43,107670.0,9908.078331238712,2017-11-08,,No,4,22
E3471,Employee_2471,Support,Analyst,Female,47,178317.0,33508.227249641954,2019-08-26,,No,1,6
E3472,Employee_2472,Hr,Executive,Male,42,74361.0,10142.484830770625,2018-11-23,2021-10-19,Yes,2,12
E3473,Employee_2473,HR,Associate,Female,24,157441.0,10618.835904704294,2022-04-10,2025-11-21,Yes,2,3
E3474,Employee_2474,Marketing,Associate,Male,55,160704.0,29605.74544442847,2021-01-18,2023-04-21,Yes,3,24
E3475,Employee_2475,Marketing,Analyst,Female,33,121512.0,8383.121597420244,2017-09-20,,No,5,28
E3476,Employee_2476,Finance,Specialist,Female,57,48371.0,4405.36444544126,2022-03-28,,No,2,19
E3477,Employee_2477,,Associate,Male,38,166126.0,16337.771922975448,2019-12-24,,No,3,9
E3478,Employee_2478,,Manager,Female,21,144186.0,32807.54309772236,2020-06-26,,No,5,20
E3479,Employee_2479,Operations,Executive,Male,41,75076.0,18867.501344216776,2021-11-18,,No,4,28
E3480,Employee_2480,Operations,Manager,Female,45,47335.0,13361.915905804975,2020-06-02,,No,3,16
E3481,Employee_2481,Hr,Analyst,Female,21,102613.0,30397.5073871768,2018-07-04,,No,1,20
E3482,Employee_2482,Marketing,Specialist,Female,42,138558.0,8409.891020451236,2015-10-31,2020-07-06,Yes,1,3
E3483,Employee_2483,HR,Analyst,Male,52,98340.0,10217.748815875651,2021-11-07,,No,1,0
E3484,Employee_2484,Hr,Specialist,Male,36,138177.0,18399.913076891575,2015-06-24,2019-03-12,Yes,2,8
E3485,Employee_2485,Finance,Analyst,Male,24,189914.0,21303.214075975287,2016-10-26,2018-12-26,Yes,3,16
E3486,Employee_2486,Finance,Analyst,Female,38,135626.0,7128.294252323537,2021-08-07,,No,5,15
E3487,Employee_2487,Operations,Specialist,Female,35,167513.0,18405.01826094654,2021-06-09,2026-01-24,Yes,2,29
E3488,Employee_2488,,Associate,Male,25,160223.0,14423.920865972186,2022-08-05,,No,4,22
E3489,Employee_2489,Operations,Executive,Female,33,166072.0,48795.85842727266,2016-09-11,2019-11-07,Yes,5,23
E3490,Employee_2490,Support,Specialist,Female,53,139459.0,27157.428409585315,2015-11-16,,No,4,8
E3491,Employee_2491,Finance,Executive,Male,37,182931.0,54513.30121402393,2015-03-12,2018-01-01,Yes,3,0
E3492,Employee_2492,sales,Executive,Male,52,46238.0,3097.088451167302,2017-02-08,2020-02-05,Yes,4,16
E3493,Employee_2493,sales,Specialist,Male,37,185355.0,26117.805343369448,2021-11-23,2027-02-14,Yes,5,3
E3494,Employee_2494,HR,Analyst,Male,58,101442.0,9139.521826342427,2021-12-06,,No,3,19
E3495,Employee_2495,HR,Executive,Female,26,165546.0,20701.203835766384,2021-06-07,2022-09-04,Yes,4,15
E3496,Employee_2496,IT,Associate,Male,28,73724.0,14186.42607304464,2021-03-10,2026-05-17,Yes,4,15
E3497,Employee_2497,,Manager,Male,56,97388.0,27320.531382664554,2022-06-18,2024-04-22,Yes,4,15
E3498,Employee_2498,Finance,Analyst,Male,43,79334.0,20188.809735696526,2015-06-14,,No,2,7
E3499,Employee_2499,sales,Associate,Male,27,60694.0,16349.130579122671,2016-12-27,,No,2,29
E3500,Employee_2500,Marketing,Analyst,Male,38,92461.0,22460.351194399467,2017-04-21,2022-07-06,Yes,2,6
E3501,Employee_2501,Finance,Analyst,Male,27,91248.0,23807.795275928085,2018-11-21,,No,1,7
E3502,Employee_2502,Operations,Analyst,Male,28,142713.0,28316.13514264816,2019-06-26,,No,1,15
E3503,Employee_2503,Marketing,Analyst,Female,40,169741.0,47727.307254701795,2021-12-01,,No,5,25
E3504,Employee_2504,IT,Executive,Male,35,125825.0,10066.086492636236,2021-05-06,,No,4,10
E3505,Employee_2505,IT,Analyst,Female,26,37485.0,8978.86832638356,2019-09-21,,No,1,24
E3506,Employee_2506,Marketing,Executive,Male,22,121005.0,20555.13844431676,2018-03-30,,No,3,3
E3507,Employee_2507,IT,Manager,Female,44,168518.0,39037.39542084874,2017-07-05,,No,2,19
E3508,Employee_2508,Operations,Executive,Female,36,171378.0,28884.05559714182,2022-03-02,,No,4,24
E3509,Employee_2509,HR,Specialist,female,43,57371.0,5085.4229063776065,2016-02-03,,No,1,1
E3510,Employee_2510,Operations,Associate ,Female,37,98531.0,17011.615799761,2019-09-04,,No,4,12
E3511,Employee_2511,HR,Analyst,Female,24,183222.0,14606.050427478178,2022-01-12,2026-09-02,Yes,1,0
E3512,Employee_2512,Hr,Manager,Male,40,136371.0,21886.321875294972,2019-12-31,,No,3,20
E3513,Employee_2513,Marketing,Analyst,Male,44,183038.0,29472.069095157793,2018-03-22,2021-01-07,Yes,1,16
E3514,Employee_2514,Sales,Manager,Female,41,188907.0,31194.559135744854,2019-01-15,,No,4,10
E3515,Employee_2515,Marketing,Specialist,Male,48,53814.0,4326.889872773153,2022-01-27,,No,3,9
E3516,Employee_2516,Hr,Analyst,Male,57,116796.0,8641.612088685479,2019-11-05,2024-01-01,Yes,3,18
E3517,Employee_2517,Sales,Analyst,Male,39,156259.0,26481.107476010282,2016-01-11,,No,4,28
E3518,Employee_2518,Hr,Executive,Male,41,36218.0,3650.3573242865664,2015-10-31,,No,2,17
E3519,Employee_2519,sales,Analyst,Female,47,153108.0,45847.593012588615,2015-09-25,,No,2,29
E3520,Employee_2520,Marketing,Associate,Male,58,47373.0,11100.85911658696,2022-01-02,,No,1,13
E3521,Employee_2521,IT,Executive,Female,28,,,2015-02-04,,No,1,16
E3522,Employee_2522,Finance,Analyst,Female,52,168231.0,37266.24325247988,2015-09-26,2018-01-10,Yes,3,15
E3523,Employee_2523,IT,Associate,Female,25,132489.0,20405.63235955463,2019-08-22,2023-07-17,Yes,2,21
E3524,Employee_2524,IT,Analyst,Male,32,163407.0,15845.983276045177,2022-05-08,,No,5,29
E3525,Employee_2525,,Analyst,Male,40,136598.0,12751.057246090992,2022-07-09,2026-06-06,Yes,4,7
E3526,Employee_2526,Hr,Manager,Male,42,140033.0,30943.23111340039,2021-10-10,,No,3,20
E3527,Employee_2527,Finance,Specialist,Male,54,48946.0,12803.646844835488,2021-09-02,,No,2,19
E3528,Employee_2528,Operations,Manager,Female,49,109199.0,15291.45504330483,2016-04-04,,No,3,4
E3529,Employee_2529,sales,Executive,Female,57,63434.0,8084.006175436834,2015-03-09,,No,3,20
E3530,Employee_2530,HR,Specialist,Female,44,61147.0,16475.422337514763,2021-03-13,,No,1,20
E3531,Employee_2531,sales,Specialist,Male,30,53088.0,3915.062752138887,2022-04-08,2026-11-03,Yes,1,3
E3532,Employee_2532,Finance,Associate,Female,31,67739.0,10183.473862403005,2017-08-26,,No,5,19
E3533,Employee_2533,sales,Specialist,Female,49,61828.0,7342.697282446916,2018-06-30,2019-03-28,Yes,4,26
E3534,Employee_2534,Marketing,Manager,Female,28,145957.0,21591.70229907897,2017-07-12,,No,3,4
E3535,Employee_2535,Finance,Associate,Male,29,40246.0,2204.4674041274143,2019-07-27,,No,3,28
E3536,Employee_2536,Sales,Specialist,Male,35,44860.0,6795.031145461997,2017-02-13,2018-08-26,Yes,2,29
E3537,Employee_2537,Finance,Manager,Male,42,106955.0,22843.083154918742,2017-07-23,2020-07-27,Yes,1,14
E3538,Employee_2538,Operations,Executive,Female,46,52695.0,14859.582427717081,2019-11-10,2024-03-13,Yes,2,19
E3539,Employee_2539,Marketing,Executive,Female,25,73614.0,21702.295697091988,2018-04-09,,No,1,21
E3540,Employee_2540,,Associate,Male,35,170441.0,44638.98255817236,2019-07-31,,No,1,10
E3541,Employee_2541,Marketing,Associate,Female,29,127686.0,33093.36126710497,2021-12-28,,No,2,13
E3542,Employee_2542,Sales,Analyst,Male,58,79703.0,18041.455213647754,2017-11-05,2022-12-11,Yes,5,28
E3543,Employee_2543,,Analyst,Male,31,58805.0,3828.895326537204,2021-12-30,,No,2,10
E3544,Employee_2544,Operations,Specialist,Female,42,46066.0,5212.3113899065,2021-01-17,2025-02-02,Yes,1,11
E3545,Employee_2545,IT,Manager,Female,35,150356.0,40477.630982678915,2016-03-07,,No,3,11
E3546,Employee_2546,Operations,Manager,Female,32,105842.0,25202.091711618712,2015-08-03,2016-08-30,Yes,2,20
E3547,Employee_2547,sales,Analyst,Female,59,,,2017-07-30,2019-08-23,Yes,4,16
E3548,Employee_2548,IT,Associate,Male,23,174457.0,15698.54813963182,2023-01-05,2025-11-04,Yes,2,19
E3549,Employee_2549,,Analyst,Male,29,192605.0,34181.32315372368,2021-10-27,,No,1,3
E3550,Employee_2550,Hr,Executive,Female,46,117829.0,33943.62996154095,2016-03-28,,No,3,1
E3551,Employee_2551,Support,Associate,Male,55,99192.0,9661.188965401627,2018-10-24,2024-01-12,Yes,4,2
E3552,Employee_2552,IT,Associate ,Male,38,34983.0,9300.607784897998,2017-04-29,,No,5,21
E3553,Employee_2553,Operations,Analyst,Male,59,,,2018-06-04,,No,4,19
E3554,Employee_2554,sales,Specialist,Female,44,130157.0,24335.155275027155,2018-09-14,,No,5,7
E3555,Employee_2555,Sales,Associate,Female,37,49728.0,3129.3940119194517,2023-03-13,,No,2,2
E3556,Employee_2556,Marketing,Executive,Female,48,166352.0,31864.142715791004,2021-11-10,2023-12-14,Yes,5,8
E3557,Employee_2557,HR,Analyst,Female,58,32821.0,7979.891135918043,2021-03-31,,No,3,17
E3558,Employee_2558,Finance,Analyst,Female,39,134472.0,18150.217715818515,2019-12-14,,No,4,25
E3559,Employee_2559,HR,Executive,Male,51,161935.0,24568.134813594126,2018-04-26,,No,2,0
E3560,Employee_2560,Sales,Analyst,Male,34,169201.0,21225.38658347028,2016-03-19,2017-11-26,Yes,4,29
E3561,Employee_2561,HR,Executive,Female,21,198276.0,57907.896258122666,2015-04-10,,No,1,17
E3562,Employee_2562,HR,Manager,Male,30,84391.0,20104.68030005407,2023-02-01,,No,3,19
E3563,Employee_2563,Marketing,Analyst,Female,31,139588.0,27742.01076614529,2023-02-10,,No,2,2
E3564,Employee_2564,HR,Specialist,Male,57,119170.0,25927.330889811026,2015-02-25,,No,2,21
E3565,Employee_2565,HR,Specialist,Female,24,79336.0,9404.764289882429,2021-04-30,,No,1,26
E3566,Employee_2566,sales,Associate,Male,58,96538.0,10372.0590073007,2021-06-06,,No,1,1
E3567,Employee_2567,Hr,Analyst,Male,23,102553.0,29762.30549150238,2019-06-06,2024-05-03,Yes,5,20
E3568,Employee_2568,Hr,Executive,Male,21,166322.0,35280.954354811525,2022-09-10,,No,1,7
E3569,Employee_2569,HR,Analyst,Female,37,150648.0,17010.58595268252,2019-11-03,2024-08-24,Yes,3,7
E3570,Employee_2570,Hr,Specialist,Male,29,118257.0,8208.452381483527,2021-07-17,,No,2,9
E3571,Employee_2571,,Executive,Male,53,159926.0,29875.673222755573,2020-05-17,,No,5,3
E3572,Employee_2572,HR,Analyst,Male,33,42559.0,11287.232284625285,2020-12-20,,No,4,24
E3573,Employee_2573,Sales,Specialist ,Male,58,191201.0,27009.59232931769,2018-09-04,2023-06-03,Yes,1,25
E3574,Employee_2574,IT,Analyst,female,33,126171.0,7507.106282644156,2020-04-02,,No,1,7
E3575,Employee_2575,Finance,Associate,Male,24,185732.0,50626.57114536847,2022-04-28,,No,5,25
E3576,Employee_2576,IT,Associate,Male,57,186738.0,42675.30644601293,2020-09-07,,No,1,22
E3577,Employee_2577,sales,Specialist,Female,43,70262.0,6831.663261562643,2016-10-07,,No,1,21
E3578,Employee_2578,Sales,Analyst ,Female,33,181243.0,47667.40059845545,2020-02-07,,No,5,4
E3579,Employee_2579,Operations,Associate,Female,46,45015.0,11169.365802248474,2019-06-17,,No,5,27
E3580,Employee_2580,Marketing,Specialist,Male,37,113190.0,30046.71494698882,2016-10-10,,No,2,18
E3581,Employee_2581,Finance,Associate,Female,51,158925.0,32632.865726379074,2020-01-17,2022-08-28,Yes,1,9
E3582,Employee_2582,Hr,Associate,female,46,81712.0,15319.128532233653,2022-07-12,,No,1,5
E3583,Employee_2583,Marketing,Manager,Male,38,54512.0,9338.631353596495,2020-10-15,,No,1,15
E3584,Employee_2584,Operations,Associate,Female,28,60011.0,4236.071325774798,2022-07-31,,No,1,29
E3585,Employee_2585,Marketing,Executive,Female,32,176396.0,51912.80210800052,2020-11-17,,No,5,21
E3586,Employee_2586,sales,Analyst,Male,45,77452.0,4509.788367480554,2021-06-29,,No,5,16
E3587,Employee_2587,Operations,Manager,Male,22,176375.0,10545.044311717407,2016-04-28,,No,1,8
E3588,Employee_2588,HR,Associate,Female,24,127180.0,9965.42503338403,2022-01-09,2022-12-03,Yes,1,18
E3589,Employee_2589,Sales,Executive,Male,23,198768.0,48506.31924823912,2020-07-21,,No,1,15
E3590,Employee_2590,Support,Manager,Female,42,167181.0,32248.751612055206,2022-01-07,2025-12-15,Yes,4,24
E3591,Employee_2591,Finance,Executive,Female,32,193024.0,29486.47003695243,2016-08-08,,No,3,22
E3592,Employee_2592,sales,Associate ,Female,49,107259.0,7199.963291371892,2017-07-02,2021-09-05,Yes,2,16
E3593,Employee_2593,Support,Manager,Male,28,35397.0,9946.86223213843,2019-10-20,2024-03-23,Yes,5,19
E3594,Employee_2594,Operations,Specialist,Female,26,44071.0,11951.223396394045,2020-10-19,,No,1,10
E3595,Employee_2595,Support,Manager,Male,43,61087.0,10504.1155407952,2018-03-12,,No,3,3
E3596,Employee_2596,Support,Executive,Male,48,90582.0,9372.875898075346,2018-05-10,,No,1,29
E3597,Employee_2597,IT,Specialist,Male,55,130592.0,20485.00500930067,2016-09-25,,No,5,20
E3598,Employee_2598,,Analyst,Male,52,92185.0,9444.96589055085,2022-01-18,,No,1,26
E3599,Employee_2599,Marketing,Executive,Male,38,83106.0,6142.9609622117605,2016-03-28,,No,3,15
E3600,Employee_2600,Hr,Executive,Female,50,113470.0,13871.887200579893,2017-06-13,,No,4,1
E3601,Employee_2601,IT,Analyst,Female,47,62959.0,18237.501219907554,2020-02-03,2025-07-22,Yes,5,25
E3602,Employee_2602,Sales,Manager,Male,28,134213.0,29515.959593944503,2020-04-25,,No,5,15
E3603,Employee_2603,Marketing,Analyst,Male,35,193394.0,28979.865984883614,2020-10-22,,No,5,22
E3604,Employee_2604,Finance,Analyst,Female,35,54657.0,8631.747426105974,2015-10-05,2018-08-09,Yes,4,29
E3605,Employee_2605,sales,Manager,Male,39,,,2019-11-25,,No,5,28
E3606,Employee_2606,Operations,Executive,Female,43,146832.0,43522.23892617944,2018-10-08,,No,3,27
E3607,Employee_2607,Hr,Associate,Male,21,31783.0,5565.957312555005,2021-10-06,,No,3,12
E3608,Employee_2608,,Executive,Male,44,,,2018-05-19,2019-05-14,Yes,3,17
E3609,Employee_2609,Hr,Analyst,Female,53,179151.0,14336.142543249993,2015-12-23,,No,1,11
E3610,Employee_2610,Operations,Analyst,Male,29,79393.0,16993.073570887453,2020-11-14,,No,3,21
E3611,Employee_2611,sales,Manager,male,54,78838.0,13731.72946325834,2017-10-22,2021-12-11,Yes,2,8
E3612,Employee_2612,Finance,Executive,Male,28,88073.0,21464.00147314312,2022-04-18,,No,4,27
E3613,Employee_2613,HR,Analyst,Male,40,45624.0,9223.9040025974,2017-11-04,,No,2,23
E3614,Employee_2614,HR,Analyst,Female,53,62743.0,18108.57765126412,2017-02-11,,No,5,2
E3615,Employee_2615,Support,Manager,female,41,48883.0,5924.624173610198,2022-12-05,2026-04-04,Yes,2,29
E3616,Employee_2616,Operations,Manager,Female,55,189429.0,34442.886872363575,2020-02-15,,No,2,9
E3617,Employee_2617,sales,Specialist,Male,35,191729.0,31448.608036008914,2016-07-14,,No,4,0
E3618,Employee_2618,Hr,Analyst,Male,21,102035.0,29552.302029972718,2020-02-07,2023-08-18,Yes,2,18
E3619,Employee_2619,IT,Manager,Female,45,45784.0,11760.54706537869,2015-01-12,,No,1,4
E3620,Employee_2620,Marketing,Executive,Female,34,91217.0,16834.106275807393,2021-03-06,,No,3,22
E3621,Employee_2621,Operations,Associate,Male,21,118378.0,13873.815662513618,2017-11-25,,No,4,18
E3622,Employee_2622,,Specialist,Male,25,43418.0,3477.78143834204,2021-02-05,,No,4,18
E3623,Employee_2623,Support,Executive,Male,32,173907.0,25755.587668361368,2017-04-23,,No,2,16
E3624,Employee_2624,Hr,Executive,Male,54,63519.0,14530.002515603064,2016-10-19,,No,5,28
E3625,Employee_2625,,Specialist,Male,49,171420.0,48669.925419803505,2020-09-02,2021-10-27,Yes,3,5
E3626,Employee_2626,Hr,Executive,Female,53,41273.0,6797.335907844616,2017-10-14,,No,3,23
E3627,Employee_2627,HR,Specialist,Male,44,192246.0,11969.888278928254,2022-09-05,,No,2,24
E3628,Employee_2628,Marketing,Analyst,Female,56,102590.0,14762.415646169526,2015-08-30,,No,5,1
E3629,Employee_2629,,Executive,Male,32,159401.0,28333.879854161038,2017-02-19,,No,1,15
E3630,Employee_2630,Support,Specialist,Male,46,86539.0,15314.418218312623,2022-09-28,,No,5,22
E3631,Employee_2631,HR,Associate,Female,40,148209.0,36721.45282818689,2016-02-26,,No,4,28
E3632,Employee_2632,HR,Manager,Female,52,51818.0,4529.844896948261,2016-01-17,,No,1,14
E3633,Employee_2633,Hr,Executive,Female,23,170892.0,15902.283379651059,2018-02-20,,No,3,21
E3634,Employee_2634,Sales,Specialist,Female,27,92325.0,12664.67746969382,2019-12-04,2024-03-07,Yes,4,22
E3635,Employee_2635,Hr,Executive,Male,45,43149.0,9495.08168560421,2022-10-15,2023-08-05,Yes,2,8
E3636,Employee_2636,Hr,Analyst,Male,39,139813.0,19204.98075022036,2021-06-02,2025-02-07,Yes,2,6
E3637,Employee_2637,Hr,Associate,Female,42,186049.0,19523.53089893694,2021-05-28,,No,4,15
E3638,Employee_2638,sales,Specialist,Male,23,188621.0,27983.598863267507,2022-08-18,,No,2,24
E3639,Employee_2639,Finance,Associate,Male,25,38833.0,9750.931805764509,2016-12-24,,No,2,1
E3640,Employee_2640,Hr,Specialist,Male,40,95875.0,19813.170242819004,2018-11-22,,No,4,14
E3641,Employee_2641,Hr,Manager,Female,59,151035.0,14605.382725800484,2017-08-07,,No,3,28
E3642,Employee_2642,Operations,Executive,Male,58,160860.0,11263.906249799069,2018-07-27,,No,3,29
E3643,Employee_2643,Operations,Associate,Male,57,179752.0,22333.9564180231,2016-12-03,,No,3,13
E3644,Employee_2644,,Associate,Female,43,53412.0,3624.0202381134686,2020-11-02,,No,4,0
E3645,Employee_2645,Operations,Executive,Female,34,183426.0,50269.13605344927,2022-04-13,,No,5,17
E3646,Employee_2646,IT,Associate,Male,51,150950.0,7592.921379891563,2016-11-17,,No,1,3
E3647,Employee_2647,HR,Associate,Female,25,82776.0,11031.418788519573,2021-03-16,,No,5,3
E3648,Employee_2648,Marketing,Specialist,Male,41,112604.0,24259.550870730924,2018-09-20,,No,4,19
E3649,Employee_2649,,Associate,Female,25,196901.0,56404.477497214415,2019-12-29,,No,2,4
E3650,Employee_2650,Operations,Associate,Female,33,39752.0,6658.660842733461,2020-08-29,2023-04-14,Yes,4,8
E3651,Employee_2651,Operations,Executive,Male,41,190882.0,15017.131590588308,2020-09-04,,No,2,10
E3652,Employee_2652,HR,Associate,Female,57,33048.0,8138.83178882827,2019-04-12,,No,3,1
E3653,Employee_2653,Finance,Manager,Female,58,150918.0,33133.389825253245,2016-01-22,2019-03-29,Yes,4,13
E3654,Employee_2654,Sales,Specialist,Female,50,41957.0,2722.235160537764,2022-05-26,2026-11-26,Yes,1,26
E3655,Employee_2655,Sales,Executive,Male,28,71247.0,14150.96968523984,2020-09-19,,No,3,12
E3656,Employee_2656,Operations,Analyst,Female,33,96714.0,18662.09301293353,2019-05-08,2020-05-20,Yes,5,15
E3657,Employee_2657,Marketing,Executive,Female,29,,,2017-09-14,2023-01-25,Yes,4,21
E3658,Employee_2658,sales,Associate,Female,23,,,2015-07-16,2017-07-10,Yes,3,23
E3659,Employee_2659,,Executive,Female,33,116706.0,24470.304141858884,2021-10-30,,No,2,17
E3660,Employee_2660,Support,Specialist,Female,38,133480.0,15856.5572777392,2015-02-17,2020-02-06,Yes,4,0
E3661,Employee_2661,Support,Analyst,Male,23,54067.0,7953.623642531636,2020-09-20,2021-04-16,Yes,3,16
E3662,Employee_2662,HR,Manager,Male,37,82832.0,23520.166612139088,2017-02-28,,No,4,26
E3663,Employee_2663,Operations,Manager,Male,23,70151.0,5270.001963856997,2022-03-30,,No,1,27
E3664,Employee_2664,HR,Manager,Female,30,179360.0,38080.0441404546,2015-01-21,2018-05-03,Yes,1,27
E3665,Employee_2665,Finance,Manager,Female,46,132035.0,30466.103298707047,2020-08-08,,No,1,21
E3666,Employee_2666,HR,Executive,Male,21,198904.0,13866.04689415492,2016-12-23,,No,2,10
E3667,Employee_2667,IT,Specialist,Female,52,,,2019-10-24,2020-12-19,Yes,1,28
E3668,Employee_2668,,Manager,male,44,168470.0,38524.529103154775,2015-11-25,,No,2,9
E3669,Employee_2669,sales,Associate,Female,22,115895.0,10383.410303557916,2022-01-17,,No,1,12
E3670,Employee_2670,,Associate,Male,41,166087.0,11844.420688815568,2020-05-18,,No,2,11
E3671,Employee_2671,Hr,Manager,Female,53,33934.0,8906.584264197707,2022-07-01,2023-04-15,Yes,5,9
E3672,Employee_2672,Hr,Specialist,Female,54,115997.0,31204.146249463043,2017-01-05,,No,3,28
E3673,Employee_2673,Marketing,Manager,Female,42,117507.0,9033.310587704422,2017-12-02,,No,1,28
E3674,Employee_2674,Support,Manager,Female,37,198990.0,13521.74586704848,2020-12-15,,No,1,4
E3675,Employee_2675,Support,Analyst,Male,24,85037.0,18278.986329333937,2019-04-20,,No,5,20
E3676,Employee_2676,Finance,Associate,Male,55,,,2016-02-03,2018-03-26,Yes,5,5
E3677,Employee_2677,Support,Specialist,Female,37,76659.0,20047.60142414044,2018-02-20,2022-12-13,Yes,3,13
E3678,Employee_2678,Support,Specialist,Male,35,,,2015-10-27,2020-11-19,Yes,4,9
E3679,Employee_2679,Hr,Specialist,Female,58,75819.0,19219.81274204342,2015-02-03,,No,4,8
E3680,Employee_2680,Marketing,Specialist,Male,35,184557.0,15675.379226804636,2022-03-16,,No,2,27
E3681,Employee_2681,HR,Analyst,female,39,119848.0,9249.538447618666,2019-06-30,,No,1,9
E3682,Employee_2682,Support,Analyst,Male,38,175314.0,47204.489758490665,2015-02-19,,No,3,7
E3683,Employee_2683,IT,Associate,Male,47,,,2020-01-12,,No,2,14
E3684,Employee_2684,sales,Specialist,Female,51,89612.0,7215.679701252567,2018-01-09,,No,3,18
E3685,Employee_2685,HR,Manager ,Male,49,199451.0,45468.948445266746,2018-10-01,2019-11-08,Yes,1,28
E3686,Employee_2686,Operations,Associate,Female,25,85535.0,4952.070468486022,2017-11-20,,No,3,20
E3687,Employee_2687,sales,Analyst,Male,23,165824.0,31909.008653227156,2018-09-07,2020-03-03,Yes,3,23
E3688,Employee_2688,IT,Associate,Male,55,100559.0,22247.088616599456,2020-11-22,,No,3,1
E3689,Employee_2689,sales,Associate,Male,22,112446.0,22169.95652122307,2017-07-19,2020-01-13,Yes,3,26
E3690,Employee_2690,Finance,Associate,Female,44,92726.0,18144.65789551797,2020-03-31,2024-05-21,Yes,2,16
E3691,Employee_2691,Support,Specialist,Male,37,82077.0,9203.622359301891,2018-05-08,,No,4,0
E3692,Employee_2692,Support,Specialist,Male,35,,,2015-08-05,,No,1,19
E3693,Employee_2693,Support,Analyst,Female,55,149414.0,34619.92010480937,2018-03-14,2019-08-03,Yes,2,28
E3694,Employee_2694,Finance,Analyst,Female,28,50193.0,6592.730382452322,2017-03-07,,No,4,18
E3695,Employee_2695,Finance,Specialist,Female,57,67596.0,12554.303119840286,2018-06-01,2019-04-20,Yes,4,23
E3696,Employee_2696,sales,Specialist,female,39,55099.0,6319.189224743763,2018-03-04,,No,1,1
E3697,Employee_2697,,Analyst,Male,27,195050.0,39645.8267437347,2015-01-22,2016-01-22,Yes,3,28
E3698,Employee_2698,Sales,Executive,Female,25,169988.0,14664.244076034081,2015-10-30,,No,5,19
E3699,Employee_2699,Operations,Associate,Female,43,59379.0,3240.896061113956,2015-09-14,,No,1,18
E3700,Employee_2700,,Associate,Female,34,45162.0,7394.222999843704,2016-09-27,,No,2,5
E3701,Employee_2701,Hr,Manager,Female,26,68516.0,13714.62962852932,2017-02-13,,No,1,12
E3702,Employee_2702,Operations,Analyst,Female,21,171994.0,25012.64965629365,2018-10-27,,No,3,25
E3703,Employee_2703,,Specialist,Female,45,38167.0,6424.8980593411015,2022-04-14,,No,2,23
E3704,Employee_2704,Sales,Associate,Female,43,101895.0,27924.268663919753,2015-05-03,,No,3,5
E3705,Employee_2705,Support,Associate,Female,43,71936.0,12718.99513593208,2021-05-28,,No,5,13
E3706,Employee_2706,Marketing,Manager,Male,35,138592.0,13870.304201485762,2020-03-24,,No,1,13
E3707,Employee_2707,Support,Specialist,Female,40,163672.0,49061.069152566735,2017-10-02,2020-03-17,Yes,2,19
E3708,Employee_2708,HR,Specialist,Male,26,162030.0,12168.499315287163,2022-04-22,,No,3,21
E3709,Employee_2709,Support,Specialist,Female,51,54642.0,5644.7125198154035,2015-07-25,2018-04-05,Yes,3,18
E3710,Employee_2710,IT,Executive,Female,30,49504.0,9549.81321519135,2022-03-17,,No,4,14
E3711,Employee_2711,IT,Manager,Female,28,71716.0,20495.771719282697,2022-11-08,,No,2,11
E3712,Employee_2712,Marketing,Associate,Female,50,123280.0,30894.531610847636,2019-03-23,2022-10-28,Yes,1,2
E3713,Employee_2713,Hr,Manager,Male,26,41230.0,7891.753827213111,2018-05-07,,No,3,29
E3714,Employee_2714,Operations,Manager,Male,47,99110.0,26042.067744551518,2019-05-16,,No,5,25
E3715,Employee_2715,,Specialist,Female,47,130695.0,31987.225694637338,2015-10-04,,No,5,10
E3716,Employee_2716,sales,Executive,Male,41,185522.0,47707.26678169741,2016-02-15,,No,3,8
E3717,Employee_2717,Hr,Manager,Female,53,141264.0,9724.433515219544,2018-08-16,,No,3,20
E3718,Employee_2718,,Associate,Male,21,198147.0,42913.95021547543,2016-10-16,,No,2,17
E3719,Employee_2719,Support,Associate,Male,36,99123.0,17385.645128669417,2021-08-10,,No,1,14
E3720,Employee_2720,HR,Associate,Male,48,172024.0,13501.225503602136,2022-11-13,,No,2,8
E3721,Employee_2721,,Associate,Female,51,139885.0,34398.516831674795,2019-01-21,,No,2,22
E3722,Employee_2722,sales,Associate,Male,48,38933.0,6686.892561266683,2022-05-06,2024-04-02,Yes,4,17
E3723,Employee_2723,Finance,Associate,Male,21,182955.0,27224.877231982213,2017-08-05,,No,2,20
E3724,Employee_2724,,Executive,Male,57,58174.0,6857.0307172091925,2020-06-21,2021-07-27,Yes,1,11
E3725,Employee_2725,HR,Analyst,male,59,84808.0,16419.544522197393,2019-07-15,,No,2,7
E3726,Employee_2726,Finance,Specialist ,Male,42,195043.0,36704.53010540096,2020-10-24,2023-02-19,Yes,2,15
E3727,Employee_2727,Operations,Manager,Male,30,90616.0,23776.364328939082,2021-12-05,2025-11-16,Yes,4,18
E3728,Employee_2728,IT,Manager,Male,58,51125.0,9029.45617424174,2021-12-24,,No,5,13
E3729,Employee_2729,IT,Associate,Male,22,184646.0,37540.433921506155,2019-05-01,,No,3,23
E3730,Employee_2730,Marketing,Executive,Male,40,173194.0,22731.361577070482,2019-08-08,,No,1,13
E3731,Employee_2731,sales,Analyst,Male,51,,,2020-01-30,,No,4,21
E3732,Employee_2732,IT,Manager,Female,25,181989.0,12053.296305619577,2017-08-25,2022-01-15,Yes,4,24
E3733,Employee_2733,Finance,Associate,Male,32,193704.0,42696.0249474365,2019-04-29,2022-09-18,Yes,4,8
E3734,Employee_2734,Operations,Analyst,Male,54,76668.0,7461.38467284637,2015-07-24,2018-02-17,Yes,5,11
E3735,Employee_2735,Sales,Specialist,Female,27,156041.0,12480.946557328436,2022-06-29,2026-08-28,Yes,4,5
E3736,Employee_2736,Support,Associate,Male,35,140191.0,41235.18865538769,2019-04-01,,No,5,17
E3737,Employee_2737,Finance,Manager,male,40,198749.0,16713.08433432009,2022-12-12,,No,3,13
E3738,Employee_2738,Support,Analyst,Female,59,78750.0,22553.08145542172,2022-12-30,,No,5,13
E3739,Employee_2739,sales,Analyst,Male,48,140764.0,32378.470552419574,2016-05-16,,No,1,20
E3740,Employee_2740,Sales,Executive,Female,24,81330.0,10029.332688366096,2022-10-17,2025-11-19,Yes,3,19
E3741,Employee_2741,Support,Specialist,Female,43,88618.0,24832.67238364906,2020-05-11,,No,4,1
E3742,Employee_2742,sales,Analyst,Female,35,198610.0,55049.36757885503,2022-12-16,2024-03-05,Yes,3,0
E3743,Employee_2743,HR,Analyst,Female,21,193479.0,11312.497744488399,2022-03-21,,No,2,8
E3744,Employee_2744,HR,Specialist,Female,59,124961.0,30917.490194378603,2016-02-08,2020-01-03,Yes,2,29
E3745,Employee_2745,Operations,Associate,Male,42,75167.0,19158.519949071833,2022-08-25,2025-01-28,Yes,1,14
E3746,Employee_2746,sales,Analyst,Male,52,187876.0,49159.82505764156,2022-10-16,2024-01-27,Yes,4,20
E3747,Employee_2747,,Associate,Male,39,34838.0,6445.602347267495,2016-02-08,2017-03-05,Yes,5,29
E3748,Employee_2748,,Specialist,Female,51,50113.0,14448.735464775973,2022-04-23,2023-08-11,Yes,2,10
E3749,Employee_2749,IT,Executive,Male,42,107818.0,6469.609406299537,2020-03-28,2022-05-03,Yes,2,20
E3750,Employee_2750,HR,Executive,Female,21,53461.0,6674.776661191308,2018-03-06,,No,1,2
E3751,Employee_2751,Operations,Specialist,Female,57,196033.0,40894.441246763905,2015-09-17,2016-06-29,Yes,3,19
E3752,Employee_2752,Sales,Executive,Male,29,115823.0,16419.718701952374,2021-03-29,,No,5,11
E3753,Employee_2753,IT,Executive,Female,21,64062.0,16566.799087620104,2023-03-01,2026-12-23,Yes,5,25
E3754,Employee_2754,sales,Analyst,Male,23,42693.0,2585.7975427286888,2015-12-30,2020-05-07,Yes,4,6
E3755,Employee_2755,IT,Manager,Male,56,102468.0,12186.766110536024,2022-11-03,,No,2,12
E3756,Employee_2756,Hr,Analyst,Female,56,44999.0,13206.481724781283,2021-11-26,,No,5,17
E3757,Employee_2757,sales,Manager,Male,35,,,2015-06-20,2019-12-14,Yes,4,7
E3758,Employee_2758,Sales,Specialist,Female,49,,,2017-06-06,,No,1,16
E3759,Employee_2759,Operations,Analyst,Female,44,167649.0,48222.1548264997,2018-08-19,,No,2,1
E3760,Employee_2760,Operations,Specialist,Male,23,96141.0,10898.872895597682,2019-07-29,,No,4,25
E3761,Employee_2761,IT,Specialist,Male,39,193161.0,33030.08433124594,2016-02-03,2020-05-09,Yes,5,26
E3762,Employee_2762,Marketing,Manager,Female,34,117601.0,34364.75667758685,2017-04-01,,No,1,22
E3763,Employee_2763,Hr,Manager,Female,48,68733.0,9555.427886546255,2021-03-02,2026-03-02,Yes,4,2
E3764,Employee_2764,IT,Executive,Female,22,37084.0,2359.6786433605316,2016-06-19,,No,5,2
E3765,Employee_2765,,Executive,Female,24,173041.0,44307.274004911014,2015-07-26,,No,1,28
E3766,Employee_2766,Support,Associate,Female,21,76526.0,4174.485497237865,2022-11-06,,No,5,12
E3767,Employee_2767,Marketing,Specialist,Male,21,,,2016-10-04,,No,1,15
E3768,Employee_2768,Marketing,Associate,Female,30,50195.0,6662.2390819003795,2022-04-13,2027-05-30,Yes,3,22
E3769,Employee_2769,,Specialist,male,27,32985.0,7358.427099886807,2022-12-04,,No,1,14
E3770,Employee_2770,Hr,Manager,Male,37,64022.0,5934.0310297567485,2018-03-15,2021-12-19,Yes,4,22
E3771,Employee_2771,sales,Executive,Male,41,33143.0,6740.104872709939,2015-05-10,,No,5,0
E3772,Employee_2772,Finance,Manager,Female,24,80629.0,11154.406538347963,2015-04-17,2017-07-15,Yes,5,0
E3773,Employee_2773,Sales,Associate,Female,26,97782.0,28226.39017505528,2016-10-28,2017-08-02,Yes,4,29
E3774,Employee_2774,Sales,Associate,Male,54,161960.0,23167.8474622873,2017-01-22,2019-04-01,Yes,3,3
E3775,Employee_2775,IT,Specialist,Male,57,39950.0,2825.6387381190357,2020-01-20,,No,2,26
E3776,Employee_2776,IT,Specialist,Female,26,126307.0,26612.338280752174,2016-03-16,2019-11-11,Yes,3,25
E3777,Employee_2777,,Executive,Male,46,46057.0,4474.425244393929,2019-06-16,,No,2,12
E3778,Employee_2778,Finance,Executive,Female,38,96013.0,20651.276033342197,2019-08-04,,No,3,28
E3779,Employee_2779,Support,Associate,Male,44,63149.0,7717.07185308552,2020-01-20,,No,5,2
E3780,Employee_2780,Marketing,Manager,Female,39,122203.0,11818.084098871463,2015-11-14,,No,1,16
E3781,Employee_2781,Finance,Analyst,Male,46,146972.0,25873.56890968071,2018-05-29,,No,1,2
E3782,Employee_2782,Sales,Manager,Male,48,,,2022-05-25,,No,3,10
E3783,Employee_2783,IT,Specialist,Female,29,119893.0,8173.223035459372,2022-06-24,,No,5,5
E3784,Employee_2784,Operations,Specialist,Male,21,30792.0,3976.071262239956,2019-03-31,,No,2,16
E3785,Employee_2785,HR,Manager,Male,23,69632.0,3565.15535042079,2019-07-07,,No,4,5
E3786,Employee_2786,,Specialist,Male,21,74870.0,13187.919396533496,2022-12-28,,No,3,19
E3787,Employee_2787,sales,Manager,Female,50,94874.0,8261.19469703755,2018-09-25,2020-12-04,Yes,3,24
E3788,Employee_2788,sales,Associate,Female,29,52568.0,10928.275905678205,2018-03-07,2021-07-18,Yes,2,1
E3789,Employee_2789,IT,Analyst,Male,39,169781.0,44127.32926271275,2022-10-02,,No,4,20
E3790,Employee_2790,Marketing,Manager,Female,28,,,2021-01-12,,No,3,0
E3791,Employee_2791,IT,Manager,Female,24,41447.0,9492.315429590684,2016-01-31,2021-03-31,Yes,4,5
E3792,Employee_2792,IT,Associate,Female,54,163661.0,9192.170972635187,2015-06-19,,No,2,7
E3793,Employee_2793,HR,Associate,Male,44,106944.0,23892.221101694402,2020-01-16,2022-03-13,Yes,1,8
E3794,Employee_2794,Support,Associate,Female,39,125533.0,10930.237957422005,2019-05-21,,No,5,26
E3795,Employee_2795,HR,Associate,Male,59,110821.0,23069.22672860222,2016-08-15,,No,3,6
E3796,Employee_2796,sales,Associate,Female,28,93815.0,27935.417749292188,2022-08-26,,No,2,5
E3797,Employee_2797,HR,Executive,Female,32,66366.0,4891.6792260819075,2020-05-23,,No,4,8
E3798,Employee_2798,,Executive,Female,28,38301.0,5031.496933825831,2018-05-08,,No,2,24
E3799,Employee_2799,Marketing,Associate,Female,24,66894.0,7498.911139345777,2015-04-09,,No,3,10
E3800,Employee_2800,Support,Manager,Female,49,148025.0,42882.34824231972,2019-12-27,,No,4,17
E3801,Employee_2801,Sales,Analyst,Male,44,78671.0,7325.289673730353,2020-11-05,,No,2,2
E3802,Employee_2802,sales,Manager,Male,43,102265.0,20484.601366791856,2019-07-18,,No,5,29
E3803,Employee_2803,,Associate,Male,49,64725.0,15720.892390375991,2022-05-04,,No,2,19
E3804,Employee_2804,Support,Specialist,Female,25,50115.0,9490.756958450125,2017-11-03,,No,5,23
E3805,Employee_2805,Marketing,Associate,Male,35,72738.0,17229.68565622532,2018-12-12,2022-12-16,Yes,3,7
E3806,Employee_2806,Finance,Analyst,Female,23,114351.0,23960.967473371147,2021-03-03,,No,2,8
E3807,Employee_2807,Marketing,Manager,Female,28,147616.0,21383.852557454633,2022-05-03,2024-07-02,Yes,2,20
E3808,Employee_2808,Operations,Manager,Female,30,98408.0,20872.937540757986,2018-08-10,,No,1,28
E3809,Employee_2809,IT,Executive,Female,24,92979.0,8767.775872738344,2021-06-23,2024-09-30,Yes,5,28
E3810,Employee_2810,IT,Manager,Female,41,178079.0,14037.924529991968,2019-07-14,2023-07-19,Yes,2,8
E3811,Employee_2811,,Analyst,Male,38,197599.0,43547.608626548405,2017-03-19,2020-06-01,Yes,1,25
E3812,Employee_2812,sales,Manager,Male,56,105561.0,6612.7518327166035,2018-06-28,,No,1,2
E3813,Employee_2813,Operations,Specialist,Male,42,154359.0,14768.097148829083,2018-05-07,,No,3,7
E3814,Employee_2814,HR,Specialist,Male,37,54256.0,8364.51300861121,2018-02-19,,No,5,23
E3815,Employee_2815,Support,Manager,Male,49,160145.0,41351.67336777924,2015-08-18,,No,1,8
E3816,Employee_2816,Finance,Specialist,Female,28,89321.0,22866.83010743261,2021-07-29,,No,1,15
E3817,Employee_2817,Marketing,Manager,Male,56,194813.0,53631.489103835454,2020-06-19,2023-05-13,Yes,3,20
E3818,Employee_2818,Support,Analyst,Female,37,99278.0,8228.29029423138,2017-02-04,,No,4,4
E3819,Employee_2819,Hr,Specialist,Female,27,91201.0,24456.384638531235,2020-11-13,,No,2,26
E3820,Employee_2820,,Associate,Male,46,169108.0,25623.087412401066,2020-08-11,,No,4,3
E3821,Employee_2821,,Associate,male,33,107564.0,25211.339401363453,2016-05-20,,No,5,22
E3822,Employee_2822,,Analyst,Male,49,180969.0,20229.849044578037,2023-01-21,,No,1,17
E3823,Employee_2823,Sales,Specialist,Male,28,143849.0,27588.96320502868,2023-02-08,2024-05-31,Yes,2,5
E3824,Employee_2824,IT,Executive,Male,49,175306.0,42251.182308667885,2020-10-12,2022-02-13,Yes,2,9
E3825,Employee_2825,Finance,Analyst,Female,30,158869.0,27566.97740509259,2021-10-26,,No,5,19
E3826,Employee_2826,Hr,Analyst,Female,47,132207.0,12354.706376319658,2019-12-31,,No,1,11
E3827,Employee_2827,Finance,Associate,Male,32,,,2016-01-28,,No,2,16
E3828,Employee_2828,Marketing,Executive,Male,59,166203.0,49365.114039442255,2017-11-04,,No,4,3
E3829,Employee_2829,HR,Executive,Female,56,177318.0,29226.153920309494,2020-07-20,,No,1,1
E3830,Employee_2830,Finance,Associate,Female,37,41301.0,3966.238520819004,2017-06-10,2022-01-27,Yes,2,13
E3831,Employee_2831,sales,Analyst,Female,56,50932.0,11456.759230649153,2021-06-14,2022-09-18,Yes,5,1
E3832,Employee_2832,sales,Specialist,Male,25,137481.0,23263.25638127533,2021-12-23,2024-05-27,Yes,5,11
E3833,Employee_2833,sales,Specialist,Male,25,49521.0,5902.656603566657,2015-02-28,,No,3,17
E3834,Employee_2834,Sales,Specialist,Female,30,132617.0,15332.3918832368,2018-11-30,,No,1,14
E3835,Employee_2835,Operations,Manager,Male,33,48055.0,8657.37814095353,2017-07-06,,No,1,12
E3836,Employee_2836,Operations,Associate,Female,47,66775.0,16335.599306375014,2016-12-02,,No,1,12
E3837,Employee_2837,IT,Associate,Female,55,106497.0,25233.02167296552,2019-03-09,,No,5,17
E3838,Employee_2838,IT,Manager,male,34,93209.0,23296.206414957505,2020-09-22,,No,4,27
E3839,Employee_2839,,Associate,Male,59,177615.0,36352.788404772946,2015-01-18,,No,3,7
E3840,Employee_2840,IT,Manager,Female,40,182455.0,53620.93335272597,2017-04-16,,No,3,14
E3841,Employee_2841,Hr,Analyst,Male,34,40862.0,5587.542161041914,2023-02-09,,No,2,11
E3842,Employee_2842,Hr,Executive,Female,36,134152.0,16781.181792128013,2020-08-09,,No,3,12
E3843,Employee_2843,Marketing,Executive,Female,51,166344.0,22200.356087784046,2017-03-02,2020-09-10,Yes,5,20
E3844,Employee_2844,Sales,Associate,Male,45,127435.0,28224.597560237995,2022-01-09,,No,2,2
E3845,Employee_2845,IT,Manager,Male,28,160654.0,8358.062169852235,2022-03-22,,No,3,15
E3846,Employee_2846,sales,Executive,Male,21,37645.0,6881.494652305425,2017-03-24,2018-11-16,Yes,3,8
E3847,Employee_2847,Finance,Manager,Male,27,114845.0,10549.172108479555,2017-12-22,,No,1,20
E3848,Employee_2848,sales,Executive,Male,27,157368.0,9198.997095638711,2019-07-28,,No,2,7
E3849,Employee_2849,Support,Specialist,Male,41,139454.0,31689.322082146788,2018-05-02,2019-05-20,Yes,1,7
E3850,Employee_2850,Finance,Analyst,Male,24,101839.0,8172.979894491413,2023-02-20,2023-11-12,Yes,2,29
E3851,Employee_2851,,Specialist,Female,47,119147.0,15866.046454833533,2022-02-16,,No,2,3
E3852,Employee_2852,Sales,Manager,Female,39,98908.0,8941.520099381563,2020-04-26,,No,1,26
E3853,Employee_2853,Hr,Associate,Female,54,64247.0,18115.120525662045,2022-01-29,,No,4,3
E3854,Employee_2854,Finance,Analyst,Male,51,161151.0,17862.368171287726,2016-09-05,,No,2,12
E3855,Employee_2855,sales,Analyst,Male,29,178579.0,14386.901937415103,2022-03-08,,No,4,18
E3856,Employee_2856,,Manager,Female,32,37485.0,10451.304218223244,2017-01-09,2020-08-13,Yes,4,9
E3857,Employee_2857,Finance,Associate,Male,59,163021.0,18411.56673850637,2016-02-06,,No,3,14
E3858,Employee_2858,Support,Executive,Female,41,145925.0,16879.787983638842,2016-05-20,,No,1,5
E3859,Employee_2859,HR,Analyst,Male,36,195560.0,20493.922658942498,2023-02-28,2026-08-22,Yes,1,18
E3860,Employee_2860,Sales,Specialist,Female,23,124948.0,23060.801037571444,2015-03-23,,No,1,14
E3861,Employee_2861,Support,Manager,Female,42,83096.0,5248.670746836735,2017-09-23,,No,4,12
E3862,Employee_2862,Marketing,Associate,Male,39,105419.0,6156.724247896412,2019-10-04,,No,4,24
E3863,Employee_2863,,Manager,Male,41,41093.0,5302.545094311713,2021-08-08,,No,3,22
E3864,Employee_2864,Marketing,Manager,Female,27,191680.0,20450.796996568733,2021-02-09,,No,4,5
E3865,Employee_2865,Marketing,Manager,Male,31,189467.0,16352.559001321908,2019-09-11,2021-08-13,Yes,3,18
E3866,Employee_2866,Sales,Analyst,Female,31,104362.0,20675.238928915507,2022-11-22,,No,2,27
E3867,Employee_2867,Hr,Manager,Male,58,,,2022-07-02,2026-12-19,Yes,5,14
E3868,Employee_2868,Support,Executive,Female,54,127357.0,15772.432269532335,2021-05-26,,No,1,8
E3869,Employee_2869,,Specialist,Female,31,160522.0,17542.309769443942,2021-01-28,2023-11-28,Yes,4,29
E3870,Employee_2870,Hr,Associate,Female,51,178310.0,15877.49494773311,2017-07-04,,No,3,2
E3871,Employee_2871,Operations,Executive,Male,24,121228.0,7642.970551524559,2017-05-10,2018-09-15,Yes,1,7
E3872,Employee_2872,,Specialist,Female,28,181141.0,31319.88322443059,2022-07-13,,No,1,14
E3873,Employee_2873,Sales,Manager,Male,51,60996.0,13476.00934534221,2016-03-25,,No,3,8
E3874,Employee_2874,HR,Analyst,Female,36,199143.0,54196.39378919156,2022-11-14,2026-12-14,Yes,4,28
E3875,Employee_2875,sales,Analyst,Female,32,106064.0,8216.24131801028,2015-01-21,,No,4,19
E3876,Employee_2876,Marketing,Associate,Male,59,160992.0,20051.444855978607,2017-08-17,,No,4,21
E3877,Employee_2877,,Manager,Female,46,92278.0,22826.23417642761,2020-01-28,,No,2,23
E3878,Employee_2878,Sales,Executive,Female,44,167967.0,45026.71196176705,2016-10-09,,No,1,2
E3879,Employee_2879,Hr,Analyst,Male,41,194702.0,41910.92257308694,2018-05-04,,No,4,28
E3880,Employee_2880,,Manager,Male,36,35849.0,3781.313289662296,2018-03-08,2020-07-23,Yes,5,14
E3881,Employee_2881,Finance,Manager,Female,26,102495.0,17751.119914446685,2019-12-31,,No,4,27
E3882,Employee_2882,Finance,Manager,Female,22,171035.0,36037.2245311698,2020-07-10,,No,1,13
E3883,Employee_2883,Operations,Specialist,Female,44,111947.0,9632.011121683881,2016-04-02,2019-05-21,Yes,5,15
E3884,Employee_2884,HR,Executive,Female,29,43155.0,8166.527251475672,2020-06-02,,No,5,25
E3885,Employee_2885,,Associate,Male,43,196170.0,51633.639555448775,2019-03-23,,No,1,21
E3886,Employee_2886,sales,Manager,Female,24,154109.0,15818.432852683985,2021-11-10,2025-09-20,Yes,4,1
E3887,Employee_2887,IT,Manager,Male,46,66680.0,18270.578767770246,2022-01-11,,No,5,13
E3888,Employee_2888,Finance,Executive,Male,27,120502.0,33138.94082714363,2020-02-13,,No,1,17
E3889,Employee_2889,sales,Specialist,Male,42,55433.0,7944.404397894614,2019-02-25,2023-12-05,Yes,3,25
E3890,Employee_2890,HR,Analyst,Male,22,133504.0,35028.70162684682,2019-08-10,,No,2,12
E3891,Employee_2891,Hr,Manager,Female,25,167750.0,24728.69492286472,2020-11-05,2023-12-04,Yes,2,14
E3892,Employee_2892,Sales,Executive,Female,21,76235.0,10740.67851575051,2021-04-04,2022-09-19,Yes,2,1
E3893,Employee_2893,Support,Executive,Female,51,154613.0,39008.136987932216,2015-09-18,2019-11-12,Yes,4,10
E3894,Employee_2894,Support,Specialist,Male,25,127504.0,20088.341152613008,2016-10-24,,No,2,14
E3895,Employee_2895,Support,Manager,Female,43,193029.0,56805.796611282385,2022-04-17,,No,3,13
E3896,Employee_2896,,Manager,Male,50,171832.0,16724.999382727154,2018-10-13,,No,3,26
E3897,Employee_2897,Marketing,Executive,Female,38,188554.0,13418.90804021573,2019-12-29,,No,5,15
E3898,Employee_2898,IT,Manager,Female,56,,,2022-08-04,2025-05-13,Yes,5,15
E3899,Employee_2899,sales,Specialist,Male,34,95623.0,26903.213445983056,2017-03-24,,No,3,29
E3900,Employee_2900,IT,Manager,Male,55,71965.0,6044.124119862621,2021-08-18,,No,4,10
E3901,Employee_2901,,Analyst,Male,35,58317.0,5084.811265832261,2021-10-10,2024-11-12,Yes,5,4
E3902,Employee_2902,Finance,Executive,Male,33,134134.0,9890.102542768655,2018-12-20,,No,4,11
E3903,Employee_2903,Hr,Specialist,Female,33,174599.0,14435.85924209197,2015-04-17,,No,2,1
E3904,Employee_2904,Sales,Associate,Male,54,74261.0,8067.4198664127925,2021-04-08,2026-02-18,Yes,2,29
E3905,Employee_2905,Sales,Associate,Female,21,66345.0,11023.670754193396,2018-02-22,,No,1,22
E3906,Employee_2906,sales,Executive ,Male,54,35776.0,5149.304587166428,2020-03-12,,No,5,7
E3907,Employee_2907,Operations,Specialist,Female,50,183412.0,41632.891946760996,2020-07-21,,No,5,16
E3908,Employee_2908,Sales,Executive,Male,24,132658.0,33263.728776555196,2019-12-24,,No,3,17
E3909,Employee_2909,Sales,Analyst,Female,33,45376.0,3486.6234883853544,2021-10-18,,No,1,1
E3910,Employee_2910,IT,Manager,Male,55,188178.0,19555.75479473291,2016-02-12,,No,2,17
E3911,Employee_2911,sales,Executive,Male,59,104710.0,25781.008055193655,2018-12-05,,No,1,20
E3912,Employee_2912,Operations,Analyst,Male,30,34318.0,3885.087442665501,2016-04-12,,No,1,1
E3913,Employee_2913,HR,Manager,Male,35,149195.0,14899.30891414679,2018-06-29,,No,4,21
E3914,Employee_2914,sales,Manager,Male,34,58273.0,14692.273493175979,2020-03-07,,No,1,15
E3915,Employee_2915,Marketing,Manager,Male,35,142765.0,21021.543124996675,2022-10-17,,No,5,20
E3916,Employee_2916,Support,Analyst,Female,58,140121.0,16570.668575713473,2017-12-26,,No,2,15
E3917,Employee_2917,HR,Manager,Female,39,172173.0,45184.782923542705,2015-10-14,,No,2,27
E3918,Employee_2918,HR,Analyst,Female,24,184641.0,14831.505488904095,2016-02-18,,No,4,8
E3919,Employee_2919,HR,Associate,Female,56,193471.0,28882.922829114184,2022-03-08,,No,2,27
E3920,Employee_2920,Finance,Manager,Male,55,86437.0,23587.343235707132,2015-12-22,,No,1,22
E3921,Employee_2921,HR,Specialist,Female,37,94557.0,14080.644117974387,2017-03-20,,No,3,24
E3922,Employee_2922,Marketing,Manager,female,52,145287.0,34051.25868218207,2018-09-01,,No,4,2
E3923,Employee_2923,IT,Manager,Female,35,62400.0,9019.004862562964,2022-09-23,,No,3,6
E3924,Employee_2924,Hr,Analyst,Male,25,75113.0,6103.188326417205,2022-04-25,2022-12-28,Yes,3,24
E3925,Employee_2925,IT,Associate,Male,27,,,2021-07-05,,No,1,20
E3926,Employee_2926,,Executive,Male,53,164035.0,11165.534882571948,2019-04-19,,No,4,26
E3927,Employee_2927,Operations,Manager,Male,39,113652.0,14124.589813886372,2017-10-12,,No,2,23
E3928,Employee_2928,Hr,Associate,Male,33,178537.0,49271.838123969195,2018-02-25,2023-06-01,Yes,5,21
E3929,Employee_2929,HR,Associate,Female,35,112124.0,23635.13980948005,2018-10-18,,No,5,20
E3930,Employee_2930,Support,Manager,Male,21,118074.0,16116.288881331697,2019-07-22,,No,3,27
E3931,Employee_2931,HR,Manager,Female,26,146740.0,33436.69886278924,2020-11-29,,No,4,16
E3932,Employee_2932,Finance,Analyst,Male,58,81464.0,8240.602374136999,2017-02-20,,No,2,28
E3933,Employee_2933,sales,Specialist,Female,47,107219.0,20182.553245632014,2016-02-21,,No,3,22
E3934,Employee_2934,sales,Manager,Female,31,86249.0,25079.369064321625,2019-05-02,2021-01-18,Yes,5,26
E3935,Employee_2935,Sales,Manager,Male,25,91852.0,20710.580041063204,2019-06-14,,No,3,1
E3936,Employee_2936,Sales,Specialist,Female,45,84017.0,9049.004464530462,2021-02-15,,No,3,21
E3937,Employee_2937,Sales,Specialist,Male,55,,,2018-11-12,,No,1,29
E3938,Employee_2938,HR,Associate,Male,41,44388.0,7177.919456079648,2017-01-21,,No,3,1
E3939,Employee_2939,Marketing,Executive,Male,35,68769.0,14202.127307159783,2016-04-30,,No,5,15
E3940,Employee_2940,Support,Manager,male,51,170907.0,44075.61206426085,2017-04-17,,No,2,22
E3941,Employee_2941,HR,Associate,Female,36,174408.0,11781.112650599129,2017-03-16,2022-06-02,Yes,2,18
E3942,Employee_2942,Hr,Executive,female,45,197011.0,30996.862773664914,2018-01-10,,No,5,26
E3943,Employee_2943,,Associate,Female,57,154506.0,44373.996217647065,2019-12-10,,No,5,17
E3944,Employee_2944,Hr,Executive,Male,34,90044.0,6260.527203477278,2017-08-25,2022-07-15,Yes,4,16
E3945,Employee_2945,Operations,Associate,Female,36,96794.0,21848.808295402392,2016-07-25,,No,1,20
E3946,Employee_2946,Marketing,Specialist,Female,49,95223.0,21598.260084152214,2015-02-10,2017-10-23,Yes,5,8
E3947,Employee_2947,Finance,Specialist,Female,41,131976.0,18170.40650093356,2015-02-02,,No,4,24
E3948,Employee_2948,Operations,Specialist,Female,46,67479.0,13234.681835063457,2015-06-09,,No,1,9
E3949,Employee_2949,sales,Specialist,Male,24,158773.0,38194.137643360664,2016-08-03,,No,2,27
E3950,Employee_2950,IT,Associate,Male,55,67242.0,9045.840384526173,2019-01-10,,No,4,17
E3951,Employee_2951,Marketing,Manager,Female,46,,,2022-08-05,,No,1,28
E3952,Employee_2952,Hr,Associate,Female,34,140078.0,10491.444670134266,2020-07-27,,No,5,15
E3953,Employee_2953,Finance,Analyst,Male,28,158863.0,29798.822282104196,2017-09-11,,No,3,6
E3954,Employee_2954,Sales,Manager,Male,28,188413.0,40495.98952952636,2018-07-06,,No,5,27
E3955,Employee_2955,sales,Manager,Female,58,101602.0,11876.550936777498,2016-01-18,,No,3,3
E3956,Employee_2956,Support,Associate,Female,25,123937.0,21625.087130922817,2020-08-19,,No,4,21
E3957,Employee_2957,Support,Manager,Female,23,81761.0,14041.239913788544,2020-03-28,,No,1,13
E3958,Employee_2958,HR,Executive,Female,43,182542.0,42195.07726518319,2019-10-06,2024-06-07,Yes,2,20
E3959,Employee_2959,Marketing,Manager,Male,21,104492.0,25405.30775227645,2019-07-31,,No,3,6
E3960,Employee_2960,Support,Associate,Female,51,51017.0,4454.5735496694815,2016-03-05,2021-03-16,Yes,5,4
E3961,Employee_2961,Support,Analyst,Female,39,123938.0,22932.146181252298,2022-03-05,2023-06-26,Yes,1,29
E3962,Employee_2962,IT,Associate,Male,23,36107.0,2704.966310416799,2023-01-25,,No,5,24
E3963,Employee_2963,Hr,Associate,Male,39,198765.0,22103.201687051234,2018-06-17,,No,1,5
E3964,Employee_2964,Operations,Executive,Female,29,77547.0,20614.805705112445,2018-08-18,,No,2,1
E3965,Employee_2965,Operations,Analyst,Male,57,108944.0,6154.853751915353,2020-09-07,,No,2,24
E3966,Employee_2966,Finance,Associate,Female,29,58610.0,7880.9040601504375,2022-08-28,2027-07-06,Yes,4,16
E3967,Employee_2967,Sales,Executive,Male,43,81645.0,17959.399361082258,2018-08-17,,No,1,0
E3968,Employee_2968,,Executive,Female,27,,,2020-12-13,,No,1,16
E3969,Employee_2969,sales,Analyst,Female,27,63585.0,17348.270779074075,2016-04-11,,No,4,6
E3970,Employee_2970,,Analyst,Male,44,44026.0,5773.480553746707,2020-01-30,,No,1,21
E3971,Employee_2971,Sales,Manager,Female,52,195675.0,52073.49746941026,2015-05-29,2020-01-18,Yes,2,16
E3972,Employee_2972,HR,Specialist,Female,29,76434.0,11141.45574567147,2016-10-19,2021-10-12,Yes,1,23
E3973,Employee_2973,Marketing,Manager,Female,44,75778.0,7857.409452589052,2019-06-30,2021-11-29,Yes,4,5
E3974,Employee_2974,,Specialist,Male,49,86908.0,10463.736458581307,2021-09-14,,No,1,4
E3975,Employee_2975,IT,Analyst,Female,48,175919.0,26004.20828158362,2015-02-19,,No,4,13
E3976,Employee_2976,sales,Analyst,Male,31,111163.0,25065.825303623977,2019-12-06,,No,4,1
E3977,Employee_2977,IT,Executive,Female,34,,,2021-04-24,2026-08-07,Yes,4,15
E3978,Employee_2978,HR,Executive,Male,30,140210.0,32422.539137894637,2018-09-28,,No,5,17
E3979,Employee_2979,IT,Associate,Male,23,153273.0,38969.02343168712,2015-09-27,2016-09-09,Yes,4,10
E3980,Employee_2980,,Specialist,Female,48,143812.0,13910.55850563791,2018-04-20,,No,1,21
E3981,Employee_2981,HR,Analyst,Female,39,144165.0,9782.41594858918,2016-10-12,2020-04-18,Yes,2,0
E3982,Employee_2982,Operations,Analyst,Male,51,80799.0,13186.12686458674,2016-03-06,2020-11-18,Yes,4,22
E3983,Employee_2983,IT,Specialist,Male,56,91926.0,20466.235505344437,2015-09-28,2021-02-20,Yes,4,21
E3984,Employee_2984,,Executive,Male,37,183552.0,22285.45537951012,2023-02-08,,No,2,25
E3985,Employee_2985,Finance,Analyst,Female,50,169221.0,21799.070926989723,2022-03-24,2025-09-05,Yes,4,2
E3986,Employee_2986,Hr,Manager,Male,26,165875.0,37537.05546947905,2019-12-23,,No,5,26
E3987,Employee_2987,Operations,Manager,Male,31,116821.0,24425.756085455705,2017-08-06,,No,2,23
E3988,Employee_2988,HR,Analyst,Female,51,70888.0,7931.629887448945,2017-12-17,,No,1,22
E3989,Employee_2989,,Manager,Male,24,163054.0,42414.116366805305,2018-07-18,,No,3,1
E3990,Employee_2990,Hr,Specialist,Female,39,139168.0,10689.348015165262,2015-07-03,2019-08-11,Yes,2,18
E3991,Employee_2991,Finance,Executive,female,37,60353.0,10506.919742864759,2016-03-10,2019-08-28,Yes,1,9
E3992,Employee_2992,Sales,Analyst,Female,57,128991.0,10709.426234347982,2020-10-04,,No,4,3
E3993,Employee_2993,Sales,Associate,Male,51,192358.0,47019.90556693717,2022-08-27,,No,2,14
E3994,Employee_2994,sales,Executive,Female,36,85256.0,16760.56530815741,2016-03-15,,No,1,22
E3995,Employee_2995,Marketing,Analyst,Male,24,37466.0,11042.558483796873,2016-09-06,,No,4,2
E3996,Employee_2996,Operations,Executive,Male,44,152790.0,43155.57699423924,2015-10-03,2020-08-21,Yes,3,6
E3997,Employee_2997,Marketing,Associate,Male,46,81481.0,13463.829061364058,2022-05-09,2025-02-12,Yes,3,11
E3998,Employee_2998,Operations,Specialist,Female,53,188563.0,45462.544550975435,2017-01-19,,No,5,12
E3999,Employee_2999,IT,Associate,Male,44,140478.0,12183.763250259744,2020-12-27,,No,2,13
E4000,Employee_3000,Support,Executive,Male,32,59251.0,6909.552723094115,2016-11-21,,No,5,12
E4001,Employee_3001,,Executive,Male,38,43162.0,2657.4830396287252,2017-07-28,2022-09-22,Yes,3,5
E4002,Employee_3002,Marketing,Manager,Male,23,89090.0,18455.70978143622,2020-02-10,2022-01-18,Yes,1,28
E4003,Employee_3003,Sales,Manager,Female,55,127229.0,22958.972467822558,2018-01-11,,No,3,1
E4004,Employee_3004,HR,Manager,Male,42,73237.0,9539.365398250335,2023-02-12,,No,1,26
E4005,Employee_3005,HR,Specialist,Female,57,104990.0,25256.571964776223,2017-07-26,2019-07-07,Yes,4,9
E4006,Employee_3006,Support,Executive,Male,59,47038.0,13495.278582713983,2022-09-22,2025-05-12,Yes,1,2
E4007,Employee_3007,Hr,Manager,Female,28,127081.0,27843.35136015273,2017-12-21,2022-03-20,Yes,2,24
E4008,Employee_3008,Hr,Executive,Female,55,188334.0,29642.200555774438,2016-04-21,2020-09-06,Yes,4,18
E4009,Employee_3009,Marketing,Specialist,Male,32,178293.0,51250.29403170023,2018-09-07,,No,5,24
E4010,Employee_3010,sales,Analyst,Female,27,93830.0,25834.293049423217,2016-02-24,,No,1,15
E4011,Employee_3011,Support,Manager,Male,43,92714.0,26629.352742732222,2022-08-10,,No,5,18
E4012,Employee_3012,Hr,Executive,Male,37,30415.0,1733.441313907511,2018-02-21,,No,5,28
E4013,Employee_3013,HR,Manager,Female,32,134448.0,13207.312272673435,2020-03-25,,No,3,14
E4014,Employee_3014,Sales,Executive,Female,37,107763.0,30979.83719986257,2020-08-10,2022-09-01,Yes,5,23
E4015,Employee_3015,Hr,Associate,Male,54,63367.0,11689.486063877812,2021-07-10,,No,1,12
E4016,Employee_3016,IT,Associate,Female,27,163054.0,39460.390948986285,2023-03-17,,No,2,0
E4017,Employee_3017,Support,Analyst,Male,34,130063.0,31080.964931178645,2017-04-21,2018-01-10,Yes,5,2
E4018,Employee_3018,Hr,Executive,Male,47,62882.0,13359.135131862216,2019-04-03,2021-07-22,Yes,5,12
E4019,Employee_3019,,Manager,Male,36,39013.0,3944.6665295831776,2022-05-20,,No,5,8
E4020,Employee_3020,Support,Executive,Female,38,189711.0,46288.24655071251,2022-09-27,2027-04-23,Yes,4,18
E4021,Employee_3021,Finance,Specialist,Male,56,89507.0,24120.828892228186,2020-12-03,2026-02-24,Yes,5,1
E4022,Employee_3022,Sales,Analyst,Male,49,176595.0,45967.41607439565,2018-05-30,2019-04-20,Yes,1,15
E4023,Employee_3023,Marketing,Manager,Female,33,46375.0,6078.022227560193,2017-09-17,,No,2,26
E4024,Employee_3024,Finance,Analyst,Male,41,133806.0,14735.788586528819,2019-01-26,2020-11-06,Yes,1,19
E4025,Employee_3025,HR,Analyst,Male,58,63799.0,10488.980383143438,2019-06-02,2021-01-25,Yes,3,18
E4026,Employee_3026,Sales,Specialist,Female,53,184339.0,11286.592919230767,2015-11-04,,No,2,1
E4027,Employee_3027,HR,Analyst,Female,56,82540.0,11635.671922490736,2018-09-20,,No,2,6
E4028,Employee_3028,Finance,Manager,Female,42,154703.0,21345.34196025803,2021-04-14,,No,1,2
E4029,Employee_3029,Support,Associate,Female,25,187451.0,30166.06088041355,2019-05-13,,No,3,8
E4030,Employee_3030,IT,Executive,Female,56,99353.0,6846.531489337415,2016-05-19,,No,3,2
E4031,Employee_3031,,Analyst,Female,51,198571.0,30028.760298530335,2016-11-02,2020-01-03,Yes,5,10
E4032,Employee_3032,Support,Analyst,Male,57,154581.0,43446.44700738737,2015-02-01,,No,5,1
E4033,Employee_3033,HR,Specialist,Male,31,92355.0,15986.899551774544,2020-03-08,,No,1,18
E4034,Employee_3034,Sales,Executive,Female,27,63924.0,5579.528158511502,2015-12-10,2019-10-09,Yes,1,6
E4035,Employee_3035,HR,Specialist,female,31,146936.0,31043.267606707923,2020-08-12,,No,3,19
E4036,Employee_3036,Finance,Analyst,Female,52,126815.0,9112.694383164067,2021-02-24,2026-02-22,Yes,5,2
E4037,Employee_3037,,Manager,Male,44,175959.0,10188.686442069124,2020-11-29,,No,4,28
E4038,Employee_3038,HR,Executive,Male,32,,,2020-10-13,,No,1,1
E4039,Employee_3039,Finance,Specialist,Female,26,110875.0,20222.57700206485,2019-03-05,2024-05-23,Yes,2,7
E4040,Employee_3040,IT,Specialist,Female,45,118091.0,25981.832571317973,2020-10-11,,No,4,8
E4041,Employee_3041,Sales,Analyst,Female,49,153670.0,24714.238734282007,2018-02-09,,No,1,12
E4042,Employee_3042,,Associate,Male,46,124436.0,36373.953436419106,2019-06-13,2024-02-24,Yes,5,9
E4043,Employee_3043,,Analyst,Male,46,123396.0,11822.284442476757,2017-12-20,2020-10-03,Yes,4,23
E4044,Employee_3044,Support,Manager,Female,33,197655.0,59091.75062730242,2022-07-04,,No,4,6
E4045,Employee_3045,HR,Specialist,Female,34,170017.0,15765.05117011389,2016-12-23,,No,3,17
E4046,Employee_3046,sales,Manager,Female,45,79635.0,6879.822115072982,2019-03-14,,No,2,28
E4047,Employee_3047,IT,Manager,Female,57,79999.0,20495.77962823549,2016-11-26,,No,3,13
E4048,Employee_3048,sales,Analyst,Male,35,62799.0,11042.85801673632,2020-10-13,2026-01-28,Yes,3,22
E4049,Employee_3049,Marketing,Specialist,Male,51,163387.0,23346.9038702841,2015-03-07,,No,5,8
E4050,Employee_3050,Hr,Manager,Female,40,70301.0,4266.976859110428,2020-01-29,2023-04-24,Yes,2,8
E4051,Employee_3051,Hr,Manager,Female,27,151373.0,9086.791701316863,2019-10-15,,No,5,22
E4052,Employee_3052,IT,Associate,Female,49,74590.0,20928.566219874847,2021-08-26,,No,1,18
E4053,Employee_3053,Hr,Manager,Female,55,134919.0,9669.596197977233,2019-01-17,,No,4,25
E4054,Employee_3054,Sales,Manager,Male,23,135633.0,9410.604487696724,2015-01-02,2016-04-16,Yes,5,14
E4055,Employee_3055,,Associate,Female,52,35972.0,2522.685411413466,2017-10-06,,No,4,22
E4056,Employee_3056,Operations,Analyst,Female,55,182612.0,27630.372668072883,2020-01-23,,No,1,24
E4057,Employee_3057,Sales,Associate,Female,57,32599.0,3152.7227962894262,2021-02-13,,No,2,18
E4058,Employee_3058,,Executive,Male,47,,,2018-07-08,,No,1,25
E4059,Employee_3059,sales,Specialist,Male,39,67487.0,10986.974846007502,2015-01-18,2016-02-05,Yes,5,0
E4060,Employee_3060,,Executive,Female,23,102158.0,5946.500441087692,2015-01-08,2017-06-30,Yes,3,16
E4061,Employee_3061,Operations,Executive,male,31,82712.0,21566.248887445712,2020-07-14,2022-08-05,Yes,2,19
E4062,Employee_3062,Marketing,Executive,Male,22,196083.0,18142.916936393478,2019-10-27,,No,3,2
E4063,Employee_3063,sales,Executive,Male,25,81827.0,4348.045373757713,2022-05-01,2026-02-17,Yes,4,10
E4064,Employee_3064,Marketing,Specialist,Male,42,172412.0,23609.22783630129,2017-08-14,,No,3,12
E4065,Employee_3065,sales,Analyst,Male,48,,,2022-09-27,,No,3,20
E4066,Employee_3066,Finance,Associate,Female,41,139446.0,11938.779037038736,2021-09-11,2024-03-01,Yes,1,10
E4067,Employee_3067,IT,Associate,Female,33,117457.0,12609.36106361079,2017-06-14,,No,5,29
E4068,Employee_3068,sales,Associate,Female,57,174174.0,34756.155149243896,2022-05-25,2026-06-10,Yes,2,15
E4069,Employee_3069,Marketing,Executive,Female,57,162141.0,38692.08538167668,2016-10-09,2019-06-27,Yes,3,3
E4070,Employee_3070,Operations,Manager,Female,52,126256.0,36878.10814357198,2016-04-04,,No,2,9
E4071,Employee_3071,Hr,Specialist,Female,43,52789.0,7940.995421067984,2021-01-08,,No,5,23
E4072,Employee_3072,,Manager,Female,51,145310.0,29113.82427475395,2021-06-25,2022-08-20,Yes,2,17
E4073,Employee_3073,sales,Executive ,Male,32,43894.0,5081.145288259611,2016-08-23,,No,1,13
E4074,Employee_3074,Finance,Associate,Female,36,51179.0,13866.784514852983,2021-09-26,,No,4,21
E4075,Employee_3075,sales,Associate,female,28,58478.0,10552.838252470458,2023-02-18,,No,2,17
E4076,Employee_3076,IT,Specialist,Female,33,156861.0,25981.4358701064,2018-06-19,,No,5,21
E4077,Employee_3077,Sales,Specialist,Female,56,126784.0,7784.623934391629,2018-07-17,2022-04-04,Yes,2,24
E4078,Employee_3078,Support,Associate,Female,24,,,2018-06-09,,No,2,22
E4079,Employee_3079,IT,Specialist,Male,48,169018.0,28933.40368624529,2019-03-24,,No,4,17
E4080,Employee_3080,,Manager,Female,41,80333.0,6073.510545301852,2021-03-22,,No,4,24
E4081,Employee_3081,HR,Associate,Male,36,72974.0,8987.435546498511,2015-03-05,,No,2,13
E4082,Employee_3082,Marketing,Executive,Female,31,51601.0,13386.210537629238,2021-12-22,,No,4,12
E4083,Employee_3083,Support,Executive,Female,47,36028.0,8805.626625086947,2022-07-12,2027-08-15,Yes,5,2
E4084,Employee_3084,HR,Analyst,Female,49,57678.0,4914.586179772956,2019-11-14,2021-04-13,Yes,2,0
E4085,Employee_3085,sales,Executive,Female,28,30189.0,7797.770808118934,2015-10-23,,No,5,16
E4086,Employee_3086,Marketing,Specialist,Female,52,151691.0,32882.28755328505,2020-02-23,,No,5,20
E4087,Employee_3087,sales,Analyst,Female,32,140719.0,15698.509661159147,2019-04-08,2024-09-05,Yes,3,27
E4088,Employee_3088,HR,Manager,male,34,41408.0,7580.095143149178,2022-07-13,,No,2,18
E4089,Employee_3089,Marketing,Associate,Female,42,41913.0,12054.616817552189,2021-09-18,2023-05-31,Yes,2,12
E4090,Employee_3090,Finance,Executive,Male,36,92110.0,11486.7118428952,2022-10-02,2026-01-20,Yes,1,21
E4091,Employee_3091,Support,Analyst,Female,57,171583.0,9570.02781628815,2021-06-24,,No,4,14
E4092,Employee_3092,IT,Specialist,Female,46,187320.0,46315.09874397733,2019-04-05,2024-05-02,Yes,2,9
E4093,Employee_3093,HR,Analyst,Female,53,153747.0,32622.11072704407,2016-06-26,,No,2,17
E4094,Employee_3094,,Manager,Female,48,110123.0,8494.974796026869,2016-03-24,,No,2,17
E4095,Employee_3095,Support,Analyst,Female,36,149097.0,28139.929989669185,2020-05-09,,No,1,6
E4096,Employee_3096,Operations,Associate,Female,43,111610.0,6201.340444624449,2022-09-17,,No,3,23
E4097,Employee_3097,Sales,Specialist,female,30,81341.0,23034.39390206566,2020-04-26,2024-02-19,Yes,4,3
E4098,Employee_3098,Finance,Manager,Female,47,188647.0,26949.825121913527,2016-11-21,2019-11-03,Yes,3,29
E4099,Employee_3099,sales,Executive,Male,27,134139.0,28755.848903643564,2017-05-28,,No,5,7
E4100,Employee_3100,HR,Specialist,Male,34,196243.0,28600.798788073505,2015-11-02,2017-11-28,Yes,2,11
E4101,Employee_3101,Operations,Associate,Female,30,33582.0,6220.392292453516,2015-04-12,,No,5,0
E4102,Employee_3102,HR,Manager,Female,21,31085.0,3536.8155004779383,2021-09-23,,No,4,2
E4103,Employee_3103,sales,Manager,Male,26,147309.0,30785.748124481357,2021-06-06,,No,3,7
E4104,Employee_3104,Finance,Specialist,Female,49,56825.0,10421.73911667061,2021-06-07,2026-06-28,Yes,1,10
E4105,Employee_3105,Support,Associate,Female,54,167175.0,22712.574514919022,2017-12-07,2021-12-19,Yes,2,15
E4106,Employee_3106,Sales,Analyst,Female,45,170060.0,38202.7666903331,2016-10-26,,No,2,22
E4107,Employee_3107,Operations,Manager,Male,54,145650.0,41234.52664771611,2018-06-22,,No,2,20
E4108,Employee_3108,sales,Specialist,Male,49,176104.0,32642.39426722503,2019-05-24,,No,2,5
E4109,Employee_3109,Hr,Analyst,Male,38,83096.0,16487.80599554201,2018-07-24,,No,2,9
E4110,Employee_3110,Support,Executive,Male,24,70058.0,11099.412638713653,2021-08-17,,No,3,14
E4111,Employee_3111,HR,Manager ,male,29,51661.0,8933.320678572665,2017-01-13,,No,4,26
E4112,Employee_3112,,Associate,Male,35,120051.0,29169.156014623284,2019-07-20,,No,5,15
E4113,Employee_3113,Finance,Analyst ,Male,46,140436.0,7900.406290805793,2016-03-16,,No,3,19
E4114,Employee_3114,Support,Executive,Female,42,111380.0,32797.50150349426,2020-07-11,,No,5,13
E4115,Employee_3115,Operations,Specialist,Male,51,66973.0,7108.658534705469,2022-04-14,,No,1,9
E4116,Employee_3116,,Analyst ,Male,27,92235.0,23884.40012542528,2021-12-27,,No,4,1
E4117,Employee_3117,Operations,Manager ,Male,37,136810.0,38870.56829030401,2015-03-18,2018-06-07,Yes,3,18
E4118,Employee_3118,Operations,Executive,Male,57,60312.0,11761.496726784728,2019-03-18,,No,1,11
E4119,Employee_3119,Sales,Analyst,Male,42,144124.0,26596.045929264885,2019-05-17,2021-11-10,Yes,1,26
E4120,Employee_3120,Operations,Analyst,Female,29,167403.0,34718.01766335947,2018-07-26,,No,3,22
E4121,Employee_3121,Operations,Analyst,Male,24,116314.0,34146.52069751239,2015-09-29,,No,2,22
E4122,Employee_3122,Marketing,Specialist,Male,51,47528.0,4624.581401043236,2023-01-09,2026-03-14,Yes,3,15
E4123,Employee_3123,Hr,Manager,Male,48,72129.0,7750.183215690939,2016-04-25,,No,2,6
E4124,Employee_3124,IT,Associate,Female,57,187781.0,54960.126340354116,2016-09-19,,No,3,18
E4125,Employee_3125,Hr,Manager,Female,43,53655.0,7874.901004829459,2015-10-27,,No,4,7
E4126,Employee_3126,Marketing,Manager,Male,36,153441.0,8321.464191381632,2021-01-12,,No,4,27
E4127,Employee_3127,Support,Analyst,Female,32,121663.0,30241.793729123765,2016-07-14,,No,4,29
E4128,Employee_3128,Finance,Associate,Male,40,195529.0,34593.177636768356,2018-10-01,2019-09-15,Yes,1,4
E4129,Employee_3129,Finance,Analyst,Female,37,193958.0,22735.907672868783,2017-08-30,,No,4,29
E4130,Employee_3130,HR,Executive,Female,50,79738.0,22540.098859001093,2021-02-20,,No,3,1
E4131,Employee_3131,,Specialist,Female,23,154750.0,21630.565918558917,2020-09-30,2022-01-05,Yes,5,1
E4132,Employee_3132,Hr,Associate,Male,53,60268.0,8505.336032856654,2019-10-31,,No,3,26
E4133,Employee_3133,Finance,Associate,female,41,173400.0,47367.57627250149,2016-01-06,2019-11-11,Yes,5,16
E4134,Employee_3134,,Associate,Male,57,75534.0,7797.743947715346,2021-05-14,2026-10-07,Yes,5,28
E4135,Employee_3135,IT,Manager,Male,30,177089.0,19159.80273151289,2016-04-08,2018-11-17,Yes,1,6
E4136,Employee_3136,Marketing,Executive ,Male,50,83266.0,20053.347401826868,2019-10-17,2022-04-24,Yes,5,25
E4137,Employee_3137,,Manager,Male,48,160982.0,39207.79224618419,2022-08-02,2023-11-29,Yes,4,19
E4138,Employee_3138,Operations,Specialist,Male,30,94509.0,22033.18629110265,2020-11-14,,No,1,24
E4139,Employee_3139,Support,Associate,Female,24,123699.0,20615.501232117047,2022-10-12,,No,2,27
E4140,Employee_3140,Hr,Executive,Male,27,144847.0,17339.387145785575,2016-09-30,,No,1,13
E4141,Employee_3141,Sales,Manager,Female,33,119527.0,8751.153555630066,2020-07-09,,No,3,29
E4142,Employee_3142,Operations,Specialist,Female,36,81595.0,15041.708655960061,2022-01-21,2025-08-29,Yes,4,27
E4143,Employee_3143,Operations,Executive,Female,49,57235.0,5581.63464753803,2015-11-07,,No,2,1
E4144,Employee_3144,HR,Executive,Male,53,129011.0,15395.340814164761,2019-11-16,2024-08-04,Yes,4,25
E4145,Employee_3145,Finance,Specialist,Female,35,86902.0,20412.21848184209,2022-10-15,2025-11-06,Yes,2,19
E4146,Employee_3146,Sales,Specialist,Female,35,169872.0,41651.477739189155,2018-09-05,,No,4,28
E4147,Employee_3147,Sales,Executive,Female,33,,,2015-09-03,,No,5,6
E4148,Employee_3148,sales,Executive,Male,28,174973.0,33762.75901601716,2017-10-02,2018-11-07,Yes,4,15
E4149,Employee_3149,sales,Manager,Female,31,197893.0,38686.12008448001,2020-05-31,,No,2,21
E4150,Employee_3150,Marketing,Associate,Male,33,,,2016-10-31,,No,2,21
E4151,Employee_3151,Operations,Executive,Male,56,,,2020-01-19,,No,3,15
E4152,Employee_3152,sales,Associate,Male,48,122675.0,21019.529978720224,2018-07-18,,No,1,15
E4153,Employee_3153,Hr,Executive,Female,36,59715.0,17888.65797850649,2019-06-05,,No,5,29
E4154,Employee_3154,sales,Associate,Male,25,56297.0,8708.50549235358,2019-02-24,,No,4,29
E4155,Employee_3155,Marketing,Associate,Male,24,192646.0,42068.57955719218,2019-03-16,,No,5,5
E4156,Employee_3156,sales,Manager,Female,44,47332.0,3936.626656954532,2017-10-18,,No,4,13
E4157,Employee_3157,Operations,Associate,Female,32,103042.0,7825.574360795156,2015-06-18,,No,5,4
E4158,Employee_3158,Finance,Analyst,Male,26,77830.0,20674.699568832828,2018-03-30,2019-12-16,Yes,2,20
E4159,Employee_3159,Operations,Specialist,Female,40,79262.0,18935.91634576188,2020-04-11,,No,2,27
E4160,Employee_3160,Hr,Manager,female,54,100540.0,26437.98525094654,2015-01-13,2018-02-19,Yes,1,14
E4161,Employee_3161,,Associate,Female,43,43397.0,5903.074364899619,2018-03-27,2021-06-09,Yes,4,0
E4162,Employee_3162,HR,Specialist,Female,32,72399.0,9340.399429732772,2021-01-08,2026-06-29,Yes,1,24
E4163,Employee_3163,HR,Manager,Male,21,181170.0,35327.39454157601,2017-03-21,2019-06-07,Yes,1,5
E4164,Employee_3164,IT,Specialist,Male,47,62357.0,5889.592749478304,2021-03-01,,No,2,21
E4165,Employee_3165,Operations,Associate,Male,54,186571.0,49558.84569188001,2015-01-16,,No,5,3
E4166,Employee_3166,HR,Manager,Male,56,133229.0,12842.617341609075,2018-01-06,,No,3,26
E4167,Employee_3167,Hr,Specialist,Male,39,67077.0,11804.97815333698,2019-04-18,2022-12-16,Yes,3,3
E4168,Employee_3168,Finance,Analyst,Female,26,,,2022-08-19,,No,1,23
E4169,Employee_3169,Sales,Specialist,Male,47,168160.0,38117.151263681255,2016-06-18,2018-11-07,Yes,1,13
E4170,Employee_3170,Finance,Manager,Male,49,141201.0,34352.03843751852,2019-12-03,,No,4,7
E4171,Employee_3171,Support,Manager,Female,21,52766.0,6218.6710716957605,2017-03-10,,No,2,10
E4172,Employee_3172,Marketing,Specialist,Male,25,193396.0,55481.5885866718,2020-03-05,2022-09-21,Yes,4,9
E4173,Employee_3173,Hr,Specialist,Female,59,111120.0,27983.191275364275,2015-09-21,,No,1,23
E4174,Employee_3174,Marketing,Analyst,Female,59,95696.0,25786.343455964496,2019-12-16,,No,2,22
E4175,Employee_3175,IT,Associate,Male,31,169490.0,15194.694002372447,2015-11-13,2019-06-14,Yes,3,20
E4176,Employee_3176,Finance,Manager,Female,45,47985.0,7742.444872576851,2018-12-21,,No,4,18
E4177,Employee_3177,Marketing,Analyst,Male,41,59346.0,9966.673338034358,2020-10-16,2024-06-07,Yes,3,6
E4178,Employee_3178,HR,Associate,Male,22,143408.0,7631.368313161788,2021-08-02,,No,3,6
E4179,Employee_3179,,Executive,Female,44,170484.0,18742.336394801514,2021-05-10,,No,2,12
E4180,Employee_3180,IT,Executive,Male,53,45817.0,7874.451051898319,2023-02-24,,No,1,6
E4181,Employee_3181,Finance,Executive,Female,24,110667.0,11772.287961671842,2019-10-26,,No,4,15
E4182,Employee_3182,Finance,Specialist,Male,30,193597.0,23150.67146683125,2017-11-23,,No,2,15
E4183,Employee_3183,Hr,Analyst,Female,57,49198.0,9498.207648713968,2017-10-28,,No,4,15
E4184,Employee_3184,HR,Executive,Female,50,51331.0,5280.557840040056,2020-02-03,,No,4,5
E4185,Employee_3185,Hr,Associate,Female,23,,,2018-10-22,2023-06-29,Yes,2,23
E4186,Employee_3186,Support,Specialist,Male,43,43346.0,2994.511186336766,2017-03-04,,No,5,28
E4187,Employee_3187,Support,Associate,Female,44,132746.0,16708.87868709637,2017-10-20,,No,5,6
E4188,Employee_3188,HR,Specialist,Female,42,81150.0,5227.7496359886445,2017-10-13,2022-08-18,Yes,2,22
E4189,Employee_3189,Marketing,Executive,Male,33,127753.0,34582.91848334162,2021-11-02,2023-04-05,Yes,4,22
E4190,Employee_3190,Finance,Manager,Female,56,184736.0,16029.07647175306,2017-06-04,,No,2,16
E4191,Employee_3191,Support,Manager,Female,23,71835.0,3744.1481695035327,2018-08-01,2020-09-10,Yes,5,4
E4192,Employee_3192,HR,Specialist,Female,30,,,2016-01-17,,No,5,12
E4193,Employee_3193,Sales,Specialist,Female,30,158357.0,12337.462717579707,2020-10-06,2025-06-19,Yes,1,19
E4194,Employee_3194,sales,Manager,Female,54,198482.0,20201.174114267276,2018-05-08,,No,1,7
E4195,Employee_3195,IT,Associate,Male,34,117777.0,6742.519631936213,2020-11-23,2025-11-03,Yes,5,21
E4196,Employee_3196,Marketing,Manager,Female,41,73118.0,8658.917184106875,2021-12-28,,No,3,1
E4197,Employee_3197,,Analyst,Male,54,131564.0,38864.315674377285,2018-11-25,,No,1,15
E4198,Employee_3198,Marketing,Specialist,Male,47,54967.0,16482.66663650874,2020-08-21,,No,2,25
E4199,Employee_3199,Finance,Associate,Female,51,84820.0,19185.950942559048,2022-12-04,2023-12-08,Yes,1,28
E4200,Employee_3200,Marketing,Analyst,Male,46,112418.0,19783.57279758602,2020-05-20,,No,1,16
E4201,Employee_3201,,Specialist,Female,53,95206.0,10891.061391626132,2015-04-28,2016-11-12,Yes,5,15
E4202,Employee_3202,sales,Executive,male,22,50497.0,8525.917992609477,2021-09-16,,No,5,18
E4203,Employee_3203,Operations,Associate,Male,24,173954.0,34005.55605362424,2021-12-01,2022-11-29,Yes,4,23
E4204,Employee_3204,Finance,Specialist,Female,59,126134.0,35518.367491416975,2021-03-05,2022-08-01,Yes,5,14
E4205,Employee_3205,Operations,Specialist,Female,43,33159.0,3035.8332986788287,2018-05-28,,No,3,6
E4206,Employee_3206,Operations,Executive,Female,37,138798.0,24666.221638061306,2016-09-06,,No,1,2
E4207,Employee_3207,Support,Analyst,Female,41,113325.0,21544.650542121264,2019-12-19,2023-08-14,Yes,5,24
E4208,Employee_3208,HR,Manager,Female,45,47111.0,13106.971435728063,2018-02-15,,No,4,17
E4209,Employee_3209,IT,Executive,Male,59,78106.0,7653.909715160408,2016-03-18,2017-03-16,Yes,5,8
E4210,Employee_3210,,Specialist,Male,29,197030.0,47464.74172147124,2019-06-13,2024-05-28,Yes,5,10
E4211,Employee_3211,sales,Executive,Female,31,143204.0,36017.684843164745,2017-09-02,,No,2,3
E4212,Employee_3212,Operations,Analyst,Male,30,145475.0,38763.32215917902,2020-10-10,,No,1,14
E4213,Employee_3213,Marketing,Analyst,Male,29,141686.0,23550.392583220193,2015-05-20,2019-08-06,Yes,4,23
E4214,Employee_3214,HR,Executive,Male,34,151359.0,38971.84081303877,2021-08-19,,No,3,10
E4215,Employee_3215,Sales,Specialist ,Female,52,,,2018-06-09,,No,4,7
E4216,Employee_3216,HR,Manager,Female,55,36185.0,10666.298109830459,2017-11-05,,No,5,20
E4217,Employee_3217,,Associate,Male,54,113744.0,32832.699576089275,2019-12-11,2025-02-24,Yes,5,19
E4218,Employee_3218,Marketing,Analyst ,Female,46,170752.0,24010.4316526951,2015-06-29,,No,3,5
E4219,Employee_3219,Marketing,Specialist,Male,43,178044.0,42634.696344717224,2021-02-06,2022-02-14,Yes,2,1
E4220,Employee_3220,Support,Specialist,Female,47,128737.0,32189.34272837897,2015-09-16,,No,4,14
E4221,Employee_3221,Marketing,Executive,Male,25,77059.0,14907.527236907636,2016-01-29,,No,1,11
E4222,Employee_3222,Hr,Analyst,Male,45,189501.0,38686.05297558481,2015-10-02,,No,2,19
E4223,Employee_3223,Marketing,Associate,Male,55,87557.0,12305.015258794772,2017-08-07,,No,2,24
E4224,Employee_3224,IT,Analyst,Male,44,,,2021-01-12,,No,2,3
E4225,Employee_3225,Operations,Manager,Female,29,126777.0,15693.59928342906,2015-06-11,,No,5,10
E4226,Employee_3226,Operations,Executive,Female,31,182352.0,33572.38892883936,2020-06-03,,No,1,20
E4227,Employee_3227,IT,Executive,Male,43,119928.0,16321.20804555789,2019-12-19,,No,4,0
E4228,Employee_3228,HR,Manager,Female,30,158574.0,17507.53181761208,2022-10-15,2026-08-18,Yes,5,28
E4229,Employee_3229,Hr,Analyst,Male,47,77055.0,13076.865655977557,2015-08-05,2018-05-09,Yes,1,4
E4230,Employee_3230,Hr,Associate ,Male,40,199924.0,37360.219377243724,2015-08-28,,No,2,25
E4231,Employee_3231,Operations,Executive,Female,38,123391.0,36813.39263187309,2018-03-13,2022-09-10,Yes,3,9
E4232,Employee_3232,Hr,Analyst,Female,37,199795.0,11070.607231854749,2022-06-13,,No,3,24
E4233,Employee_3233,Sales,Associate,Female,48,119606.0,25984.7331559503,2022-09-26,,No,1,3
E4234,Employee_3234,HR,Specialist,Male,51,118304.0,22282.334812235495,2016-01-26,2016-11-22,Yes,1,11
E4235,Employee_3235,HR,Executive,Female,54,127816.0,36340.07137883111,2019-04-18,,No,1,5
E4236,Employee_3236,Operations,Associate,Female,22,120853.0,29171.8395028805,2023-02-07,2024-12-10,Yes,5,11
E4237,Employee_3237,Marketing,Executive,Female,46,,,2016-04-15,,No,4,26
E4238,Employee_3238,HR,Associate,female,34,133412.0,34480.641878836555,2015-04-13,,No,2,18
E4239,Employee_3239,Support,Executive,Male,39,52593.0,8555.133968517455,2017-11-27,,No,5,9
E4240,Employee_3240,Marketing,Specialist,Female,44,162192.0,16790.30457077389,2021-01-07,,No,2,24
E4241,Employee_3241,Operations,Manager,Male,35,109766.0,6839.640241245566,2020-01-23,,No,1,7
E4242,Employee_3242,HR,Analyst,Male,23,132433.0,30650.178366360346,2017-04-16,,No,3,8
E4243,Employee_3243,IT,Analyst,Female,49,76545.0,18956.48786233462,2020-02-29,,No,5,14
E4244,Employee_3244,Operations,Associate,Male,36,33768.0,5044.2835023231155,2021-09-16,,No,5,17
E4245,Employee_3245,Support,Associate,Male,23,105427.0,10556.129384849854,2021-03-30,,No,1,27
E4246,Employee_3246,Operations,Specialist,Male,52,193704.0,44220.892878842984,2020-08-18,2023-02-18,Yes,3,16
E4247,Employee_3247,Operations,Associate,Female,47,182395.0,10605.283514105166,2021-02-01,,No,5,20
E4248,Employee_3248,Finance,Executive,Female,53,174848.0,44847.36104483338,2016-07-18,,No,2,17
E4249,Employee_3249,IT,Associate,Male,33,155850.0,22015.78611058675,2015-04-06,,No,1,12
E4250,Employee_3250,HR,Manager,Female,23,33477.0,3485.7274327159935,2021-05-25,,No,2,10
E4251,Employee_3251,Finance,Executive,Female,30,163878.0,17704.923545028865,2015-07-05,,No,2,10
E4252,Employee_3252,sales,Manager,Male,58,48458.0,6738.466612883216,2015-07-21,,No,5,14
E4253,Employee_3253,Sales,Associate,Female,50,188727.0,14317.118816276881,2021-04-25,,No,4,5
E4254,Employee_3254,,Executive,Male,38,124437.0,27575.858087346143,2018-08-22,2023-06-22,Yes,5,6
E4255,Employee_3255,Hr,Manager,Male,32,81425.0,7403.764613887356,2021-10-11,,No,4,3
E4256,Employee_3256,IT,Manager,Male,34,108156.0,25003.219831549304,2020-03-11,,No,1,15
E4257,Employee_3257,Finance,Analyst,female,36,80426.0,4725.004201874328,2015-02-26,,No,4,13
E4258,Employee_3258,Operations,Analyst,Female,34,141151.0,8274.759609657724,2020-06-01,2021-12-01,Yes,3,9
E4259,Employee_3259,HR,Associate,Male,40,,,2018-03-24,,No,2,7
E4260,Employee_3260,Sales,Manager,Female,37,,,2017-05-14,2020-01-12,Yes,2,8
E4261,Employee_3261,Hr,Specialist,Female,28,104072.0,11138.888689588299,2017-10-17,,No,4,19
E4262,Employee_3262,,Analyst,Female,48,169968.0,24519.42893196527,2017-03-22,,No,1,14
E4263,Employee_3263,Sales,Specialist,Male,33,185791.0,54387.54156097034,2017-05-12,2022-10-10,Yes,1,16
E4264,Employee_3264,Support,Executive,Female,36,116390.0,28832.391024353252,2022-04-30,,No,2,25
E4265,Employee_3265,HR,Specialist,Male,58,87899.0,5922.366451472243,2021-10-21,2024-10-05,Yes,2,18
E4266,Employee_3266,IT,Manager,Female,26,153355.0,44226.56745746571,2018-12-19,,No,4,17
E4267,Employee_3267,IT,Manager,Male,22,173111.0,43930.11840026432,2018-03-06,,No,4,23
E4268,Employee_3268,Finance,Manager,Male,28,,,2017-06-23,,No,1,19
E4269,Employee_3269,Support,Executive,Female,28,53902.0,6785.465505717602,2016-11-15,,No,5,12
E4270,Employee_3270,Finance,Analyst,Male,51,,,2020-10-05,2023-11-28,Yes,3,2
E4271,Employee_3271,Hr,Associate,Male,50,,,2021-08-13,,No,5,7
E4272,Employee_3272,,Manager,Male,38,151739.0,21969.505159004348,2022-03-06,,No,3,8
E4273,Employee_3273,IT,Analyst,Male,44,176696.0,10368.647975168993,2020-11-30,,No,4,7
E4274,Employee_3274,Hr,Manager,Male,30,108254.0,17965.33908586865,2017-12-09,2018-10-11,Yes,1,8
E4275,Employee_3275,Hr,Associate,Male,28,61028.0,15990.780285613711,2017-09-21,,No,1,3
E4276,Employee_3276,Finance,Specialist,Male,48,185761.0,42252.59681604777,2015-05-04,,No,4,15
E4277,Employee_3277,Sales,Executive,Male,29,,,2020-06-28,2023-03-28,Yes,5,6
E4278,Employee_3278,Hr,Associate,Male,26,192423.0,38307.93668441454,2017-12-05,2021-09-26,Yes,5,13
E4279,Employee_3279,IT,Associate,Female,40,108363.0,23454.32188735106,2018-11-09,,No,5,8
E4280,Employee_3280,Finance,Executive,Female,29,49477.0,5488.448137063174,2019-01-13,,No,2,5
E4281,Employee_3281,sales,Analyst,Male,33,72464.0,5469.798423236807,2018-12-11,2022-11-05,Yes,1,27
E4282,Employee_3282,Operations,Executive,Female,32,71514.0,20001.102552464887,2022-10-15,,No,4,12
E4283,Employee_3283,IT,Executive,Female,25,141073.0,35199.35639513469,2018-04-12,,No,1,21
E4284,Employee_3284,,Analyst,Female,48,,,2017-02-10,,No,3,24
E4285,Employee_3285,HR,Executive,Male,43,70397.0,11495.362169273409,2016-11-02,2020-08-07,Yes,5,2
E4286,Employee_3286,Operations,Manager,Male,55,173703.0,33680.01836629817,2021-04-30,,No,3,8
E4287,Employee_3287,Operations,Executive,Male,48,73341.0,12826.340222996154,2016-10-19,,No,2,8
E4288,Employee_3288,IT,Associate,Female,26,145428.0,30317.100521115444,2021-07-08,,No,4,0
E4289,Employee_3289,sales,Executive,Male,41,65169.0,9719.365214987243,2015-05-25,,No,2,22
E4290,Employee_3290,Marketing,Manager,Male,22,113682.0,16494.659580101932,2021-12-17,2026-08-29,Yes,1,1
E4291,Employee_3291,Support,Executive,Female,39,39551.0,3233.4996164543677,2022-01-04,2022-11-29,Yes,3,1
E4292,Employee_3292,Sales,Executive,Female,50,47330.0,13803.971895966313,2017-09-28,2019-07-23,Yes,5,15
E4293,Employee_3293,Finance,Associate,Male,28,151265.0,33500.374235145944,2016-04-17,,No,3,6
E4294,Employee_3294,Marketing,Associate,Female,41,52966.0,12390.038516512759,2016-05-12,,No,1,28
E4295,Employee_3295,sales,Manager,Female,26,147296.0,27180.35138121026,2018-10-02,,No,5,6
E4296,Employee_3296,Hr,Executive ,Female,30,142696.0,22406.585280718245,2020-04-13,,No,2,2
E4297,Employee_3297,HR,Manager,Female,55,175316.0,29597.884757007116,2016-12-15,,No,2,12
E4298,Employee_3298,Sales,Executive ,Female,39,113301.0,8738.292748706437,2018-04-23,2021-10-21,Yes,5,18
E4299,Employee_3299,Hr,Specialist,Male,57,172324.0,26160.782902067265,2022-08-11,,No,4,3
E4300,Employee_3300,Marketing,Associate,Male,58,185346.0,47932.79044864462,2015-01-23,,No,4,15
E4301,Employee_3301,Support,Manager,Female,24,30424.0,3076.705878448592,2020-06-05,,No,5,16
E4302,Employee_3302,,Associate,Female,59,173064.0,44158.38690964524,2021-03-08,2023-04-11,Yes,4,24
E4303,Employee_3303,Operations,Analyst,Male,55,142448.0,15563.922215612034,2021-04-30,,No,3,17
E4304,Employee_3304,Marketing,Manager,Female,29,153780.0,44995.40606725718,2020-03-14,2023-02-07,Yes,1,29
E4305,Employee_3305,Sales,Executive,Female,21,55090.0,10980.042553715908,2019-05-11,2023-10-29,Yes,4,19
E4306,Employee_3306,Marketing,Executive,Female,51,146815.0,8522.479427188091,2016-06-05,2020-04-27,Yes,3,9
E4307,Employee_3307,Operations,Specialist,Male,29,,,2019-01-09,2021-11-22,Yes,1,8
E4308,Employee_3308,Support,Associate,Female,57,191687.0,57016.072104617335,2020-04-11,,No,1,13
E4309,Employee_3309,Operations,Analyst,Female,22,98759.0,25184.231924777778,2019-06-07,,No,3,10
E4310,Employee_3310,Marketing,Analyst,Female,26,137845.0,33132.68548957825,2021-02-01,,No,5,26
E4311,Employee_3311,HR,Specialist,Male,23,74791.0,8077.147252978759,2017-11-24,,No,1,16
E4312,Employee_3312,Hr,Executive,Male,23,60497.0,11047.705028367303,2022-01-14,,No,3,15
E4313,Employee_3313,Marketing,Manager ,Male,44,85569.0,19414.2902544595,2017-06-06,,No,1,20
E4314,Employee_3314,Marketing,Executive,Male,54,106407.0,16202.488402518631,2015-06-25,2017-07-29,Yes,2,2
E4315,Employee_3315,IT,Analyst,Male,44,142000.0,40821.54210189348,2020-02-21,2024-07-03,Yes,3,26
E4316,Employee_3316,sales,Executive,Female,28,,,2021-06-07,,No,4,23
E4317,Employee_3317,,Executive ,Male,44,,,2022-04-29,,No,5,16
E4318,Employee_3318,HR,Analyst,Female,54,80697.0,18298.728415666625,2016-01-06,,No,1,24
E4319,Employee_3319,Sales,Specialist,Male,27,99550.0,23779.0533847326,2015-09-16,,No,4,25
E4320,Employee_3320,Operations,Manager,Female,30,143927.0,20990.012666222672,2020-04-13,,No,1,17
E4321,Employee_3321,IT,Associate,Female,35,37509.0,2241.0821497699153,2022-11-19,,No,2,12
E4322,Employee_3322,Support,Executive,Male,51,,,2022-08-13,2026-04-08,Yes,5,26
E4323,Employee_3323,Operations,Executive,Male,41,171320.0,11161.941595355953,2021-02-11,,No,1,24
E4324,Employee_3324,IT,Analyst,Male,36,175400.0,37946.812546293615,2019-06-29,2024-01-28,Yes,4,24
E4325,Employee_3325,IT,Analyst,Female,56,53306.0,4225.053319047543,2020-08-26,2022-06-02,Yes,2,23
E4326,Employee_3326,sales,Specialist,Male,37,,,2015-12-06,2018-06-18,Yes,3,11
E4327,Employee_3327,Sales,Specialist,Female,25,122799.0,13830.281112809173,2017-04-02,,No,2,14
E4328,Employee_3328,IT,Associate,Female,46,116624.0,26762.712296628157,2017-11-13,,No,1,2
E4329,Employee_3329,,Analyst,Male,56,140406.0,8185.5464570311515,2018-08-20,,No,5,17
E4330,Employee_3330,Finance,Associate,Male,36,135711.0,28084.820572054483,2021-11-07,2025-12-22,Yes,4,8
E4331,Employee_3331,Sales,Analyst,Male,27,148778.0,19878.45869784585,2016-10-27,,No,3,16
E4332,Employee_3332,HR,Manager,Female,43,154679.0,28943.28007849728,2015-07-04,2020-09-30,Yes,2,26
E4333,Employee_3333,Hr,Associate,Male,52,85810.0,17476.115111901625,2019-03-18,,No,3,16
E4334,Employee_3334,Support,Analyst,Male,57,105036.0,21510.305968259756,2020-04-25,,No,3,1
E4335,Employee_3335,Sales,Executive,Female,51,178157.0,39914.97575884161,2020-08-21,,No,1,21
E4336,Employee_3336,Sales,Associate,Male,47,176932.0,11209.379649679207,2018-02-08,,No,4,11
E4337,Employee_3337,,Manager,Male,53,133870.0,30554.44915973844,2020-03-18,,No,1,26
E4338,Employee_3338,HR,Associate,Female,39,112159.0,7529.401560722648,2021-10-01,2024-08-21,Yes,4,21
E4339,Employee_3339,Finance,Specialist,Female,43,117787.0,13937.510697186419,2021-03-13,2025-09-11,Yes,5,6
E4340,Employee_3340,sales,Specialist,Female,26,128156.0,11841.165880294837,2019-07-26,,No,2,19
E4341,Employee_3341,,Executive,Male,21,144132.0,11806.81185831741,2016-09-14,,No,3,16
E4342,Employee_3342,Sales,Analyst,Male,43,113404.0,26997.79148726132,2016-11-21,,No,4,13
E4343,Employee_3343,HR,Executive,Female,33,157422.0,31651.305262523365,2016-01-10,,No,1,26
E4344,Employee_3344,Hr,Associate,Female,23,30637.0,1781.5551225850497,2021-02-11,,No,5,13
E4345,Employee_3345,Support,Analyst ,Male,53,107185.0,16342.51527871095,2018-10-31,2020-02-29,Yes,4,1
E4346,Employee_3346,sales,Manager,Male,39,136745.0,35926.54625563462,2016-06-19,2021-01-28,Yes,4,29
E4347,Employee_3347,Hr,Analyst,Female,39,71417.0,10574.39641607285,2018-10-19,,No,1,19
E4348,Employee_3348,HR,Specialist,Male,24,132373.0,38846.18934889102,2015-09-18,2020-10-02,Yes,3,13
E4349,Employee_3349,HR,Associate,Male,26,137725.0,29314.77860052094,2018-07-30,,No,2,11
E4350,Employee_3350,Hr,Associate,Female,28,,,2018-12-30,,No,2,7
E4351,Employee_3351,Finance,Manager,Male,49,153731.0,8965.805193455126,2017-05-20,2020-05-15,Yes,1,26
E4352,Employee_3352,Hr,Manager,Male,49,113213.0,11447.286999190856,2017-05-10,,No,2,26
E4353,Employee_3353,sales,Associate,Female,53,155212.0,21067.297633477712,2018-12-24,,No,5,4
E4354,Employee_3354,HR,Manager,Male,44,95121.0,20932.936717572687,2021-02-13,,No,1,26
E4355,Employee_3355,,Specialist,Male,48,54425.0,5888.5085813774485,2016-11-06,2018-06-20,Yes,2,19
E4356,Employee_3356,Hr,Specialist,Female,52,37004.0,10490.209673237747,2021-11-18,,No,1,27
E4357,Employee_3357,Support,Analyst,Female,53,55649.0,15762.786168708693,2022-12-09,2027-08-28,Yes,4,24
E4358,Employee_3358,HR,Specialist,Male,51,56469.0,7461.918389060823,2018-07-09,2023-09-29,Yes,5,3
E4359,Employee_3359,sales,Executive,Female,21,112565.0,30673.891656686283,2016-07-10,2018-12-17,Yes,4,23
E4360,Employee_3360,,Executive,Male,58,168156.0,9022.769159641939,2021-08-01,,No,5,24
E4361,Employee_3361,Marketing,Analyst,Male,30,166344.0,23626.40347295561,2016-08-30,,No,3,11
E4362,Employee_3362,sales,Analyst,Female,24,179058.0,14989.229994969413,2019-02-09,2024-01-14,Yes,2,8
E4363,Employee_3363,Operations,Executive,Female,40,98024.0,11082.063945434726,2021-08-15,,No,4,15
E4364,Employee_3364,Marketing,Specialist,Female,55,90692.0,17896.66904327277,2016-07-19,,No,2,5
E4365,Employee_3365,Operations,Specialist,Male,26,181409.0,10181.43190258235,2022-07-04,,No,4,12
E4366,Employee_3366,Hr,Specialist,Female,59,121054.0,10274.472518114257,2021-12-29,,No,1,27
E4367,Employee_3367,Marketing,Executive,Male,23,31745.0,2255.2476271509177,2020-10-16,,No,2,27
E4368,Employee_3368,Sales,Specialist ,Female,48,105224.0,19874.376410315264,2023-03-10,,No,2,9
E4369,Employee_3369,Finance,Analyst,Male,54,59076.0,9497.057886363735,2015-08-03,,No,1,27
E4370,Employee_3370,Support,Manager,Male,22,74890.0,14976.9569958202,2018-05-22,,No,2,15
E4371,Employee_3371,IT,Analyst,Male,40,127807.0,7488.474322908398,2022-01-26,2024-02-18,Yes,5,7
E4372,Employee_3372,Sales,Specialist,Female,26,104916.0,27146.334970287706,2017-11-21,2020-03-26,Yes,1,4
E4373,Employee_3373,Support,Manager,Female,43,163808.0,47365.568651718335,2017-12-20,,No,5,21
E4374,Employee_3374,Sales,Specialist,male,27,163007.0,32948.292854507294,2017-12-06,2022-03-19,Yes,2,29
E4375,Employee_3375,Hr,Specialist,Female,50,124203.0,35329.15926646827,2017-01-05,,No,3,0
E4376,Employee_3376,IT,Manager,Male,23,133140.0,31662.15754470345,2019-10-30,2025-01-23,Yes,3,22
E4377,Employee_3377,IT,Associate,Female,24,177998.0,41177.65112413284,2020-01-30,,No,5,1
E4378,Employee_3378,Sales,Analyst,Female,51,86042.0,15531.622456051859,2019-10-27,,No,3,13
E4379,Employee_3379,Hr,Manager,Female,45,105449.0,12961.626305661406,2016-07-11,2020-07-30,Yes,1,28
E4380,Employee_3380,Marketing,Manager,Male,37,90941.0,27131.508474429513,2019-03-15,,No,2,25
E4381,Employee_3381,Operations,Analyst,Male,26,94578.0,16677.300996844067,2018-10-29,,No,3,2
E4382,Employee_3382,sales,Associate,Male,25,31431.0,5184.719706476601,2015-08-27,2021-01-22,Yes,4,27
E4383,Employee_3383,HR,Executive,Male,54,183807.0,53868.941704193414,2019-12-15,,No,2,27
E4384,Employee_3384,,Executive,Male,59,42636.0,2509.870310156824,2020-12-29,,No,5,24
E4385,Employee_3385,Hr,Executive,Male,59,148414.0,41637.537453337354,2016-06-06,2018-10-13,Yes,4,17
E4386,Employee_3386,IT,Associate,Female,34,141033.0,25584.511452927964,2015-07-29,2017-07-10,Yes,1,0
E4387,Employee_3387,Finance,Manager,Male,41,34476.0,3228.2938144816817,2022-12-16,2024-07-31,Yes,2,11
E4388,Employee_3388,IT,Specialist,Female,48,60448.0,8705.822404371616,2022-07-22,2026-07-18,Yes,2,9
E4389,Employee_3389,Sales,Executive,Male,22,91282.0,25897.49760303996,2022-10-17,2027-12-16,Yes,4,21
E4390,Employee_3390,Hr,Specialist,Male,48,91134.0,17586.560129690042,2016-05-12,,No,2,10
E4391,Employee_3391,Hr,Executive,Female,57,92778.0,19532.872314949367,2017-07-09,,No,3,20
E4392,Employee_3392,HR,Analyst,Male,56,76475.0,8562.821098368533,2017-10-02,,No,5,0
E4393,Employee_3393,,Analyst,Male,25,51071.0,6242.636241637039,2019-02-17,,No,5,17
E4394,Employee_3394,Support,Manager,Female,49,189697.0,54356.428319688086,2017-12-06,,No,3,25
E4395,Employee_3395,Marketing,Associate,Male,48,93642.0,27619.781949849807,2017-03-05,,No,3,29
E4396,Employee_3396,sales,Analyst,Female,40,92607.0,18388.36002442072,2015-04-03,,No,1,0
E4397,Employee_3397,Marketing,Analyst,Male,49,106788.0,14104.352766763153,2022-12-29,,No,2,26
E4398,Employee_3398,Marketing,Analyst,Female,28,77907.0,14811.835422905122,2017-07-19,,No,4,15
E4399,Employee_3399,Finance,Analyst,Male,56,184712.0,30918.697582793364,2021-06-23,2024-02-04,Yes,1,22
E4400,Employee_3400,Sales,Associate,female,45,,,2022-07-10,,No,1,16
E4401,Employee_3401,Support,Analyst,Female,51,145781.0,40312.36800386596,2017-01-13,2018-05-03,Yes,1,21
E4402,Employee_3402,Hr,Associate,Female,21,97564.0,9931.56328097728,2020-04-13,,No,3,16
E4403,Employee_3403,IT,Associate,Female,44,82492.0,5299.138982238833,2021-08-10,,No,3,10
E4404,Employee_3404,Support,Associate,Female,30,59854.0,12582.682426791549,2017-09-10,2023-01-22,Yes,3,12
E4405,Employee_3405,sales,Analyst,Male,54,151232.0,20693.59501476005,2019-09-27,2021-11-04,Yes,2,29
E4406,Employee_3406,HR,Specialist,Male,29,104453.0,30456.756540325227,2020-04-21,,No,3,21
E4407,Employee_3407,sales,Manager,female,38,150913.0,34170.0099472671,2021-12-17,,No,3,26
E4408,Employee_3408,Operations,Analyst,Female,25,125830.0,30762.336262825967,2017-05-27,,No,4,19
E4409,Employee_3409,Operations,Specialist,Male,52,111451.0,16388.340186885496,2019-04-27,2024-06-13,Yes,1,10
E4410,Employee_3410,Marketing,Analyst,Male,22,82204.0,24409.929748750004,2015-11-10,2018-05-27,Yes,5,20
E4411,Employee_3411,Operations,Manager,Male,41,174455.0,45856.64790941748,2022-07-08,,No,5,8
E4412,Employee_3412,Support,Associate,Female,48,86325.0,19620.748082294725,2022-04-25,2023-06-26,Yes,4,25
E4413,Employee_3413,Operations,Associate,Male,37,70533.0,11673.182278071392,2019-10-06,,No,4,8
E4414,Employee_3414,IT,Specialist,Male,57,188978.0,15267.318790863417,2017-06-24,,No,1,9
E4415,Employee_3415,,Specialist,Male,29,191764.0,57047.18249264025,2021-12-02,2022-10-29,Yes,2,18
E4416,Employee_3416,Finance,Specialist,Male,53,149764.0,27695.314199344382,2021-07-06,,No,1,13
E4417,Employee_3417,Finance,Executive,Male,31,76716.0,20533.657816330873,2017-04-13,,No,4,24
E4418,Employee_3418,Finance,Specialist,Female,46,73815.0,20971.698174962465,2020-05-24,,No,3,19
E4419,Employee_3419,IT,Analyst,Female,41,157099.0,11841.488658906781,2019-01-19,,No,3,7
E4420,Employee_3420,Operations,Manager,Male,30,142446.0,28585.5743129588,2015-02-21,,No,1,22
E4421,Employee_3421,IT,Analyst,Male,25,164868.0,33693.10787425449,2018-05-17,,No,1,23
E4422,Employee_3422,Support,Specialist,Female,42,74493.0,6402.397223373801,2018-06-29,,No,3,1
E4423,Employee_3423,Operations,Associate,Female,48,191941.0,11426.805035082842,2019-03-01,2024-01-07,Yes,4,5
E4424,Employee_3424,Sales,Associate,Male,29,165475.0,15090.194849092331,2020-08-07,2023-09-02,Yes,4,25
E4425,Employee_3425,Operations,Analyst,Male,48,78260.0,22733.057886671035,2019-09-17,,No,5,0
E4426,Employee_3426,Support,Analyst ,Male,25,44628.0,8284.855759423814,2015-08-02,2020-01-17,Yes,4,14
E4427,Employee_3427,Hr,Analyst,Male,37,149346.0,33248.40086608377,2022-07-13,,No,2,27
E4428,Employee_3428,sales,Specialist,Female,42,156121.0,36394.32173841573,2016-08-16,,No,1,3
E4429,Employee_3429,Marketing,Analyst,Female,27,35988.0,2586.189058055275,2015-02-12,,No,1,18
E4430,Employee_3430,HR,Executive,Male,29,143174.0,35320.9080059029,2017-07-15,,No,1,15
E4431,Employee_3431,Hr,Associate,Male,59,152453.0,21850.515940707486,2018-04-30,,No,5,18
E4432,Employee_3432,Marketing,Analyst,Male,57,78601.0,20147.698889332,2022-10-20,,No,1,18
E4433,Employee_3433,Support,Executive,Male,33,160366.0,39684.48742304031,2019-01-13,,No,2,23
E4434,Employee_3434,HR,Analyst,Female,25,83709.0,17474.150583280825,2020-11-21,,No,4,2
E4435,Employee_3435,Sales,Analyst,Female,41,63782.0,10584.422875746983,2022-09-18,,No,5,21
E4436,Employee_3436,Support,Specialist,Female,54,190074.0,11203.659640693582,2015-07-20,2017-05-03,Yes,2,25
E4437,Employee_3437,Sales,Manager,Male,57,107627.0,11599.405165973234,2019-04-17,,No,1,3
E4438,Employee_3438,Finance,Executive,Female,53,136602.0,29837.785797061086,2021-12-09,,No,3,29
E4439,Employee_3439,sales,Associate,Female,40,106438.0,9648.767877101132,2018-11-05,,No,3,22
E4440,Employee_3440,Marketing,Manager,Male,59,170089.0,26159.587811002046,2018-05-23,,No,4,29
E4441,Employee_3441,,Analyst,female,39,67232.0,11858.816125368903,2015-04-04,,No,5,23
E4442,Employee_3442,,Analyst,Male,41,127305.0,29567.783675107275,2020-09-28,,No,3,27
E4443,Employee_3443,HR,Executive,Female,56,172624.0,16917.573915652247,2015-11-25,,No,2,28
E4444,Employee_3444,Finance,Manager,Male,43,162933.0,16194.76400146407,2017-09-22,2021-01-25,Yes,5,21
E4445,Employee_3445,Hr,Executive,male,29,104426.0,21849.66745188181,2015-04-18,,No,5,8
E4446,Employee_3446,sales,Executive,Male,42,62687.0,17071.672667863164,2020-06-22,,No,5,23
E4447,Employee_3447,Sales,Analyst,Female,42,130330.0,30359.462007396767,2020-01-30,,No,4,29
E4448,Employee_3448,,Analyst,Female,38,80000.0,13322.842711206304,2020-05-18,,No,4,19
E4449,Employee_3449,Finance,Specialist,Male,30,120688.0,8449.406830486947,2017-02-28,,No,5,2
E4450,Employee_3450,Operations,Manager,Male,37,113275.0,20255.13784246304,2019-11-07,2022-03-25,Yes,4,9
E4451,Employee_3451,Operations,Analyst,Female,27,128097.0,9532.372739035218,2021-08-02,,No,4,16
E4452,Employee_3452,HR,Associate,Female,50,69435.0,9697.38928125247,2020-02-17,,No,3,1
E4453,Employee_3453,Finance,Executive,Male,53,141841.0,21053.47404573327,2016-07-17,,No,1,20
E4454,Employee_3454,Sales,Analyst,Male,40,65655.0,9494.944863876393,2021-03-22,,No,5,25
E4455,Employee_3455,Marketing,Manager,Female,57,187085.0,10530.740094489282,2019-12-08,,No,5,8
E4456,Employee_3456,Support,Manager,Female,25,148849.0,42754.6474003827,2019-02-06,,No,1,11
E4457,Employee_3457,Marketing,Analyst,Female,34,,,2015-06-29,2018-04-27,Yes,4,11
E4458,Employee_3458,,Associate,Female,31,160115.0,22167.76105333844,2015-07-21,,No,3,5
E4459,Employee_3459,HR,Executive,Female,35,32590.0,8513.72583587982,2022-09-22,2026-11-12,Yes,5,20
E4460,Employee_3460,Sales,Associate,Female,50,41924.0,11619.169394951536,2019-09-18,,No,4,21
E4461,Employee_3461,Finance,Executive,Male,31,71970.0,7893.109699152623,2017-11-07,2022-08-30,Yes,1,5
E4462,Employee_3462,Hr,Specialist ,Male,45,152143.0,16971.73302380789,2022-07-08,,No,2,17
E4463,Employee_3463,Hr,Specialist,Female,31,137276.0,26217.123471389536,2020-01-05,,No,3,3
E4464,Employee_3464,sales,Manager,Female,52,82136.0,19471.88653787327,2020-12-14,,No,1,16
E4465,Employee_3465,,Executive,Male,38,,,2015-01-31,,No,4,8
E4466,Employee_3466,,Specialist,Female,23,156682.0,28876.62917151602,2015-09-14,,No,4,24
E4467,Employee_3467,Support,Manager,Female,29,164257.0,41307.73497431383,2017-01-01,,No,5,23
E4468,Employee_3468,sales,Analyst,Male,30,152537.0,35293.4651717105,2017-12-19,,No,5,19
E4469,Employee_3469,Marketing,Executive,Male,59,158969.0,14181.374109706232,2015-03-30,,No,5,23
E4470,Employee_3470,HR,Specialist ,female,48,140990.0,36188.12548865948,2017-12-11,2020-04-10,Yes,3,10
E4471,Employee_3471,sales,Analyst,Male,58,90896.0,8136.584987827439,2015-09-28,,No,4,4
E4472,Employee_3472,,Analyst,Male,35,189018.0,56163.13889215276,2018-10-09,2023-11-03,Yes,2,19
E4473,Employee_3473,Support,Manager,Male,50,190066.0,16617.734768752453,2021-03-26,,No,3,7
E4474,Employee_3474,Operations,Specialist,Female,25,120139.0,26951.925197835593,2018-06-08,2022-11-12,Yes,5,7
E4475,Employee_3475,Operations,Associate,Female,32,64062.0,14885.510195043857,2020-09-06,2025-06-14,Yes,2,23
E4476,Employee_3476,Operations,Associate,Male,26,68585.0,3710.0525327066093,2021-11-03,,No,1,21
E4477,Employee_3477,Marketing,Specialist,Female,26,154011.0,38114.32271575361,2020-04-14,,No,4,28
E4478,Employee_3478,sales,Analyst,Female,40,174218.0,50796.57901326513,2019-06-24,,No,3,11
E4479,Employee_3479,Hr,Specialist,Male,43,117367.0,10729.197244301035,2020-04-12,2022-06-27,Yes,1,16
E4480,Employee_3480,Marketing,Executive,Male,49,166123.0,22348.351583850388,2021-06-18,,No,2,6
E4481,Employee_3481,Marketing,Executive,Female,36,71182.0,16264.29373430393,2023-01-11,2024-01-18,Yes,4,19
E4482,Employee_3482,Sales,Executive,Female,51,52163.0,14664.249806003905,2017-04-12,,No,4,17
E4483,Employee_3483,Sales,Manager,Female,59,,,2020-07-09,,No,4,17
E4484,Employee_3484,Support,Manager,Male,51,158383.0,42469.075719272325,2016-04-07,,No,1,25
E4485,Employee_3485,IT,Executive,Female,33,163686.0,9710.69436931348,2016-09-12,,No,3,3
E4486,Employee_3486,Support,Manager,Female,27,92395.0,17426.972694684533,2016-03-13,,No,4,15
E4487,Employee_3487,Hr,Associate,Male,26,80189.0,6184.200890748327,2018-11-03,,No,2,3
E4488,Employee_3488,Marketing,Analyst,Male,57,116184.0,14997.090467897375,2015-09-03,,No,2,16
E4489,Employee_3489,sales,Manager,Male,50,111846.0,16291.520657365976,2019-06-07,,No,4,21
E4490,Employee_3490,Support,Manager,Male,59,74280.0,9792.585430174338,2018-11-04,,No,4,29
E4491,Employee_3491,Sales,Associate,Male,52,148825.0,9473.512541995278,2015-11-02,2018-08-06,Yes,1,26
E4492,Employee_3492,,Specialist,Female,57,83380.0,19295.76069256816,2022-04-19,2023-12-01,Yes,1,10
E4493,Employee_3493,Marketing,Analyst,Male,42,151185.0,7568.791833038908,2018-11-19,2022-01-17,Yes,2,26
E4494,Employee_3494,Operations,Executive,Female,35,141269.0,12552.926853071313,2017-05-05,,No,3,7
E4495,Employee_3495,Hr,Executive,Female,42,34610.0,5153.274223354027,2017-12-20,,No,1,13
E4496,Employee_3496,sales,Associate,Female,26,142024.0,41959.83157163497,2015-10-24,,No,1,13
E4497,Employee_3497,Operations,Specialist,Female,42,172511.0,32041.614562768227,2020-12-25,,No,5,5
E4498,Employee_3498,,Executive,Female,21,162321.0,42555.23702377615,2020-09-05,,No,1,22
E4499,Employee_3499,Marketing,Specialist,Female,26,,,2017-04-28,2020-06-19,Yes,3,27
E4500,Employee_3500,,Associate,Male,56,87498.0,13927.987598376129,2015-09-29,2020-08-03,Yes,4,23
E4501,Employee_3501,Finance,Associate,Male,55,158236.0,32713.23020550859,2015-05-02,2019-10-28,Yes,3,2
E4502,Employee_3502,Marketing,Executive,Female,36,39705.0,7461.3592696996375,2022-02-11,2024-12-21,Yes,4,10
E4503,Employee_3503,sales,Analyst,Female,30,135894.0,36985.882659127754,2020-05-30,,No,4,3
E4504,Employee_3504,,Specialist,Male,55,,,2020-10-28,,No,5,27
E4505,Employee_3505,HR,Analyst,Female,52,136649.0,29847.511398180162,2019-06-09,,No,5,22
E4506,Employee_3506,Marketing,Associate,Male,23,99874.0,17061.431014827438,2018-04-20,2021-01-22,Yes,1,23
E4507,Employee_3507,sales,Executive,Male,37,,,2016-02-24,2017-12-21,Yes,4,24
E4508,Employee_3508,sales,Specialist,Male,22,152082.0,43866.88932870979,2020-07-28,,No,4,21
E4509,Employee_3509,sales,Specialist,Male,53,48368.0,3338.613967137018,2020-03-17,,No,3,24
E4510,Employee_3510,,Executive,Female,48,61977.0,12706.982116441346,2022-03-03,,No,1,21
E4511,Employee_3511,HR,Specialist,Female,32,95124.0,10781.796364316944,2015-02-24,,No,5,14
E4512,Employee_3512,Marketing,Manager,Male,33,155223.0,44278.12998463319,2019-05-21,,No,2,6
E4513,Employee_3513,Marketing,Associate,Female,30,70888.0,3649.553429333613,2018-10-16,,No,4,2
E4514,Employee_3514,HR,Manager,Female,23,98345.0,25457.29071272246,2021-06-12,2026-11-06,Yes,3,23
E4515,Employee_3515,,Analyst,Female,52,56657.0,11722.683170049355,2015-05-10,2019-10-13,Yes,4,10
E4516,Employee_3516,Sales,Specialist,Female,37,47421.0,11679.980503578305,2015-07-23,,No,3,15
E4517,Employee_3517,HR,Specialist,Female,52,46406.0,9491.793795446254,2019-06-22,,No,2,7
E4518,Employee_3518,IT,Specialist,Male,27,85619.0,17686.768358360903,2019-05-26,,No,2,3
E4519,Employee_3519,Sales,Manager,Male,31,134554.0,26143.91741992302,2016-03-05,,No,1,1
E4520,Employee_3520,HR,Executive,Female,32,120473.0,13097.1828304051,2022-06-15,2027-03-24,Yes,3,21
E4521,Employee_3521,Finance,Associate,male,44,70149.0,8574.72295670413,2017-06-11,2018-09-23,Yes,1,3
E4522,Employee_3522,,Analyst,Male,56,119218.0,23151.828866905882,2016-03-13,,No,3,0
E4523,Employee_3523,,Specialist,Male,50,,,2021-09-07,,No,2,15
E4524,Employee_3524,IT,Specialist,Female,49,161086.0,21277.74311424505,2017-09-30,,No,2,3
E4525,Employee_3525,sales,Analyst,Female,50,150162.0,42300.353636372376,2020-02-05,,No,3,0
E4526,Employee_3526,sales,Specialist,Male,52,,,2019-08-13,2020-04-04,Yes,2,22
E4527,Employee_3527,Operations,Associate,Female,46,87852.0,24625.24724363435,2015-04-03,,No,5,21
E4528,Employee_3528,,Executive,Male,58,48456.0,12108.09447299678,2018-07-15,2020-11-22,Yes,1,27
E4529,Employee_3529,Hr,Executive,female,40,182860.0,50315.176772405735,2018-02-06,2018-09-20,Yes,1,4
E4530,Employee_3530,,Analyst,Female,33,145729.0,22923.792936907474,2017-05-04,2022-05-20,Yes,5,10
E4531,Employee_3531,Finance,Specialist,male,24,94046.0,6475.844615982587,2018-01-17,,No,3,17
E4532,Employee_3532,Sales,Analyst ,Female,32,96572.0,24014.12839111912,2020-07-29,,No,5,5
E4533,Employee_3533,Support,Executive,Female,26,36122.0,5172.243438566607,2019-06-03,2023-12-11,Yes,5,1
E4534,Employee_3534,sales,Manager,Male,36,82158.0,14773.310901873077,2018-06-10,2019-04-16,Yes,5,16
E4535,Employee_3535,Finance,Manager,Female,42,140632.0,14606.506311206507,2018-01-05,,No,2,9
E4536,Employee_3536,Hr,Manager,Male,21,169380.0,32366.026753588565,2019-05-14,,No,4,10
E4537,Employee_3537,sales,Specialist,Female,23,125515.0,23509.590209324924,2018-06-28,2023-08-02,Yes,3,9
E4538,Employee_3538,Hr,Specialist,Female,56,69530.0,9800.29014982506,2019-08-08,2023-11-05,Yes,2,10
E4539,Employee_3539,IT,Specialist,female,38,46685.0,9354.910964377696,2021-01-19,2024-08-15,Yes,4,11
E4540,Employee_3540,HR,Associate,Male,56,163015.0,36917.2759642508,2019-09-24,,No,5,6
E4541,Employee_3541,Finance,Executive,Female,30,177711.0,16338.056539868736,2017-11-17,,No,2,8
E4542,Employee_3542,Sales,Analyst,Female,37,65402.0,4360.115096135349,2020-03-06,2025-03-15,Yes,4,8
E4543,Employee_3543,sales,Manager,Male,48,39967.0,11493.86439908389,2020-05-24,,No,2,5
E4544,Employee_3544,Hr,Associate,male,26,85900.0,12303.717544795225,2016-10-10,,No,1,16
E4545,Employee_3545,,Analyst,Male,39,126939.0,22908.458322450813,2021-06-10,,No,5,11
E4546,Employee_3546,Sales,Executive,Male,44,,,2022-04-11,,No,4,20
E4547,Employee_3547,sales,Analyst,Female,28,188747.0,10916.062922587515,2022-05-26,,No,4,25
E4548,Employee_3548,Marketing,Specialist,Male,35,91407.0,17673.013015214616,2022-01-02,,No,4,8
E4549,Employee_3549,Finance,Executive,Male,29,,,2018-07-31,2022-11-27,Yes,4,8
E4550,Employee_3550,IT,Specialist,Male,22,,,2017-10-14,,No,5,11
E4551,Employee_3551,Marketing,Analyst,Female,25,41721.0,9856.223261246732,2022-01-17,,No,5,15
E4552,Employee_3552,,Associate,Male,50,128215.0,34770.52681232525,2015-07-28,,No,1,2
E4553,Employee_3553,Support,Associate,Male,21,168480.0,27559.796317117834,2022-11-03,2027-01-09,Yes,1,1
E4554,Employee_3554,Support,Analyst,Male,45,96573.0,26374.87188096731,2021-04-09,2024-07-14,Yes,1,26
E4555,Employee_3555,sales,Analyst,Female,51,128697.0,9695.243200353209,2016-12-29,,No,5,29
E4556,Employee_3556,HR,Specialist,Male,54,195905.0,28345.075626692545,2022-02-21,,No,3,25
E4557,Employee_3557,Sales,Manager,Male,47,125798.0,13011.323395676038,2019-04-04,2021-02-18,Yes,4,14
E4558,Employee_3558,Hr,Analyst,Female,35,87194.0,16586.340094459545,2020-02-19,,No,4,24
E4559,Employee_3559,HR,Executive,Male,35,62143.0,13492.572477281288,2015-07-10,,No,4,6
E4560,Employee_3560,Marketing,Executive,Female,59,42202.0,9957.360703493305,2019-02-23,2022-08-18,Yes,3,15
E4561,Employee_3561,HR,Manager,Male,25,174699.0,51217.81491780016,2020-04-01,2024-11-23,Yes,2,6
E4562,Employee_3562,Marketing,Associate,Male,30,136948.0,34119.006394119904,2023-03-05,,No,1,19
E4563,Employee_3563,IT,Associate,Male,40,137754.0,27015.243591132035,2015-12-20,,No,1,22
E4564,Employee_3564,Finance,Associate,Male,58,82788.0,21992.409528042208,2020-05-02,,No,5,7
E4565,Employee_3565,sales,Manager,Female,31,40924.0,5686.700604148838,2017-05-06,,No,1,21
E4566,Employee_3566,Support,Analyst,Female,55,156078.0,10927.944085170699,2016-12-11,,No,5,11
E4567,Employee_3567,,Specialist,Male,56,153031.0,42194.965692641665,2019-01-06,,No,2,10
E4568,Employee_3568,IT,Associate,Male,38,74390.0,17961.940609634043,2021-04-12,,No,3,15
E4569,Employee_3569,,Executive,Male,31,100825.0,27464.494103953537,2019-06-22,,No,1,9
E4570,Employee_3570,sales,Executive,Female,38,139337.0,16279.353483438517,2020-12-03,,No,3,5
E4571,Employee_3571,sales,Analyst,Female,22,164626.0,21193.14069077035,2015-10-19,,No,2,23
E4572,Employee_3572,Finance,Specialist,Male,29,76969.0,8831.849803690262,2019-02-01,,No,2,26
E4573,Employee_3573,Operations,Associate,Male,57,46838.0,13733.052201385479,2015-01-14,2015-11-07,Yes,4,9
E4574,Employee_3574,IT,Specialist,Female,45,47344.0,3789.787084549396,2022-04-25,,No,1,28
E4575,Employee_3575,Finance,Executive,Male,41,174622.0,42983.38539397543,2017-01-09,,No,5,17
E4576,Employee_3576,Marketing,Executive,Female,32,86782.0,10258.002932311785,2019-12-31,,No,4,2
E4577,Employee_3577,Marketing,Analyst,Male,59,90109.0,6290.206025477952,2022-05-16,,No,4,14
E4578,Employee_3578,Operations,Analyst,Female,59,62162.0,13393.138543549718,2015-01-24,,No,4,21
E4579,Employee_3579,sales,Analyst,Male,52,98446.0,16574.316084301692,2020-06-27,,No,3,5
E4580,Employee_3580,Sales,Associate,Male,52,127367.0,23152.449281454094,2017-02-02,,No,3,8
E4581,Employee_3581,Operations,Executive,Female,33,174126.0,48040.62272465842,2022-11-06,,No,3,13
E4582,Employee_3582,sales,Analyst,Male,36,,,2019-01-31,2023-05-09,Yes,4,25
E4583,Employee_3583,Support,Manager,Male,54,127400.0,26276.968142715043,2022-02-25,,No,4,17
E4584,Employee_3584,Marketing,Executive,Male,46,30357.0,3652.785488020083,2020-11-15,2024-03-05,Yes,1,12
E4585,Employee_3585,Support,Associate,Female,27,124176.0,20839.676656988282,2018-06-18,2019-06-08,Yes,4,15
E4586,Employee_3586,Sales,Analyst,Female,30,165921.0,13968.68256823922,2020-01-21,,No,3,17
E4587,Employee_3587,Hr,Specialist,Female,26,,,2022-06-13,2023-03-01,Yes,4,19
E4588,Employee_3588,Support,Executive,Female,56,,,2023-03-16,2025-12-11,Yes,1,9
E4589,Employee_3589,sales,Analyst,Female,31,127464.0,19931.909381046877,2021-10-24,,No,1,6
E4590,Employee_3590,Marketing,Manager,Male,24,176342.0,21667.171190985846,2018-11-24,,No,4,3
E4591,Employee_3591,HR,Associate,Female,56,109317.0,13601.001941549972,2020-03-02,,No,4,5
E4592,Employee_3592,IT,Analyst,Male,53,77879.0,15618.79824679646,2015-06-30,,No,4,4
E4593,Employee_3593,,Specialist,Female,25,181598.0,23829.056528874156,2016-09-25,,No,4,29
E4594,Employee_3594,Hr,Specialist,Male,45,72523.0,19003.4970272836,2020-02-21,,No,2,26
E4595,Employee_3595,IT,Analyst,Male,28,146101.0,43001.91847432776,2021-08-05,,No,2,4
E4596,Employee_3596,,Manager,Male,27,142046.0,32624.555302739318,2020-06-25,2022-09-23,Yes,1,0
E4597,Employee_3597,Sales,Associate,Female,28,111823.0,31598.5774827332,2019-02-08,2022-01-15,Yes,4,24
E4598,Employee_3598,Finance,Manager,Male,54,81516.0,13641.588040089953,2021-01-24,,No,5,23
E4599,Employee_3599,sales,Executive,Male,30,82282.0,4331.465841994378,2019-02-24,2022-07-12,Yes,1,28
E4600,Employee_3600,Sales,Manager,Male,54,55594.0,10484.528621453654,2021-12-03,,No,1,2
E4601,Employee_3601,,Manager,Male,49,124835.0,17250.480909392798,2022-12-01,,No,5,2
E4602,Employee_3602,Support,Executive,Male,40,119792.0,19697.220414269068,2020-06-15,,No,2,28
E4603,Employee_3603,IT,Manager,male,30,171615.0,32976.003027951076,2021-10-31,2026-01-03,Yes,1,27
E4604,Employee_3604,sales,Associate,Female,57,,,2019-07-15,,No,3,4
E4605,Employee_3605,,Specialist,Male,39,199810.0,25005.077990068545,2021-11-18,,No,1,22
E4606,Employee_3606,HR,Executive ,Male,29,51788.0,9061.791579712235,2020-08-02,2025-08-31,Yes,5,27
E4607,Employee_3607,,Associate,Female,59,55147.0,9042.583518182748,2018-06-17,,No,3,19
E4608,Employee_3608,Support,Analyst,Female,36,80785.0,20775.780227295425,2016-04-12,2020-02-04,Yes,3,23
E4609,Employee_3609,Finance,Associate,Female,38,106031.0,20025.049184775817,2015-05-27,,No,4,28
E4610,Employee_3610,Marketing,Manager,Female,50,195017.0,36259.83916159356,2022-02-07,,No,3,23
E4611,Employee_3611,Sales,Specialist,Female,49,118197.0,35290.658454183984,2016-03-11,2020-04-22,Yes,2,18
E4612,Employee_3612,,Analyst,Female,27,90051.0,22697.643400210403,2019-01-16,,No,1,15
E4613,Employee_3613,HR,Analyst,Male,57,186640.0,41866.82100190171,2020-03-11,,No,2,28
E4614,Employee_3614,Support,Specialist ,female,41,184405.0,36717.622070898644,2022-11-25,2027-03-03,Yes,4,15
E4615,Employee_3615,Sales,Analyst,Female,47,126500.0,15947.68581171024,2019-10-15,2021-04-24,Yes,3,19
E4616,Employee_3616,Marketing,Specialist,Male,39,41137.0,9408.47339097444,2016-08-25,2020-03-12,Yes,5,21
E4617,Employee_3617,Marketing,Analyst,Male,47,174718.0,40575.32948533801,2016-08-12,,No,1,25
E4618,Employee_3618,HR,Associate,Male,57,46211.0,2767.7034290661177,2016-10-31,,No,1,23
E4619,Employee_3619,HR,Associate ,Female,30,157870.0,34235.214827080854,2018-04-01,,No,3,4
E4620,Employee_3620,Operations,Associate,Female,27,159350.0,24995.468485749796,2021-07-28,,No,3,22
E4621,Employee_3621,IT,Executive,Female,27,189749.0,9680.073046837093,2018-09-18,2022-10-08,Yes,3,18
E4622,Employee_3622,IT,Analyst,Female,39,39201.0,5614.872604844932,2022-09-18,,No,3,25
E4623,Employee_3623,Sales,Manager,Female,26,100422.0,12684.91292400548,2020-12-21,,No,4,2
E4624,Employee_3624,Support,Executive,Male,31,,,2022-03-01,,No,2,16
E4625,Employee_3625,Operations,Specialist,Male,44,97583.0,22373.817689174422,2015-05-03,2018-01-30,Yes,5,25
E4626,Employee_3626,Support,Associate,Female,49,57663.0,4370.8526884815565,2019-07-16,,No,4,1
E4627,Employee_3627,Finance,Specialist,Male,45,170401.0,32657.42481765424,2018-11-04,,No,2,16
E4628,Employee_3628,Hr,Associate,Female,48,99579.0,7423.835740649198,2019-08-30,2020-07-23,Yes,5,20
E4629,Employee_3629,IT,Associate,Female,21,41231.0,10642.797229433501,2015-05-21,,No,1,11
E4630,Employee_3630,HR,Manager,Female,27,146726.0,32816.08743674784,2018-07-06,2019-07-18,Yes,2,3
E4631,Employee_3631,,Executive,Female,46,155890.0,21619.018813335013,2017-12-03,,No,1,5
E4632,Employee_3632,Sales,Analyst,Male,50,52849.0,4892.914136203309,2018-10-12,,No,3,9
E4633,Employee_3633,Marketing,Executive,Female,59,,,2020-06-05,,No,2,4
E4634,Employee_3634,Sales,Executive,Female,52,43351.0,8797.412489044247,2015-04-17,2018-09-08,Yes,1,18
E4635,Employee_3635,,Analyst,Male,36,59738.0,11305.51836358499,2020-02-09,,No,1,29
E4636,Employee_3636,,Associate,Female,33,53581.0,6865.363954956917,2022-02-02,,No,2,2
E4637,Employee_3637,Hr,Manager,Female,22,30093.0,1578.1689400266123,2020-08-05,2023-08-08,Yes,1,1
E4638,Employee_3638,IT,Manager,Female,42,69103.0,9239.552256507348,2022-05-13,,No,3,20
E4639,Employee_3639,sales,Specialist,Female,23,88024.0,25733.818877131507,2019-06-20,,No,3,17
E4640,Employee_3640,Sales,Executive,Male,21,91262.0,13439.714620304369,2018-01-20,,No,2,10
E4641,Employee_3641,sales,Executive,Female,43,129132.0,12177.870200282761,2020-07-15,,No,1,21
E4642,Employee_3642,Operations,Analyst,Female,47,193727.0,33535.242587280394,2021-04-25,2025-07-04,Yes,1,9
E4643,Employee_3643,Operations,Associate,Female,22,151854.0,23107.470520877578,2020-09-05,,No,4,14
E4644,Employee_3644,Support,Analyst,female,27,98972.0,22640.63285567668,2017-02-15,2018-08-29,Yes,1,11
E4645,Employee_3645,Marketing,Specialist,Male,50,43750.0,5028.090200725486,2016-08-18,,No,3,19
E4646,Employee_3646,Operations,Analyst,Female,27,57559.0,17080.96539394293,2020-02-07,,No,2,13
E4647,Employee_3647,Marketing,Manager,Female,30,54881.0,6084.865829835493,2016-06-11,,No,4,4
E4648,Employee_3648,Support,Manager,female,51,102031.0,25897.281183515825,2017-08-15,,No,5,16
E4649,Employee_3649,Hr,Associate,Male,33,92160.0,14572.339209721205,2022-12-15,2027-06-23,Yes,4,9
E4650,Employee_3650,Sales,Associate,Male,50,56730.0,5239.003099284453,2015-05-08,,No,2,10
E4651,Employee_3651,,Analyst,Female,58,,,2021-08-01,,No,4,11
E4652,Employee_3652,Finance,Manager,Female,27,187889.0,33322.20196607612,2017-12-21,,No,1,17
E4653,Employee_3653,HR,Manager,Female,27,64162.0,14412.547768658213,2019-05-14,,No,3,10
E4654,Employee_3654,Marketing,Associate,Female,25,141201.0,24856.617724532,2017-09-26,,No,1,23
E4655,Employee_3655,Marketing,Specialist,Male,53,182935.0,25257.884874728843,2018-01-16,,No,2,11
E4656,Employee_3656,,Executive,Female,43,87487.0,20076.746956548926,2020-10-04,,No,4,5
E4657,Employee_3657,Operations,Analyst,Male,50,193122.0,19305.45508254696,2016-09-30,,No,1,20
E4658,Employee_3658,Hr,Associate,Male,55,173166.0,19771.165124270727,2017-02-18,2019-12-21,Yes,1,11
E4659,Employee_3659,Sales,Analyst,Male,29,35312.0,6120.383330500951,2020-08-19,,No,4,25
E4660,Employee_3660,Finance,Executive,Male,57,129379.0,11485.413921434003,2022-03-25,2025-08-12,Yes,2,4
E4661,Employee_3661,,Analyst,Male,52,102964.0,19704.018138234995,2021-08-17,2023-06-28,Yes,5,9
E4662,Employee_3662,,Associate,Male,37,154826.0,10652.36904375937,2015-08-09,,No,2,28
E4663,Employee_3663,sales,Analyst,Male,56,190036.0,19833.123464277447,2017-08-13,,No,2,0
E4664,Employee_3664,Support,Manager,Female,24,127677.0,14959.524184481787,2021-05-26,,No,1,20
E4665,Employee_3665,HR,Associate,Male,42,189183.0,13786.365740261463,2018-04-16,,No,4,27
E4666,Employee_3666,IT,Specialist,Male,42,194599.0,20481.45511398547,2017-12-01,,No,2,6
E4667,Employee_3667,,Specialist,Female,37,,,2015-10-03,,No,4,1
E4668,Employee_3668,Marketing,Executive ,Female,27,53007.0,12209.719360528685,2016-04-04,,No,1,26
E4669,Employee_3669,Sales,Manager,Female,34,144049.0,38843.590599633506,2018-09-01,2019-11-17,Yes,5,15
E4670,Employee_3670,sales,Executive,Male,42,37344.0,5411.086258726298,2018-01-11,,No,4,5
E4671,Employee_3671,IT,Manager,Male,32,57608.0,16946.266497100467,2019-03-02,,No,3,1
E4672,Employee_3672,Marketing,Analyst ,Female,52,48007.0,8381.517337918267,2018-01-17,,No,5,29
E4673,Employee_3673,Support,Associate,Male,23,34696.0,2692.7077367318066,2018-04-14,,No,4,7
E4674,Employee_3674,,Analyst,Female,25,189626.0,17189.61626098994,2020-07-03,,No,1,11
E4675,Employee_3675,IT,Associate ,Male,58,95199.0,15397.856807892838,2023-01-14,2026-11-26,Yes,4,3
E4676,Employee_3676,Hr,Associate,Male,38,117057.0,31357.873383235506,2015-11-24,,No,1,13
E4677,Employee_3677,Hr,Specialist,Male,58,38577.0,2182.867024338473,2022-04-21,,No,5,1
E4678,Employee_3678,HR,Associate,Female,39,115062.0,21483.1256361713,2016-03-22,2019-10-26,Yes,3,10
E4679,Employee_3679,Sales,Associate,male,48,123075.0,30960.93621507216,2019-06-20,,No,3,29
E4680,Employee_3680,IT,Specialist,Male,39,76007.0,16610.722564647414,2015-04-30,,No,2,11
E4681,Employee_3681,Support,Executive,female,43,110977.0,27212.273783104214,2019-10-10,2023-01-17,Yes,1,23
E4682,Employee_3682,Finance,Specialist,Female,40,83214.0,6217.566074158628,2021-08-19,,No,2,0
E4683,Employee_3683,Marketing,Manager,Female,41,179656.0,26554.424330726353,2021-10-28,,No,2,27
E4684,Employee_3684,Sales,Executive,Female,29,62175.0,10332.29988621152,2022-09-23,,No,3,20
E4685,Employee_3685,Hr,Manager,Male,58,141342.0,41890.919235841204,2019-01-08,,No,2,13
E4686,Employee_3686,Marketing,Executive,Male,36,184220.0,33244.891303730335,2020-01-01,,No,4,2
E4687,Employee_3687,Finance,Specialist,Male,22,135908.0,26847.49525066237,2021-07-24,,No,5,21
E4688,Employee_3688,Marketing,Associate ,Male,23,111344.0,29890.957552967575,2021-03-11,,No,2,17
E4689,Employee_3689,HR,Specialist,Female,53,160306.0,22267.83882141249,2019-12-13,,No,1,8
E4690,Employee_3690,sales,Specialist,Female,58,143459.0,10246.921073640695,2016-08-21,,No,4,29
E4691,Employee_3691,Hr,Manager,Male,56,144178.0,20916.18683318555,2021-04-21,,No,1,17
E4692,Employee_3692,Operations,Analyst,Female,43,94746.0,17036.497066054413,2019-09-05,2023-01-10,Yes,1,17
E4693,Employee_3693,sales,Manager,Male,52,108701.0,10400.323452350629,2018-12-17,2023-07-09,Yes,4,11
E4694,Employee_3694,IT,Executive,Female,28,168024.0,12692.66880346476,2018-06-25,,No,5,15
E4695,Employee_3695,,Associate,Male,25,45091.0,9804.427050657374,2019-09-10,2023-01-01,Yes,5,10
E4696,Employee_3696,Marketing,Manager,Female,33,56968.0,9662.297447378163,2019-05-01,,No,2,17
E4697,Employee_3697,HR,Analyst,Female,40,45430.0,4374.6357254327595,2017-04-21,2021-12-02,Yes,1,10
E4698,Employee_3698,sales,Associate,Female,54,151946.0,41174.266166150715,2022-05-15,,No,1,26
E4699,Employee_3699,Hr,Associate,Male,37,97824.0,20623.1087926246,2015-12-06,2018-08-24,Yes,1,18
E4700,Employee_3700,Sales,Analyst,Female,35,138484.0,24880.25318606761,2021-08-09,,No,3,12
E4701,Employee_3701,Finance,Specialist,Male,58,92233.0,18917.31975573834,2018-03-02,,No,5,16
E4702,Employee_3702,sales,Analyst,Male,53,81588.0,11597.707585712085,2016-03-07,2020-04-12,Yes,2,12
E4703,Employee_3703,IT,Manager,Female,31,76873.0,4631.688358508503,2019-08-31,,No,3,19
E4704,Employee_3704,Support,Executive,Female,37,77672.0,20574.52700506499,2016-06-09,,No,3,3
E4705,Employee_3705,Finance,Specialist,Male,44,196574.0,11827.465334771743,2019-03-19,,No,1,17
E4706,Employee_3706,,Specialist,Female,56,39495.0,11749.120227007792,2016-04-25,,No,1,19
E4707,Employee_3707,HR,Manager,Male,55,195065.0,48161.60440863516,2016-04-06,2020-03-01,Yes,2,23
E4708,Employee_3708,,Specialist,Female,21,105997.0,20393.37119403362,2019-11-21,,No,3,17
E4709,Employee_3709,IT,Executive,Female,36,36356.0,8478.09170281998,2020-01-11,,No,4,6
E4710,Employee_3710,Hr,Analyst ,Male,27,64261.0,17221.825486357448,2017-02-23,,No,1,11
E4711,Employee_3711,HR,Associate,Male,33,109833.0,9853.055149223232,2017-01-12,,No,1,3
E4712,Employee_3712,Marketing,Specialist,Female,48,123593.0,17393.940948691143,2020-07-13,,No,4,5
E4713,Employee_3713,Marketing,Executive,Female,55,94583.0,7665.010731062897,2015-01-18,,No,2,25
E4714,Employee_3714,sales,Associate,Female,32,136360.0,9369.3917839602,2017-04-10,2020-08-27,Yes,3,12
E4715,Employee_3715,IT,Associate,Male,55,129138.0,30879.602826266255,2017-08-27,2019-10-28,Yes,3,12
E4716,Employee_3716,Support,Specialist,Male,42,179295.0,45629.648591677236,2018-06-11,,No,2,4
E4717,Employee_3717,Hr,Specialist,Male,49,185397.0,31710.49974343374,2016-09-15,,No,1,11
E4718,Employee_3718,Sales,Associate,Male,50,93545.0,25116.81906548558,2022-11-25,,No,5,8
E4719,Employee_3719,Support,Executive,Male,57,46820.0,7675.042059139581,2019-12-15,,No,3,11
E4720,Employee_3720,Sales,Specialist,Male,22,100793.0,17349.33882902298,2022-08-01,,No,3,5
E4721,Employee_3721,Finance,Executive,female,57,95997.0,7315.067145957983,2022-05-13,,No,4,0
E4722,Employee_3722,Marketing,Executive ,Male,39,131243.0,30178.909922031267,2022-12-19,2024-12-06,Yes,3,20
E4723,Employee_3723,Sales,Associate,Male,27,158623.0,36595.13115592916,2017-11-07,,No,1,0
E4724,Employee_3724,Operations,Specialist ,Male,52,52413.0,3583.0112536138413,2017-05-25,2019-11-12,Yes,2,9
E4725,Employee_3725,Support,Analyst,Male,55,31378.0,5083.950734327594,2019-12-20,,No,1,0
E4726,Employee_3726,HR,Associate,Female,38,165886.0,44033.81026318839,2019-12-14,,No,1,10
E4727,Employee_3727,Finance,Executive,Female,33,84232.0,16203.959135554367,2018-03-22,2023-06-09,Yes,5,16
E4728,Employee_3728,,Associate,Female,51,122916.0,9694.070721441318,2019-06-04,,No,4,20
E4729,Employee_3729,sales,Executive,Male,50,,,2018-09-11,,No,3,28
E4730,Employee_3730,Finance,Associate,Male,23,158928.0,38672.09139603838,2019-05-24,,No,2,14
E4731,Employee_3731,sales,Specialist,Female,38,31363.0,9017.706499391346,2017-06-02,,No,1,28
E4732,Employee_3732,,Associate,Female,48,188681.0,12253.255824094213,2019-10-04,,No,5,13
E4733,Employee_3733,Hr,Executive,Male,58,146435.0,28108.98096339661,2017-09-18,2021-09-11,Yes,3,16
E4734,Employee_3734,Operations,Manager,Female,44,166094.0,14623.360730523538,2018-04-24,2020-12-09,Yes,4,9
E4735,Employee_3735,,Executive,Female,26,133558.0,38152.44901651533,2016-03-31,,No,3,7
E4736,Employee_3736,Marketing,Executive,Male,41,105692.0,7948.164830581898,2016-10-08,,No,1,2
E4737,Employee_3737,Sales,Manager,Male,50,124852.0,16439.203654206307,2017-10-31,2023-03-07,Yes,2,27
E4738,Employee_3738,Sales,Manager,Female,30,184161.0,47816.37540415699,2017-04-10,,No,5,6
E4739,Employee_3739,Support,Specialist ,Male,41,33877.0,2915.550442081943,2019-04-30,,No,4,0
E4740,Employee_3740,Finance,Analyst,Male,53,119666.0,28587.525162709986,2015-09-27,2017-05-25,Yes,4,21
E4741,Employee_3741,Hr,Analyst,Female,28,,,2020-09-14,2024-08-19,Yes,4,5
E4742,Employee_3742,Operations,Specialist,Male,53,108747.0,24380.595475834423,2020-07-22,,No,3,16
E4743,Employee_3743,Sales,Manager,Male,29,84235.0,24126.086772739967,2022-06-08,,No,1,7
E4744,Employee_3744,Finance,Associate,Male,25,81661.0,12566.811176432866,2020-07-31,2021-08-15,Yes,1,26
E4745,Employee_3745,Sales,Specialist,female,29,48837.0,10096.706777590918,2021-12-06,,No,2,12
E4746,Employee_3746,Marketing,Associate,Male,33,44674.0,6136.805908108813,2021-05-02,,No,4,23
E4747,Employee_3747,IT,Executive,Female,39,135319.0,7451.6859903679515,2023-02-21,2028-03-04,Yes,3,12
E4748,Employee_3748,,Analyst,male,41,35156.0,9041.633351487584,2020-03-12,,No,4,20
E4749,Employee_3749,Sales,Manager,Female,37,167559.0,43315.772092881234,2018-11-01,,No,3,17
E4750,Employee_3750,Sales,Executive,Female,57,110908.0,20234.290299217628,2018-02-20,,No,1,16
E4751,Employee_3751,Sales,Analyst,Male,55,194857.0,37206.73596010113,2021-10-19,,No,4,7
E4752,Employee_3752,IT,Specialist,Female,40,113872.0,13596.871915164747,2019-11-25,,No,5,3
E4753,Employee_3753,sales,Associate,Male,42,196759.0,54581.62526522122,2020-09-03,,No,3,3
E4754,Employee_3754,Hr,Analyst ,Male,54,63583.0,11970.085563363928,2018-04-08,2018-10-26,Yes,2,9
E4755,Employee_3755,IT,Executive,Male,37,74327.0,14477.560167171703,2016-08-12,,No,2,12
E4756,Employee_3756,Marketing,Associate,Female,53,,,2019-12-09,,No,1,23
E4757,Employee_3757,Support,Specialist,Female,34,121908.0,18537.690235540835,2020-03-17,2022-02-07,Yes,1,0
E4758,Employee_3758,Sales,Associate,Male,24,78093.0,9126.248301749725,2020-06-09,,No,5,11
E4759,Employee_3759,sales,Manager,Female,56,70849.0,8395.973451810796,2022-04-26,,No,1,18
E4760,Employee_3760,,Executive,Female,56,120470.0,16815.290801790747,2020-04-08,,No,3,27
E4761,Employee_3761,Support,Specialist,Male,33,134985.0,37791.6400213106,2020-04-14,,No,1,21
E4762,Employee_3762,Marketing,Manager,Male,36,77820.0,14508.20297438476,2021-05-21,,No,2,13
E4763,Employee_3763,Operations,Executive,Male,22,70194.0,20889.695724719844,2022-11-27,,No,3,11
E4764,Employee_3764,,Associate,Female,52,181944.0,25279.33188223085,2017-11-05,2020-06-17,Yes,2,21
E4765,Employee_3765,sales,Analyst,Female,27,,,2018-04-02,,No,1,13
E4766,Employee_3766,IT,Manager,Female,42,101473.0,28985.197547091735,2019-10-26,,No,2,18
E4767,Employee_3767,IT,Associate,Male,47,120860.0,11562.253030023005,2016-06-14,,No,4,1
E4768,Employee_3768,sales,Analyst,Female,52,74828.0,9325.329367913306,2019-04-20,2021-03-09,Yes,5,11
E4769,Employee_3769,sales,Manager,Female,27,171992.0,29093.29120123598,2018-10-13,,No,4,5
E4770,Employee_3770,Finance,Associate,Male,47,129490.0,12706.906821252513,2019-10-31,,No,3,4
E4771,Employee_3771,IT,Analyst,Female,28,118301.0,29797.407338623852,2020-03-01,,No,1,10
E4772,Employee_3772,Hr,Associate,Female,36,142010.0,34821.76915067148,2018-05-28,,No,3,27
E4773,Employee_3773,Operations,Analyst,Male,44,135806.0,28032.71225494546,2018-03-30,,No,2,21
E4774,Employee_3774,HR,Specialist,Female,49,159326.0,23307.033238394677,2022-09-12,,No,5,29
E4775,Employee_3775,,Analyst,Female,31,196561.0,26381.404254978457,2022-05-24,,No,1,21
E4776,Employee_3776,Support,Manager,Female,41,112176.0,18591.414582838534,2022-09-05,2024-11-10,Yes,5,12
E4777,Employee_3777,Finance,Executive,Female,43,199108.0,15249.887449693224,2016-11-10,,No,1,17
E4778,Employee_3778,Sales,Specialist,Male,48,135866.0,15939.13053941146,2015-11-27,,No,1,2
E4779,Employee_3779,HR,Specialist,male,37,92232.0,19801.695710569493,2019-08-10,,No,1,16
E4780,Employee_3780,Finance,Specialist,Male,43,69214.0,11929.060330610899,2016-10-11,,No,2,28
E4781,Employee_3781,,Associate,Male,46,73026.0,4186.5369246699065,2021-04-09,,No,1,15
E4782,Employee_3782,IT,Specialist,Female,45,49374.0,11233.024238537273,2015-08-10,,No,5,2
E4783,Employee_3783,Support,Specialist,Male,52,160704.0,22972.67688428976,2018-09-10,2020-09-01,Yes,4,6
E4784,Employee_3784,Marketing,Manager,Male,39,173206.0,39694.91405550448,2023-02-08,,No,5,26
E4785,Employee_3785,,Analyst,Female,21,135985.0,39610.81746065169,2021-08-09,,No,1,3
E4786,Employee_3786,HR,Analyst,male,22,127475.0,18111.536638672587,2015-02-26,2020-03-19,Yes,5,22
E4787,Employee_3787,IT,Associate,Male,22,193266.0,56106.796570606944,2020-03-31,,No,4,11
E4788,Employee_3788,Finance,Analyst,Female,53,127392.0,22031.620385450915,2020-08-13,,No,1,8
E4789,Employee_3789,HR,Analyst,Male,46,90379.0,14231.207117609058,2021-11-21,,No,2,26
E4790,Employee_3790,IT,Associate,Male,35,49046.0,6948.794372878625,2022-03-24,,No,1,0
E4791,Employee_3791,Support,Manager,male,55,100904.0,9613.932561109277,2015-10-07,,No,2,23
E4792,Employee_3792,,Associate,Female,39,84822.0,7114.670081204307,2019-11-15,,No,3,5
E4793,Employee_3793,sales,Associate,Male,45,57546.0,2940.0323813227574,2021-11-05,,No,4,0
E4794,Employee_3794,Support,Manager,Male,39,166302.0,33168.28156450586,2017-01-08,,No,3,10
E4795,Employee_3795,,Manager,Male,30,82164.0,16881.74585193867,2015-12-15,,No,5,14
E4796,Employee_3796,Sales,Specialist,Female,52,58577.0,11640.377645406541,2019-04-06,2021-07-22,Yes,5,18
E4797,Employee_3797,Finance,Executive,Female,43,38583.0,11262.369918968807,2020-06-11,,No,1,9
E4798,Employee_3798,IT,Manager,Male,34,67962.0,20231.64440369183,2022-03-11,,No,5,20
E4799,Employee_3799,IT,Executive,Male,50,149012.0,27037.81178822971,2016-12-21,2020-03-14,Yes,3,11
E4800,Employee_3800,Marketing,Manager,Male,45,132330.0,9796.070026709904,2022-06-07,2026-01-03,Yes,2,28
E4801,Employee_3801,IT,Executive ,Female,57,185190.0,50322.32361071185,2016-02-27,,No,5,25
E4802,Employee_3802,,Specialist,Male,42,141045.0,30867.27244380387,2018-03-11,,No,4,3
E4803,Employee_3803,Support,Manager,Female,22,170216.0,33728.97324674752,2023-02-11,,No,4,23
E4804,Employee_3804,Finance,Associate,Male,49,99741.0,21500.35815933499,2019-02-04,2024-01-02,Yes,4,18
E4805,Employee_3805,sales,Analyst,Male,57,85485.0,23850.32659595141,2023-01-01,,No,4,14
E4806,Employee_3806,,Analyst,Male,40,154115.0,43706.0330727623,2019-01-08,,No,5,9
E4807,Employee_3807,Finance,Analyst,Female,50,153671.0,11774.89888259775,2022-12-29,2028-02-03,Yes,4,7
E4808,Employee_3808,,Executive,Male,58,42738.0,6683.492858875036,2021-09-07,2024-11-14,Yes,3,3
E4809,Employee_3809,sales,Analyst,Female,55,143585.0,43000.452492314565,2017-06-26,2018-04-06,Yes,5,15
E4810,Employee_3810,,Executive,Male,47,174867.0,48141.26700260381,2018-06-30,,No,4,19
E4811,Employee_3811,Hr,Manager,Female,23,192632.0,12700.387966675295,2019-06-22,,No,4,0
E4812,Employee_3812,Sales,Manager,Female,57,50929.0,3266.0083263649067,2020-02-16,2022-05-20,Yes,2,20
E4813,Employee_3813,Marketing,Executive,Male,51,145006.0,41128.45604190301,2018-10-27,,No,3,7
E4814,Employee_3814,Finance,Associate,male,23,,,2020-04-24,2021-09-25,Yes,5,15
E4815,Employee_3815,Support,Specialist,Male,41,46631.0,6852.682043783951,2016-11-14,,No,5,3
E4816,Employee_3816,sales,Manager,Female,51,49144.0,9004.232931769724,2020-01-19,,No,5,23
E4817,Employee_3817,Marketing,Specialist,Female,45,74456.0,12889.648169676428,2020-01-17,,No,2,14
E4818,Employee_3818,Support,Specialist,Male,56,192254.0,52776.98445324805,2018-03-15,,No,4,4
E4819,Employee_3819,Support,Executive,Male,38,57003.0,7315.306604030359,2015-03-28,2016-03-15,Yes,1,28
E4820,Employee_3820,sales,Executive,Male,54,71682.0,19522.797548405895,2020-01-28,,No,2,1
E4821,Employee_3821,Marketing,Manager,Male,47,130613.0,18390.02456501327,2021-10-26,,No,1,7
E4822,Employee_3822,Finance,Associate,Female,50,120935.0,35452.93397644399,2015-06-18,,No,4,17
E4823,Employee_3823,sales,Specialist,Female,43,66069.0,10018.828276528768,2022-06-16,2023-10-09,Yes,2,28
E4824,Employee_3824,Finance,Executive,Male,40,81332.0,18781.17259143106,2015-08-20,,No,1,14
E4825,Employee_3825,IT,Executive,Male,55,147230.0,16109.089897785134,2021-07-03,,No,1,17
E4826,Employee_3826,Marketing,Analyst,Female,50,180821.0,13334.531995770029,2021-09-05,2025-04-22,Yes,4,4
E4827,Employee_3827,Sales,Executive,Female,41,116924.0,7394.461002377437,2022-02-01,2023-06-12,Yes,4,1
E4828,Employee_3828,Support,Specialist,Female,39,169151.0,27304.899450991514,2019-05-24,,No,5,23
E4829,Employee_3829,,Associate,Female,37,134319.0,8455.41575184455,2021-02-20,,No,2,12
E4830,Employee_3830,Hr,Specialist,Male,58,117189.0,27901.05946323327,2016-07-10,,No,5,13
E4831,Employee_3831,Marketing,Analyst,Female,38,,,2020-11-14,2023-04-11,Yes,4,12
E4832,Employee_3832,IT,Associate,Male,56,74739.0,14757.998663153387,2023-01-15,,No,1,14
E4833,Employee_3833,Support,Analyst,Female,56,37045.0,2614.8814837256637,2018-05-22,,No,4,5
E4834,Employee_3834,Finance,Manager,Female,56,147775.0,34429.43429727904,2016-11-29,,No,1,17
E4835,Employee_3835,Finance,Executive,Male,32,179301.0,11629.556468162404,2022-01-04,,No,3,15
E4836,Employee_3836,Marketing,Associate,Female,41,101296.0,9558.446238498462,2018-11-20,2021-12-17,Yes,5,27
E4837,Employee_3837,,Specialist,Female,51,165865.0,17639.83044153176,2022-09-16,2026-09-17,Yes,3,13
E4838,Employee_3838,Operations,Specialist,Male,49,56998.0,13648.360699490442,2015-12-30,,No,3,25
E4839,Employee_3839,Operations,Specialist,Male,56,115443.0,19024.225476339987,2019-02-18,2019-12-15,Yes,3,24
E4840,Employee_3840,,Associate,Male,55,190360.0,26798.087027808546,2018-06-04,,No,4,16
E4841,Employee_3841,Operations,Specialist,Female,32,37928.0,6821.803449936613,2017-05-17,,No,2,17
E4842,Employee_3842,Sales,Manager,Female,50,128631.0,28575.36123600241,2022-08-14,2024-11-23,Yes,4,20
E4843,Employee_3843,Sales,Executive,Male,58,39322.0,5584.409237138655,2022-07-14,,No,1,11
E4844,Employee_3844,Finance,Analyst,Female,41,138052.0,12844.621947914597,2019-04-12,,No,5,17
E4845,Employee_3845,HR,Associate,Female,49,,,2019-05-19,,No,4,29
E4846,Employee_3846,Hr,Specialist,Female,48,106000.0,8074.686656854171,2015-09-13,,No,5,3
E4847,Employee_3847,IT,Manager,Male,21,151227.0,13146.296507228257,2021-08-24,,No,3,28
E4848,Employee_3848,Finance,Manager,Male,29,187726.0,10355.991688057135,2020-08-11,,No,1,17
E4849,Employee_3849,,Specialist,male,27,120257.0,8974.631797526368,2018-08-27,,No,4,10
E4850,Employee_3850,Marketing,Manager,Male,50,171370.0,15945.486991807766,2018-09-09,,No,1,10
E4851,Employee_3851,Finance,Analyst,Female,22,89633.0,23807.379526349985,2019-08-17,,No,4,8
E4852,Employee_3852,Operations,Manager,Male,25,185481.0,28212.527571391252,2017-11-22,,No,1,28
E4853,Employee_3853,,Associate,Male,25,98901.0,10760.552255589682,2018-03-29,2021-01-31,Yes,4,1
E4854,Employee_3854,Hr,Specialist,Female,28,184132.0,17142.363412813098,2021-04-12,2025-07-06,Yes,3,10
E4855,Employee_3855,sales,Associate,Female,36,38802.0,3385.8839501041,2015-12-05,2019-09-29,Yes,2,6
E4856,Employee_3856,Sales,Manager,Female,30,74233.0,6255.511775967677,2022-07-03,,No,3,1
E4857,Employee_3857,HR,Manager,Female,58,187344.0,35219.46340974908,2019-06-01,,No,3,14
E4858,Employee_3858,,Executive,Female,42,39795.0,2388.8008002935753,2015-09-18,,No,5,24
E4859,Employee_3859,sales,Executive,Female,44,194340.0,53624.845246313664,2020-08-16,,No,1,27
E4860,Employee_3860,HR,Manager,Male,27,107402.0,22283.45958515012,2023-03-04,,No,2,21
E4861,Employee_3861,,Specialist,Male,47,147253.0,16299.098513923838,2017-07-09,2018-03-31,Yes,2,9
E4862,Employee_3862,,Analyst,Female,46,180404.0,30634.51035664885,2022-09-07,,No,2,6
E4863,Employee_3863,IT,Specialist,Female,37,108346.0,18094.721709851445,2017-09-14,,No,4,11
E4864,Employee_3864,sales,Manager,Female,53,38947.0,8277.982541933714,2020-02-11,,No,3,25
E4865,Employee_3865,Sales,Executive,Male,49,37012.0,4220.3586304406,2023-01-03,,No,5,28
E4866,Employee_3866,Marketing,Manager,Female,44,39515.0,2817.817591853756,2020-11-01,,No,1,24
E4867,Employee_3867,Hr,Executive,Male,32,39200.0,9254.188663616915,2016-06-22,,No,1,10
E4868,Employee_3868,HR,Analyst,female,59,144817.0,21150.130108250312,2017-08-07,,No,5,12
E4869,Employee_3869,sales,Manager,Male,44,82047.0,20719.465005706552,2017-09-29,,No,1,26
E4870,Employee_3870,Operations,Executive,Male,34,144988.0,35470.65627057716,2016-02-10,2020-06-06,Yes,1,26
E4871,Employee_3871,Hr,Manager,Male,46,62850.0,15276.10689182249,2019-09-05,2022-05-25,Yes,3,5
E4872,Employee_3872,Hr,Executive,Female,48,184818.0,53012.49756751595,2020-08-07,2023-03-25,Yes,5,0
E4873,Employee_3873,HR,Manager,Female,57,155982.0,21799.366449138248,2017-05-26,2020-03-15,Yes,5,4
E4874,Employee_3874,Hr,Specialist,Female,34,101114.0,13144.94350471824,2022-05-05,,No,1,6
E4875,Employee_3875,HR,Analyst,Female,44,148371.0,30999.851561659616,2023-01-10,,No,4,8
E4876,Employee_3876,Support,Associate,Male,23,139806.0,39540.829273477684,2022-04-24,,No,2,0
E4877,Employee_3877,IT,Associate,Female,35,57786.0,12262.56302486612,2018-06-21,,No,1,5
E4878,Employee_3878,,Manager,Male,23,37017.0,7084.346131033664,2017-10-10,2020-03-12,Yes,3,4
E4879,Employee_3879,,Specialist,Female,38,107568.0,31104.903097903945,2022-10-14,2027-02-21,Yes,4,21
E4880,Employee_3880,,Analyst,Male,39,81055.0,11660.797634059341,2017-06-02,2021-06-08,Yes,2,1
E4881,Employee_3881,,Associate,Female,26,45963.0,8864.522606869736,2017-09-02,,No,1,11
E4882,Employee_3882,Support,Manager,Female,47,116962.0,22338.166763646113,2023-02-23,,No,3,12
E4883,Employee_3883,HR,Manager,Female,40,163242.0,33384.3146956743,2015-03-09,,No,3,27
E4884,Employee_3884,Hr,Associate,Male,45,87219.0,14044.77460347525,2018-08-02,,No,5,21
E4885,Employee_3885,Support,Associate,Male,32,107093.0,25808.222401875893,2021-02-11,2024-06-08,Yes,5,7
E4886,Employee_3886,Marketing,Executive,Female,52,104891.0,11021.97325566883,2021-01-03,,No,5,20
E4887,Employee_3887,Support,Analyst,Female,46,141027.0,20270.787929754264,2020-02-08,,No,5,17
E4888,Employee_3888,IT,Analyst,Female,54,127654.0,23600.51557705551,2018-02-11,2022-10-26,Yes,1,28
E4889,Employee_3889,Hr,Executive,Female,21,68865.0,16837.253516421933,2019-06-10,2024-09-26,Yes,1,29
E4890,Employee_3890,Sales,Analyst,Female,54,182875.0,51000.97550307024,2017-06-02,2020-12-21,Yes,3,22
E4891,Employee_3891,Finance,Executive,Male,41,132491.0,21528.44855816336,2016-11-08,2021-10-18,Yes,4,3
E4892,Employee_3892,Hr,Associate,Male,25,117719.0,31523.150540417933,2018-03-25,,No,3,22
E4893,Employee_3893,HR,Analyst,Female,28,175682.0,50469.57595574916,2015-02-19,2018-05-03,Yes,2,27
E4894,Employee_3894,Support,Manager,Female,40,76059.0,11037.382087223099,2019-01-19,,No,3,20
E4895,Employee_3895,Marketing,Executive,Female,41,56627.0,6868.794909818928,2018-08-06,,No,1,8
E4896,Employee_3896,Marketing,Analyst,Female,38,196655.0,51295.545699580274,2017-09-24,2022-02-26,Yes,4,1
E4897,Employee_3897,,Associate,Male,27,88126.0,25853.279993123848,2015-07-22,,No,3,29
E4898,Employee_3898,Finance,Specialist,Female,37,33794.0,7626.835827853467,2015-02-14,2017-12-06,Yes,2,20
E4899,Employee_3899,Operations,Analyst,Male,48,150973.0,24988.2886178595,2020-09-15,,No,5,12
E4900,Employee_3900,sales,Analyst,Female,44,88413.0,19448.0929862948,2015-10-28,2017-02-26,Yes,2,12
E4901,Employee_3901,Sales,Analyst,Female,24,41829.0,7591.514876320718,2022-03-13,,No,2,7
E4902,Employee_3902,,Manager,Male,34,185387.0,15292.337450527039,2015-03-12,,No,3,28
E4903,Employee_3903,,Manager,Male,56,94102.0,24930.0638219607,2022-01-20,,No,1,19
E4904,Employee_3904,Marketing,Specialist,Male,34,125789.0,9064.17688583867,2023-03-16,,No,1,14
E4905,Employee_3905,IT,Analyst,Female,24,107179.0,16782.48720754771,2020-07-18,,No,5,21
E4906,Employee_3906,Hr,Associate,female,28,90332.0,12260.37039930956,2017-01-06,2022-06-03,Yes,4,26
E4907,Employee_3907,HR,Analyst,Female,40,66843.0,18422.825480278654,2018-04-13,2022-11-30,Yes,2,0
E4908,Employee_3908,Support,Manager,Female,23,141757.0,8550.31388912649,2021-06-03,2026-01-21,Yes,1,14
E4909,Employee_3909,Marketing,Specialist,Male,55,177828.0,40572.395324588346,2023-03-18,,No,4,18
E4910,Employee_3910,Finance,Manager,Male,36,36586.0,4508.361760808548,2020-12-29,2022-08-22,Yes,1,1
E4911,Employee_3911,sales,Associate,Female,54,174571.0,38326.15935755947,2020-04-09,,No,5,14
E4912,Employee_3912,Sales,Specialist,Male,46,48982.0,5448.725400781788,2020-08-12,,No,3,0
E4913,Employee_3913,Marketing,Specialist,Female,53,146242.0,11376.506390146813,2020-11-15,,No,1,10
E4914,Employee_3914,Operations,Associate,Female,44,69883.0,17124.890242710266,2023-02-07,,No,3,22
E4915,Employee_3915,Finance,Analyst,Male,40,45151.0,12204.459020887602,2023-01-26,,No,5,7
E4916,Employee_3916,Support,Specialist,Male,54,135190.0,24494.03717936685,2016-08-22,,No,5,13
E4917,Employee_3917,Finance,Executive,Male,48,33709.0,7794.474283102409,2015-08-02,,No,4,20
E4918,Employee_3918,IT,Analyst,Female,45,188466.0,31064.119484393068,2020-11-12,,No,5,8
E4919,Employee_3919,Hr,Analyst,Female,38,136276.0,35723.95984426752,2016-04-09,2019-01-26,Yes,4,20
E4920,Employee_3920,Finance,Associate,Male,56,120037.0,20411.99407787607,2020-09-30,2022-08-18,Yes,3,11
E4921,Employee_3921,Finance,Analyst,Female,48,55226.0,5369.7421008024,2019-10-22,,No,3,11
E4922,Employee_3922,Marketing,Executive,Male,35,145855.0,34135.39267441818,2022-11-02,,No,3,11
E4923,Employee_3923,IT,Specialist,Male,28,183816.0,19110.333971764572,2017-03-13,,No,4,28
E4924,Employee_3924,sales,Specialist,Male,41,171677.0,36167.81233742988,2016-09-15,2021-08-24,Yes,1,22
E4925,Employee_3925,IT,Associate,Male,27,165830.0,46883.17124950373,2018-11-19,,No,3,10
E4926,Employee_3926,Sales,Specialist,Female,54,145070.0,29179.476438534188,2018-10-25,,No,5,29
E4927,Employee_3927,Finance,Manager,Female,56,122506.0,35169.22409535703,2018-09-27,2022-09-28,Yes,4,28
E4928,Employee_3928,HR,Associate,Female,50,124138.0,21308.599400878134,2022-09-09,,No,4,2
E4929,Employee_3929,Support,Specialist,Female,37,55960.0,13945.401540336756,2020-11-04,,No,2,22
E4930,Employee_3930,,Analyst,Male,58,87773.0,11495.453167288793,2017-04-25,,No,3,3
E4931,Employee_3931,Operations,Analyst,Male,46,145708.0,37417.03874743143,2020-06-20,,No,2,7
E4932,Employee_3932,Operations,Manager,Male,30,106488.0,7081.623262785063,2016-09-10,,No,2,17
E4933,Employee_3933,IT,Manager,Male,56,108243.0,18677.369119626495,2016-07-26,,No,3,17
E4934,Employee_3934,,Associate,Male,27,114766.0,25582.18752951544,2019-05-19,2020-08-06,Yes,5,28
E4935,Employee_3935,Sales,Executive,Female,23,,,2020-01-01,,No,5,29
E4936,Employee_3936,Sales,Associate,Female,39,31947.0,1805.537472918934,2018-03-10,,No,3,15
E4937,Employee_3937,Hr,Manager,Female,59,54031.0,14087.469987994711,2019-05-13,,No,4,1
E4938,Employee_3938,Operations,Analyst,Female,45,177712.0,32881.49329641733,2023-03-11,,No,2,16
E4939,Employee_3939,sales,Associate,Female,50,174802.0,42689.373250114506,2015-04-20,,No,5,24
E4940,Employee_3940,Hr,Executive,Female,54,175227.0,37706.019065694716,2016-09-29,2022-01-25,Yes,3,5
E4941,Employee_3941,HR,Specialist,Male,33,66326.0,19019.501108085813,2022-05-18,,No,5,12
E4942,Employee_3942,IT,Specialist,Male,41,183618.0,37552.2133312311,2015-10-29,,No,5,2
E4943,Employee_3943,Hr,Executive,Female,40,75411.0,6442.271392289422,2021-03-20,2026-04-26,Yes,3,2
E4944,Employee_3944,Marketing,Analyst,female,42,39542.0,5909.706065581089,2015-12-31,2019-06-20,Yes,3,1
E4945,Employee_3945,HR,Manager,Female,37,125552.0,20287.62326564187,2022-10-16,,No,4,20
E4946,Employee_3946,Hr,Analyst,Male,53,47305.0,6338.344213537967,2023-02-16,,No,5,8
E4947,Employee_3947,Sales,Executive,Male,51,50661.0,13114.469206799997,2016-07-16,2017-12-11,Yes,2,26
E4948,Employee_3948,Support,Executive,Male,41,82919.0,23974.978980924567,2016-02-07,2019-10-16,Yes,5,22
E4949,Employee_3949,IT,Analyst,Male,41,164089.0,22032.51065833363,2022-12-29,,No,5,13
E4950,Employee_3950,Finance,Manager,Female,39,78586.0,20304.895467574428,2020-12-21,,No,5,8
E4951,Employee_3951,IT,Associate,Female,25,157912.0,17559.698419766755,2016-05-19,,No,4,26
E4952,Employee_3952,Hr,Executive,Female,38,91491.0,21174.13975930922,2022-04-13,,No,4,29
E4953,Employee_3953,Marketing,Specialist,Male,36,107365.0,29965.918237963102,2019-07-31,,No,2,1
E4954,Employee_3954,Support,Analyst,Female,56,43790.0,12336.851580775638,2016-08-15,,No,4,27
E4955,Employee_3955,,Associate,Male,41,106280.0,29222.961519608685,2016-02-18,,No,5,9
E4956,Employee_3956,Sales,Specialist,Male,26,105440.0,8470.631976947947,2015-10-27,,No,1,17
E4957,Employee_3957,IT,Associate,Male,56,153086.0,40469.759790478405,2020-05-17,,No,2,22
E4958,Employee_3958,sales,Specialist,Female,49,183778.0,50856.44633519442,2018-04-30,2019-10-25,Yes,5,15
E4959,Employee_3959,Marketing,Analyst,Female,33,36880.0,4751.111179834808,2016-06-12,,No,5,28
E4960,Employee_3960,Finance,Associate,Female,45,117941.0,15864.315146276718,2017-05-12,2021-02-08,Yes,3,0
E4961,Employee_3961,Marketing,Associate,Female,59,78181.0,19241.54548579782,2020-05-10,,No,4,10
E4962,Employee_3962,Sales,Analyst,Male,34,170284.0,40262.89224827214,2022-12-13,,No,3,7
E4963,Employee_3963,Support,Analyst,Female,59,182852.0,17941.473337089286,2018-05-27,,No,2,13
E4964,Employee_3964,Sales,Analyst,Female,47,120016.0,13060.674044336503,2019-08-07,2023-09-30,Yes,2,11
E4965,Employee_3965,Support,Manager,Male,47,32704.0,6074.064948575408,2019-06-18,,No,2,19
E4966,Employee_3966,Hr,Analyst,Female,28,,,2022-09-09,,No,2,17
E4967,Employee_3967,,Analyst,Male,22,60027.0,17677.94840202589,2016-12-12,2022-01-28,Yes,3,13
E4968,Employee_3968,,Manager,Female,46,79966.0,7770.819227212769,2019-07-13,2020-06-08,Yes,3,23
E4969,Employee_3969,IT,Associate,Female,42,135410.0,34378.65036272695,2018-11-10,,No,4,20
E4970,Employee_3970,sales,Executive,Male,25,159471.0,10805.262912280574,2016-07-08,,No,1,3
E4971,Employee_3971,HR,Manager,Male,42,41612.0,4412.2470650037985,2016-01-20,,No,1,19
E4972,Employee_3972,Hr,Associate,Male,24,92093.0,19835.47959517078,2022-01-12,,No,1,25
E4973,Employee_3973,Support,Executive,Male,37,64946.0,14994.770745357613,2019-12-18,,No,4,21
E4974,Employee_3974,HR,Specialist,Female,21,65455.0,3930.046065533824,2020-05-19,,No,2,14
E4975,Employee_3975,Support,Specialist,Male,31,163293.0,44176.56622922088,2022-01-30,,No,1,16
E4976,Employee_3976,IT,Manager,Male,33,149947.0,41260.89301137264,2019-06-08,,No,4,7
E4977,Employee_3977,IT,Manager,Male,44,96250.0,21058.282905490945,2017-03-20,2022-05-11,Yes,4,0
E4978,Employee_3978,Support,Manager,Female,52,115898.0,6762.089188768795,2020-09-12,2022-06-28,Yes,4,12
E4979,Employee_3979,HR,Manager,Female,40,106939.0,16132.566735496921,2019-09-26,,No,1,15
E4980,Employee_3980,HR,Executive,Male,44,77025.0,8386.375157787988,2016-08-22,,No,3,16
E4981,Employee_3981,Finance,Manager,Female,39,112151.0,6254.195478781501,2016-01-02,2017-11-12,Yes,4,18
E4982,Employee_3982,Finance,Specialist,Female,56,187260.0,51941.19769526963,2019-04-20,2022-05-23,Yes,2,17
E4983,Employee_3983,Support,Executive,Male,58,79322.0,4066.5834140379598,2018-05-23,,No,5,17
E4984,Employee_3984,sales,Associate,Female,27,43133.0,5932.529339594288,2020-07-22,,No,1,21
E4985,Employee_3985,Support,Analyst,Male,42,84345.0,5570.098716395397,2015-06-15,2016-08-21,Yes,1,0
E4986,Employee_3986,Support,Executive,Female,34,130131.0,28298.132064270023,2019-01-07,2022-12-31,Yes,4,18
E4987,Employee_3987,Hr,Manager,Female,38,127148.0,21632.049804976326,2021-05-18,2023-10-09,Yes,1,14
E4988,Employee_3988,HR,Specialist,Male,24,,,2020-09-20,,No,5,6
E4989,Employee_3989,HR,Analyst,Male,21,42170.0,8899.747515610661,2021-01-21,,No,3,25
E4990,Employee_3990,,Manager,Male,47,,,2016-10-09,2019-05-16,Yes,3,18
E4991,Employee_3991,IT,Specialist,Female,43,60571.0,11728.56565125108,2015-01-09,2016-09-29,Yes,5,6
E4992,Employee_3992,IT,Executive,Female,31,102928.0,17864.078858320692,2019-11-18,,No,3,8
E4993,Employee_3993,Support,Manager,female,49,41766.0,11713.63503582155,2015-07-27,,No,4,17
E4994,Employee_3994,Marketing,Associate,Male,27,136446.0,31415.16707356379,2019-04-03,2024-05-28,Yes,4,18
E4995,Employee_3995,sales,Associate,Male,22,165938.0,36471.32230495219,2021-07-20,2026-03-23,Yes,1,27
E4996,Employee_3996,sales,Manager,male,58,121931.0,34270.046789618194,2015-10-19,,No,4,10
E4997,Employee_3997,HR,Executive,Female,43,38769.0,11348.145727043082,2018-05-08,,No,5,28
E4998,Employee_3998,sales,Associate,Female,48,132677.0,23855.264182621533,2019-12-30,,No,2,17
E4999,Employee_3999,IT,Specialist,Female,30,169322.0,44715.28712895792,2015-04-14,,No,5,7
E5000,Employee_4000,IT,Specialist,Male,58,123518.0,11434.542493910676,2021-06-06,,No,3,19
E5001,Employee_4001,Hr,Manager,Female,41,,,2021-08-04,,No,4,14
E5002,Employee_4002,Finance,Manager,Male,43,142418.0,19866.165445139115,2020-02-21,,No,3,19
E5003,Employee_4003,,Executive,Female,58,35521.0,4270.936930057792,2020-06-17,2022-03-26,Yes,2,26
E5004,Employee_4004,Operations,Associate,Female,57,130475.0,19865.04377023161,2023-03-08,2026-02-16,Yes,2,22
E5005,Employee_4005,sales,Specialist,Female,33,197174.0,14651.23184505622,2017-08-02,,No,2,14
E5006,Employee_4006,Finance,Executive,Male,57,53265.0,13454.536512445131,2022-06-17,2024-06-20,Yes,5,11
E5007,Employee_4007,Support,Associate,male,25,175075.0,45840.86442097431,2015-11-30,,No,1,9
E5008,Employee_4008,sales,Analyst,Male,22,116700.0,8154.171758189657,2017-11-24,,No,2,27
E5009,Employee_4009,Hr,Executive,Female,28,185244.0,24395.84037968048,2015-12-13,2016-08-05,Yes,4,16
E5010,Employee_4010,IT,Specialist,Female,30,157510.0,18946.54332571022,2019-09-26,,No,2,26
E5011,Employee_4011,Sales,Manager,Male,44,56250.0,6264.62025675855,2019-07-17,,No,5,3
E5012,Employee_4012,HR,Specialist,Female,53,39933.0,11325.554734874539,2015-02-11,,No,4,18
E5013,Employee_4013,Operations,Specialist,Male,24,64754.0,7497.89034982236,2016-12-02,,No,2,14
E5014,Employee_4014,Hr,Specialist,Female,31,109951.0,30977.063203387006,2023-01-28,,No,5,22
E5015,Employee_4015,IT,Analyst,Female,24,84697.0,11926.426954211636,2023-01-19,,No,2,28
E5016,Employee_4016,Sales,Analyst,Male,57,114383.0,29619.287047085367,2015-12-02,2018-11-16,Yes,4,12
E5017,Employee_4017,sales,Executive,Female,41,165197.0,14394.653348498581,2016-07-28,,No,5,26
E5018,Employee_4018,HR,Associate,Female,50,106369.0,31395.108216544253,2018-06-30,,No,4,0
E5019,Employee_4019,Operations,Executive,Male,59,153900.0,10344.293759450162,2020-05-15,,No,3,27
E5020,Employee_4020,Marketing,Associate,Female,51,79934.0,21947.271543457926,2017-10-04,2018-07-02,Yes,4,3
E5021,Employee_4021,Finance,Associate,Male,50,144576.0,14050.612982926848,2022-10-22,,No,3,6
E5022,Employee_4022,,Manager,Male,59,120177.0,26516.2114166765,2015-12-13,,No,1,26
E5023,Employee_4023,HR,Manager,Male,30,32566.0,9258.42871217277,2015-03-20,2020-02-03,Yes,3,18
E5024,Employee_4024,Marketing,Executive,Male,46,52129.0,7751.3551793854695,2022-03-05,,No,5,19
E5025,Employee_4025,Sales,Analyst,Male,58,163745.0,42829.389752229494,2019-09-15,2021-04-21,Yes,5,10
E5026,Employee_4026,,Manager,Female,23,195680.0,16532.563432112027,2020-08-25,2023-11-18,Yes,5,19
E5027,Employee_4027,Hr,Associate,Male,56,164599.0,33251.896905205285,2015-10-30,,No,4,15
E5028,Employee_4028,Operations,Analyst,Male,32,50243.0,12198.334480642237,2017-02-18,,No,1,27
E5029,Employee_4029,Finance,Manager,Male,31,105477.0,12841.829472178128,2022-05-24,,No,4,6
E5030,Employee_4030,Sales,Analyst,Female,56,43339.0,7591.969896603623,2022-12-02,2027-06-09,Yes,3,18
E5031,Employee_4031,sales,Executive,Female,51,59044.0,9800.514902358636,2017-01-26,2021-03-27,Yes,5,5
E5032,Employee_4032,Marketing,Analyst,Male,42,113725.0,29098.71271481489,2018-12-07,2020-01-19,Yes,2,17
E5033,Employee_4033,Hr,Specialist,Female,57,128760.0,36350.522581676545,2020-02-06,2023-01-14,Yes,3,7
E5034,Employee_4034,Sales,Executive,Male,23,134199.0,19396.921086242604,2018-06-21,,No,3,8
E5035,Employee_4035,sales,Associate,Male,39,63135.0,7392.020449077152,2022-02-17,,No,2,16
E5036,Employee_4036,Sales,Manager,Female,53,165579.0,13492.304839308588,2021-09-30,,No,4,9
E5037,Employee_4037,HR,Manager ,Male,35,,,2022-09-27,,No,4,14
E5038,Employee_4038,Hr,Associate,Male,50,70185.0,5443.627324418891,2016-05-11,,No,3,17
E5039,Employee_4039,sales,Manager,Female,35,44060.0,4772.332920615788,2021-05-23,2022-02-19,Yes,3,16
E5040,Employee_4040,IT,Executive,Male,53,62970.0,15775.818169461954,2022-05-15,,No,4,18
E5041,Employee_4041,IT,Specialist,Female,44,196624.0,46072.428543727125,2015-09-23,,No,4,21
E5042,Employee_4042,Marketing,Associate,Female,47,112095.0,18477.325134217474,2019-05-15,,No,5,29
E5043,Employee_4043,Hr,Specialist,Female,28,35456.0,9779.838277106672,2015-03-25,,No,5,7
E5044,Employee_4044,Sales,Associate,Female,42,37386.0,9462.105016059792,2019-12-12,,No,5,5
E5045,Employee_4045,Support,Executive,Female,37,196343.0,35542.499124886206,2022-10-09,2025-08-24,Yes,2,12
E5046,Employee_4046,Sales,Analyst,Female,42,44628.0,13158.296020018633,2017-11-20,2021-09-14,Yes,3,12
E5047,Employee_4047,Marketing,Associate,Female,50,46494.0,11054.798636239195,2021-08-17,,No,4,29
E5048,Employee_4048,Operations,Specialist,Male,26,180390.0,43944.29297267905,2021-01-11,,No,5,11
E5049,Employee_4049,Support,Executive,Male,59,64850.0,10083.678583119223,2016-10-16,2019-04-26,Yes,5,5
E5050,Employee_4050,sales,Analyst,Female,46,114194.0,9408.264882455509,2019-05-11,,No,1,17
E5051,Employee_4051,HR,Analyst,Female,33,105864.0,31546.31730967622,2018-07-13,2019-06-11,Yes,1,11
E5052,Employee_4052,IT,Executive,Female,24,81940.0,12558.464926528615,2023-02-24,,No,4,11
E5053,Employee_4053,Support,Executive,Female,54,177659.0,41448.713878065944,2017-08-19,,No,1,25
E5054,Employee_4054,HR,Specialist,Female,22,186796.0,43265.266061894516,2017-05-20,,No,4,11
E5055,Employee_4055,Support,Specialist,Male,57,107613.0,25196.453538145117,2022-10-30,,No,3,16
E5056,Employee_4056,Support,Analyst ,Female,44,141161.0,7972.9812912955485,2022-12-19,,No,1,13
E5057,Employee_4057,HR,Associate,Female,35,129124.0,37228.915170728185,2017-04-24,,No,1,23
E5058,Employee_4058,Operations,Executive,Male,59,151792.0,12904.900672584688,2018-06-30,,No,2,14
E5059,Employee_4059,HR,Analyst,Male,35,83768.0,10721.024070128493,2016-01-28,,No,3,29
E5060,Employee_4060,Hr,Analyst,Female,29,,,2021-01-09,2024-01-06,Yes,4,24
E5061,Employee_4061,Operations,Specialist,Female,40,89317.0,9173.233665217313,2015-01-19,,No,4,4
E5062,Employee_4062,Sales,Manager,Female,23,132126.0,14235.2212224159,2019-03-08,2020-11-26,Yes,5,20
E5063,Employee_4063,Marketing,Executive,Female,54,141902.0,17253.134894352446,2022-01-09,,No,3,6
E5064,Employee_4064,HR,Specialist,Female,52,41975.0,9583.448996693023,2021-06-08,2025-06-14,Yes,4,14
E5065,Employee_4065,Support,Executive,Male,47,143117.0,33350.54736884204,2021-07-24,,No,1,15
E5066,Employee_4066,Finance,Analyst,Male,50,185905.0,17152.853001451847,2017-11-16,2021-04-19,Yes,5,12
E5067,Employee_4067,Support,Associate,Male,37,32634.0,8632.328738275886,2017-03-11,,No,5,29
E5068,Employee_4068,Operations,Specialist,Female,28,79824.0,23890.314219813976,2015-11-23,,No,1,21
E5069,Employee_4069,Sales,Manager,Male,56,164966.0,21156.443369821194,2021-01-02,,No,5,10
E5070,Employee_4070,Sales,Executive,Female,34,159447.0,40855.656402577944,2022-06-01,2025-01-18,Yes,1,26
E5071,Employee_4071,IT,Specialist,Male,46,177863.0,10064.952006970998,2016-09-05,,No,4,9
E5072,Employee_4072,,Analyst ,Male,52,140295.0,26875.291377025806,2016-05-08,,No,4,2
E5073,Employee_4073,Support,Specialist,Female,27,,,2015-10-17,,No,1,12
E5074,Employee_4074,Sales,Executive,Male,41,178894.0,24946.590694917493,2017-03-25,,No,5,16
E5075,Employee_4075,Support,Analyst,Male,28,111096.0,29427.347922794026,2021-04-06,,No,4,29
E5076,Employee_4076,Finance,Associate,Male,27,184256.0,53942.28590167427,2020-04-08,,No,1,7
E5077,Employee_4077,,Executive,Male,21,62208.0,12451.37700479895,2021-08-09,2022-05-07,Yes,5,14
E5078,Employee_4078,sales,Manager,Female,54,199271.0,39023.263755028616,2020-10-22,2024-05-01,Yes,5,26
E5079,Employee_4079,HR,Associate,Male,24,112158.0,7767.6900529011455,2015-12-07,2020-01-17,Yes,1,17
E5080,Employee_4080,Support,Executive,Female,35,62456.0,17126.6568679328,2017-03-08,,No,5,22
E5081,Employee_4081,HR,Analyst,Male,54,147183.0,38714.012517935036,2021-05-01,2024-08-22,Yes,4,1
E5082,Employee_4082,Sales,Manager,Female,47,186319.0,12287.95902889579,2020-11-26,,No,5,26
E5083,Employee_4083,Sales,Analyst,Female,48,100459.0,8653.559698508077,2021-04-22,,No,3,10
E5084,Employee_4084,HR,Executive,Female,28,137697.0,33645.33694322623,2022-09-05,,No,1,12
E5085,Employee_4085,Operations,Manager,Female,58,,,2017-05-03,,No,4,17
E5086,Employee_4086,IT,Manager,Male,21,38255.0,10355.024443816443,2018-12-19,,No,2,20
E5087,Employee_4087,HR,Associate,Male,37,179970.0,47759.195894490236,2020-06-13,,No,1,7
E5088,Employee_4088,sales,Executive,Male,45,135094.0,27366.92985984443,2022-07-31,,No,4,13
E5089,Employee_4089,,Analyst,Male,51,,,2021-02-19,,No,4,26
E5090,Employee_4090,sales,Analyst,Female,27,43369.0,8354.720271068949,2017-08-18,,No,1,2
E5091,Employee_4091,sales,Specialist ,Female,50,48064.0,12931.712040273878,2018-11-03,,No,2,1
E5092,Employee_4092,Hr,Specialist,Female,42,130867.0,25138.332290527018,2015-07-22,,No,5,26
E5093,Employee_4093,HR,Manager,Female,24,153297.0,18557.592556295836,2015-01-09,,No,4,20
E5094,Employee_4094,Sales,Executive,Male,37,129339.0,23605.164125575564,2022-03-11,,No,5,27
E5095,Employee_4095,,Executive,Male,34,99551.0,16351.880924289499,2017-01-14,2020-01-31,Yes,2,3
E5096,Employee_4096,Marketing,Executive,Female,55,185991.0,55577.98885843338,2018-03-30,,No,3,27
E5097,Employee_4097,sales,Analyst,Female,30,185846.0,49863.02352684628,2016-01-24,2017-11-27,Yes,5,28
E5098,Employee_4098,Hr,Associate,Male,36,160171.0,31277.733257242828,2017-09-08,,No,2,7
E5099,Employee_4099,Operations,Manager,Female,48,37661.0,3658.0328066139914,2018-04-13,,No,4,7
E5100,Employee_4100,Support,Manager,Female,48,,,2020-12-21,,No,2,0
E5101,Employee_4101,Hr,Specialist,Male,23,171257.0,32741.281479632664,2019-02-24,2024-02-20,Yes,1,8
E5102,Employee_4102,HR,Analyst,Female,33,195211.0,12675.948480301298,2023-02-07,2023-10-04,Yes,2,25
E5103,Employee_4103,Finance,Analyst,Female,59,144870.0,25462.722760650715,2019-11-05,,No,1,0
E5104,Employee_4104,sales,Associate,Male,41,65276.0,7859.2915816126615,2016-11-15,,No,1,4
E5105,Employee_4105,Support,Executive,Female,43,175024.0,51434.762244973674,2018-12-06,2020-06-13,Yes,1,4
E5106,Employee_4106,Marketing,Executive,Female,57,129032.0,11363.207277148918,2019-02-19,,No,1,25
E5107,Employee_4107,sales,Analyst,Male,31,140382.0,29528.662704004542,2016-01-05,,No,4,19
E5108,Employee_4108,sales,Analyst,Male,55,,,2020-07-28,,No,5,12
E5109,Employee_4109,HR,Executive,female,48,37943.0,4170.430220757422,2018-01-10,,No,1,25
E5110,Employee_4110,Hr,Executive,Male,21,139575.0,26853.04073646993,2019-10-20,,No,2,28
E5111,Employee_4111,Sales,Executive,Male,50,197170.0,59113.83798419334,2020-08-20,,No,3,25
E5112,Employee_4112,sales,Executive,Female,32,,,2018-02-19,2018-11-10,Yes,2,13
E5113,Employee_4113,Support,Analyst,Male,27,172184.0,13749.031535542857,2016-11-24,,No,1,19
E5114,Employee_4114,Hr,Specialist,Female,50,163918.0,17080.818077966967,2019-10-19,2022-11-03,Yes,4,20
E5115,Employee_4115,IT,Manager,Male,47,188736.0,19828.93163731385,2017-06-08,,No,3,8
E5116,Employee_4116,Marketing,Manager,Male,42,198115.0,44182.98741159693,2021-06-22,2025-06-28,Yes,4,20
E5117,Employee_4117,,Analyst,Female,33,133726.0,32136.558799525446,2023-03-16,2024-06-05,Yes,3,11
E5118,Employee_4118,Hr,Associate,Female,52,91969.0,24707.000885656875,2015-05-08,2020-02-22,Yes,3,29
E5119,Employee_4119,HR,Executive,Female,29,,,2015-10-22,,No,3,4
E5120,Employee_4120,Support,Specialist,Female,30,83565.0,6365.345943405898,2016-01-14,,No,3,7
E5121,Employee_4121,sales,Specialist,Male,46,38086.0,3175.6961193915417,2016-06-13,2019-07-22,Yes,2,10
E5122,Employee_4122,Support,Associate,Female,30,178028.0,46957.58789752435,2022-12-27,2027-01-27,Yes,4,2
E5123,Employee_4123,sales,Manager,Male,58,106213.0,31293.353891511615,2019-10-30,,No,2,14
E5124,Employee_4124,Operations,Associate,Female,54,60246.0,5224.188944244407,2020-06-11,,No,1,18
E5125,Employee_4125,Support,Associate,Female,54,94366.0,13406.111410204945,2018-12-05,,No,2,21
E5126,Employee_4126,Marketing,Specialist,Male,49,110196.0,11136.434076131605,2015-09-17,,No,1,17
E5127,Employee_4127,IT,Executive,Female,40,33909.0,8266.528996503348,2017-03-05,,No,2,9
E5128,Employee_4128,Support,Analyst ,Female,38,53807.0,3370.1965593866375,2016-12-14,,No,5,18
E5129,Employee_4129,Support,Executive,Female,58,122205.0,21853.1697389377,2020-10-03,,No,3,23
E5130,Employee_4130,Finance,Specialist,Female,36,149443.0,19392.835344210253,2017-11-04,,No,5,11
E5131,Employee_4131,Marketing,Associate,Male,54,165442.0,15064.349743671577,2019-10-21,2023-04-29,Yes,1,12
E5132,Employee_4132,Operations,Executive,Male,52,176398.0,34077.86881865778,2021-02-19,,No,3,10
E5133,Employee_4133,Support,Analyst,Female,43,182350.0,51937.62328601317,2022-02-28,,No,5,0
E5134,Employee_4134,sales,Manager,Female,33,,,2017-05-10,,No,4,3
E5135,Employee_4135,Support,Manager,Female,35,64626.0,4087.251873993407,2017-07-13,,No,5,1
E5136,Employee_4136,sales,Associate,Male,26,166501.0,39369.20510514738,2016-10-18,,No,5,1
E5137,Employee_4137,Marketing,Manager,Female,32,132331.0,33029.690198428696,2015-07-19,,No,1,23
E5138,Employee_4138,Finance,Analyst,Male,26,119399.0,14666.746442921849,2021-07-26,2022-03-10,Yes,3,23
E5139,Employee_4139,HR,Analyst,Female,25,97963.0,27472.39296188306,2020-07-29,,No,4,6
E5140,Employee_4140,Sales,Specialist,Female,58,82872.0,24821.158914151874,2020-09-05,2024-12-08,Yes,5,24
E5141,Employee_4141,sales,Executive,Male,49,87465.0,7271.59474110196,2015-02-02,,No,3,23
E5142,Employee_4142,IT,Executive,Female,22,108871.0,19889.620594849483,2015-09-04,,No,3,29
E5143,Employee_4143,IT,Executive,Female,36,114147.0,29493.717557955097,2020-07-16,2023-02-08,Yes,1,10
E5144,Employee_4144,IT,Manager,Female,34,167711.0,28609.878879179483,2018-12-07,,No,4,21
E5145,Employee_4145,sales,Manager,Female,42,59974.0,9726.894447832085,2018-06-20,2019-01-15,Yes,5,7
E5146,Employee_4146,,Specialist,Male,32,192780.0,13281.823528480534,2022-12-12,,No,2,4
E5147,Employee_4147,,Executive,Male,52,128099.0,34743.48380481696,2017-02-12,2018-05-21,Yes,1,11
E5148,Employee_4148,Operations,Associate,Female,42,177709.0,46744.041515589175,2022-08-19,,No,5,5
E5149,Employee_4149,Sales,Executive,Female,35,71767.0,11271.917001388118,2019-11-17,,No,2,15
E5150,Employee_4150,Hr,Analyst,Male,21,134861.0,35226.23441648296,2017-09-19,2018-04-07,Yes,1,15
E5151,Employee_4151,Hr,Executive,Male,58,196481.0,11275.690479250039,2020-08-05,,No,3,2
E5152,Employee_4152,,Associate,Female,51,162762.0,48083.4525531962,2022-09-07,2027-06-12,Yes,1,21
E5153,Employee_4153,Sales,Specialist,Female,25,144968.0,41516.47171327234,2020-05-03,,No,1,11
E5154,Employee_4154,Support,Manager,Female,47,97500.0,20980.79477601164,2017-04-02,,No,2,13
E5155,Employee_4155,Support,Executive,Female,39,93829.0,12589.895401548512,2020-02-27,,No,5,3
E5156,Employee_4156,,Manager,Female,38,79229.0,15870.562973880771,2018-10-30,,No,4,13
E5157,Employee_4157,Hr,Analyst,Male,52,129093.0,22973.30521248196,2018-01-04,,No,2,3
E5158,Employee_4158,Operations,Executive,Male,51,179115.0,13690.443128661545,2015-05-05,2018-08-31,Yes,2,20
E5159,Employee_4159,Hr,Executive,Female,52,47428.0,6274.579823423533,2016-04-27,,No,5,19
E5160,Employee_4160,Support,Manager,Male,31,172751.0,19075.157460807448,2020-02-23,2023-06-10,Yes,3,16
E5161,Employee_4161,Hr,Executive,Male,45,184175.0,20106.61616440659,2019-11-08,2022-04-13,Yes,3,4
E5162,Employee_4162,Support,Manager,Male,37,63435.0,12595.748837350728,2019-05-28,,No,1,28
E5163,Employee_4163,Hr,Executive,Male,33,187855.0,34131.61780382083,2020-08-17,,No,4,1
E5164,Employee_4164,Finance,Executive,Male,43,105593.0,23999.625587433606,2015-10-08,,No,3,0
E5165,Employee_4165,Finance,Analyst,Male,24,149392.0,19748.209119653227,2018-07-08,,No,1,13
E5166,Employee_4166,HR,Specialist,Male,37,61051.0,7799.57275191923,2015-11-14,,No,3,29
E5167,Employee_4167,Support,Associate,Female,41,102372.0,22407.11476731134,2021-09-12,,No,3,9
E5168,Employee_4168,HR,Analyst,Male,38,180678.0,25816.23133777569,2021-06-15,,No,2,20
E5169,Employee_4169,HR,Specialist,Female,22,75318.0,20332.47025137531,2022-10-18,,No,2,22
E5170,Employee_4170,sales,Executive,Male,34,196300.0,18000.168739738798,2019-08-22,,No,2,1
E5171,Employee_4171,Finance,Analyst,Female,43,135134.0,29921.315556344085,2020-07-18,,No,3,16
E5172,Employee_4172,,Analyst,Male,29,153935.0,29719.820688182877,2020-02-13,2024-02-18,Yes,1,21
E5173,Employee_4173,Hr,Manager,Male,50,118719.0,8081.387310535267,2017-10-15,2020-03-11,Yes,4,0
E5174,Employee_4174,Operations,Specialist,Female,32,33864.0,6136.139984152928,2021-11-18,2022-08-27,Yes,3,28
E5175,Employee_4175,sales,Executive,Female,55,71284.0,7181.317929819912,2017-11-16,,No,5,13
E5176,Employee_4176,Sales,Associate,male,41,185535.0,12398.788651112016,2022-05-28,,No,3,29
E5177,Employee_4177,Support,Associate,Male,24,45419.0,11777.25922885707,2017-03-09,,No,1,4
E5178,Employee_4178,,Manager,Female,56,110535.0,33043.00756950628,2021-03-20,2023-08-13,Yes,2,23
E5179,Employee_4179,Marketing,Associate,Female,39,164718.0,46546.483253313425,2015-09-19,,No,5,29
E5180,Employee_4180,Support,Associate,Female,21,172398.0,28995.128905852973,2016-02-21,,No,5,27
E5181,Employee_4181,sales,Manager,Female,58,73315.0,15770.504237350793,2017-06-16,2018-02-23,Yes,4,12
E5182,Employee_4182,Marketing,Associate,Female,27,193301.0,50945.669244084085,2018-10-27,,No,3,4
E5183,Employee_4183,sales,Associate,Male,34,94658.0,5885.814834334416,2022-05-18,,No,3,26
E5184,Employee_4184,Support,Manager,Female,27,36775.0,9172.646321261062,2018-09-08,,No,2,12
E5185,Employee_4185,HR,Associate,Male,53,55060.0,14577.663156804812,2018-09-20,,No,5,26
E5186,Employee_4186,IT,Associate,Female,38,123104.0,8339.96334687507,2020-10-31,,No,5,5
E5187,Employee_4187,Marketing,Executive,Female,47,102582.0,10339.149717876395,2019-07-20,,No,1,8
E5188,Employee_4188,Hr,Specialist,Male,31,70452.0,18362.02895432868,2017-02-18,2018-02-22,Yes,2,19
E5189,Employee_4189,IT,Analyst,Female,31,157113.0,23949.790658706082,2018-11-22,2020-05-07,Yes,5,28
E5190,Employee_4190,Hr,Analyst,Female,28,58337.0,4593.349167537356,2018-07-14,2019-05-16,Yes,2,14
E5191,Employee_4191,IT,Executive,Female,59,93452.0,12981.614336246934,2015-01-06,,No,3,16
E5192,Employee_4192,Sales,Associate,Male,35,115263.0,5946.91290861554,2021-10-03,,No,3,5
E5193,Employee_4193,Marketing,Specialist,Female,41,131119.0,37580.609726154566,2020-07-10,,No,2,14
E5194,Employee_4194,HR,Specialist,Female,45,66277.0,13318.375875385964,2021-07-25,,No,1,17
E5195,Employee_4195,,Manager,Female,51,104090.0,28660.992819452826,2019-06-23,,No,5,13
E5196,Employee_4196,Sales,Analyst,Male,56,99400.0,27169.910880292326,2021-05-31,2025-11-05,Yes,5,29
E5197,Employee_4197,sales,Analyst,Female,48,181458.0,18923.536148328996,2018-02-28,,No,3,17
E5198,Employee_4198,,Analyst,Female,27,,,2015-02-05,,No,2,17
E5199,Employee_4199,Operations,Manager ,Female,32,40322.0,3839.3101890363264,2020-06-09,,No,3,28
E5200,Employee_4200,Support,Associate,Male,39,149496.0,21035.16075794217,2018-07-03,2019-09-16,Yes,5,1
E5201,Employee_4201,HR,Manager,Female,56,34991.0,9372.794798269486,2019-01-15,,No,4,0
E5202,Employee_4202,Finance,Executive,Female,45,196169.0,12564.376136006571,2020-02-28,2025-05-15,Yes,4,3
E5203,Employee_4203,sales,Executive,Male,36,88990.0,22707.13422680177,2017-08-14,,No,3,4
E5204,Employee_4204,HR,Associate,Male,35,186374.0,20444.063350137418,2019-01-29,2021-01-15,Yes,3,11
E5205,Employee_4205,HR,Manager,Male,37,152365.0,21276.967462142406,2016-03-01,,No,2,26
E5206,Employee_4206,Marketing,Executive,Male,40,132341.0,38977.6708020902,2016-03-07,,No,3,15
E5207,Employee_4207,IT,Specialist,Male,24,125608.0,15058.13465770194,2019-07-26,,No,5,11
E5208,Employee_4208,HR,Associate,Female,22,108735.0,17410.320118738724,2017-09-29,,No,1,8
E5209,Employee_4209,HR,Manager,Male,57,42281.0,3467.303749632297,2018-06-02,,No,1,11
E5210,Employee_4210,IT,Analyst ,Female,31,195534.0,35297.98388518415,2021-06-24,,No,4,20
E5211,Employee_4211,IT,Associate,Male,30,92546.0,17403.174687897426,2021-09-05,2025-05-23,Yes,4,3
E5212,Employee_4212,HR,Associate,Female,48,116257.0,30748.91367847709,2018-05-08,,No,5,26
E5213,Employee_4213,IT,Executive,Male,56,114943.0,31643.91061778765,2020-01-27,2022-06-28,Yes,4,11
E5214,Employee_4214,,Executive,Male,37,57961.0,10633.115192531983,2020-09-04,,No,4,1
E5215,Employee_4215,,Analyst,Female,49,80509.0,12595.978162127643,2016-07-24,,No,5,27
E5216,Employee_4216,Hr,Associate,Female,44,34236.0,8210.850423462542,2015-02-20,,No,3,22
E5217,Employee_4217,Support,Manager,Female,53,,,2018-09-22,2021-01-30,Yes,1,2
E5218,Employee_4218,Hr,Analyst,Female,47,54941.0,8836.161118991784,2020-06-26,,No,2,3
E5219,Employee_4219,,Analyst,male,33,79823.0,6095.472547262195,2022-12-14,2027-08-08,Yes,1,5
E5220,Employee_4220,sales,Executive,Male,36,98743.0,10623.368239895472,2018-11-18,,No,2,18
E5221,Employee_4221,Support,Manager,Male,34,90598.0,9108.328960109557,2017-12-22,,No,1,22
E5222,Employee_4222,Finance,Executive,Female,31,94430.0,9215.44584396914,2022-07-15,,No,3,24
E5223,Employee_4223,Support,Executive,Male,49,80262.0,23216.387572743533,2020-10-29,,No,2,18
E5224,Employee_4224,,Specialist,Female,52,173285.0,15123.005143538914,2021-09-05,2025-06-28,Yes,3,26
E5225,Employee_4225,Operations,Associate,Female,59,73671.0,9253.437779596481,2021-08-25,,No,1,8
E5226,Employee_4226,HR,Analyst,Female,39,166808.0,42232.86852139599,2022-12-21,2023-09-08,Yes,3,15
E5227,Employee_4227,HR,Manager,Male,50,58821.0,3606.584820044927,2017-04-03,2017-12-23,Yes,5,21
E5228,Employee_4228,HR,Manager,Male,22,142045.0,25085.548526490704,2015-11-02,,No,1,21
E5229,Employee_4229,sales,Specialist,Male,59,71128.0,8976.886117226333,2017-10-27,,No,5,6
E5230,Employee_4230,Operations,Specialist,Female,24,135209.0,40385.56395016042,2017-01-04,,No,5,25
E5231,Employee_4231,,Associate,Male,51,165880.0,48651.212999144234,2016-08-06,,No,5,15
E5232,Employee_4232,Support,Specialist,Male,36,66241.0,8577.595577010894,2015-03-19,,No,5,7
E5233,Employee_4233,IT,Manager,Female,36,156164.0,24038.63291577214,2022-07-11,,No,3,29
E5234,Employee_4234,HR,Analyst,Female,31,53071.0,3583.428782206587,2022-11-11,2026-12-04,Yes,3,27
E5235,Employee_4235,Finance,Executive,Male,46,97542.0,9840.852805615717,2020-11-17,2022-09-08,Yes,3,24
E5236,Employee_4236,Marketing,Associate,Male,42,79504.0,23162.465726138285,2021-02-24,,No,2,13
E5237,Employee_4237,HR,Manager,Male,49,48262.0,6870.199598493181,2018-07-07,,No,4,9
E5238,Employee_4238,sales,Analyst,Female,54,65587.0,4428.734281821043,2022-12-17,,No,3,14
E5239,Employee_4239,Finance,Executive,male,21,115184.0,11313.768243048942,2021-04-12,2023-09-03,Yes,2,19
E5240,Employee_4240,,Analyst,Female,46,177688.0,36708.7908222856,2018-09-07,2023-07-04,Yes,1,3
E5241,Employee_4241,Finance,Analyst,Female,45,161869.0,26644.197134592814,2018-07-30,,No,3,4
E5242,Employee_4242,Operations,Specialist,Female,28,42669.0,9620.508540302751,2016-08-28,,No,4,28
E5243,Employee_4243,Hr,Specialist,Male,35,80615.0,13343.487600459011,2017-11-13,2020-07-15,Yes,3,9
E5244,Employee_4244,IT,Executive,Male,40,185816.0,53571.49748113438,2022-06-02,,No,5,14
E5245,Employee_4245,Sales,Specialist,Male,56,112494.0,25179.197577968414,2016-04-19,,No,1,22
E5246,Employee_4246,Hr,Manager,Female,28,151915.0,43718.36577672467,2016-06-14,2019-09-17,Yes,1,9
E5247,Employee_4247,Sales,Specialist,Female,57,147129.0,25299.74559827523,2021-11-25,2023-04-21,Yes,4,20
E5248,Employee_4248,Sales,Executive,Female,25,64902.0,12957.428901916624,2021-02-22,2023-10-05,Yes,1,0
E5249,Employee_4249,,Manager,Female,32,87203.0,6162.092338314442,2019-06-06,,No,2,22
E5250,Employee_4250,Marketing,Specialist,Male,35,183833.0,31882.12062847056,2019-02-14,2023-06-21,Yes,1,15
E5251,Employee_4251,Sales,Specialist,Male,28,40786.0,4418.166775088119,2019-08-02,,No,5,11
E5252,Employee_4252,IT,Analyst,Male,31,45611.0,7512.158101451764,2017-05-02,,No,3,17
E5253,Employee_4253,,Executive,Male,58,56606.0,8401.822292579805,2021-03-10,,No,4,26
E5254,Employee_4254,Finance,Manager,Male,22,46833.0,7773.037164821626,2022-10-31,,No,2,22
E5255,Employee_4255,HR,Specialist,Female,42,52254.0,8226.624220064397,2016-12-18,,No,2,17
E5256,Employee_4256,Finance,Manager,Male,31,89829.0,9534.678504079102,2017-06-22,2021-12-28,Yes,2,21
E5257,Employee_4257,HR,Specialist,Male,25,194371.0,56966.67593793537,2018-02-27,2021-08-05,Yes,2,2
E5258,Employee_4258,IT,Associate,Male,33,185384.0,47506.05485123468,2021-08-01,,No,1,27
E5259,Employee_4259,sales,Analyst,female,50,192500.0,27521.749283325957,2020-03-29,2023-09-07,Yes,2,9
E5260,Employee_4260,Hr,Analyst,Male,53,155050.0,44695.79006530864,2022-03-03,2025-12-02,Yes,3,5
E5261,Employee_4261,HR,Specialist,Male,32,186358.0,49744.02602273036,2020-07-11,,No,1,16
E5262,Employee_4262,Sales,Executive,Female,35,180354.0,48622.42028794504,2018-01-11,,No,3,26
E5263,Employee_4263,Finance,Specialist,Male,41,195618.0,26674.646998861717,2016-11-14,,No,3,17
E5264,Employee_4264,Support,Associate,Female,43,187541.0,46175.79702491145,2018-10-28,2020-08-01,Yes,5,2
E5265,Employee_4265,Sales,Executive ,Male,22,173941.0,47741.01800223086,2016-07-01,,No,4,23
E5266,Employee_4266,,Specialist,Male,32,59136.0,3992.200771295944,2022-12-08,,No,1,11
E5267,Employee_4267,Sales,Executive ,Male,52,90126.0,23376.565485623214,2018-09-15,,No,3,25
E5268,Employee_4268,Marketing,Associate,Male,46,54959.0,4371.475112796834,2017-06-04,,No,5,3
E5269,Employee_4269,Support,Specialist,Male,32,198280.0,17443.008948000646,2018-07-13,2019-02-19,Yes,2,20
E5270,Employee_4270,Sales,Executive,Female,27,143652.0,15568.711377659913,2019-04-23,,No,5,7
E5271,Employee_4271,,Associate,Female,45,104843.0,11047.782513048678,2017-06-02,,No,4,24
E5272,Employee_4272,Support,Associate,Female,57,185260.0,49169.7002106548,2022-12-01,,No,5,4
E5273,Employee_4273,,Specialist,Female,51,195375.0,43989.27829833402,2023-01-31,,No,3,22
E5274,Employee_4274,IT,Specialist,Male,22,153245.0,21226.95574763943,2019-02-22,,No,5,29
E5275,Employee_4275,Marketing,Associate,Male,43,35091.0,8476.508814597657,2020-01-22,,No,5,9
E5276,Employee_4276,Sales,Specialist,Male,30,134931.0,15978.065333053393,2023-03-06,2027-10-21,Yes,5,23
E5277,Employee_4277,Finance,Specialist,Male,55,51198.0,8611.204675956855,2016-08-27,,No,5,25
E5278,Employee_4278,Hr,Associate,Male,38,95152.0,9970.620504316621,2022-03-08,,No,4,26
E5279,Employee_4279,Finance,Associate,Male,45,148440.0,11099.469272949838,2015-09-02,,No,4,27
E5280,Employee_4280,,Specialist ,Female,41,82822.0,16686.681409630877,2020-02-19,,No,1,4
E5281,Employee_4281,,Executive,Male,42,169787.0,19981.46007173506,2021-10-31,2023-11-12,Yes,5,29
E5282,Employee_4282,Marketing,Analyst,Female,40,153207.0,42035.20228648618,2016-09-14,2018-08-02,Yes,2,27
E5283,Employee_4283,Operations,Manager,Female,59,122304.0,31590.84203642433,2015-05-26,,No,5,14
E5284,Employee_4284,IT,Associate,Male,48,182379.0,15330.016129778629,2018-07-19,,No,1,0
E5285,Employee_4285,Hr,Executive,Female,31,159110.0,24508.501491500105,2022-03-02,,No,4,18
E5286,Employee_4286,Marketing,Analyst,Male,33,51882.0,4181.829368128116,2015-09-22,,No,1,4
E5287,Employee_4287,HR,Manager,Female,51,139982.0,38026.570241363814,2022-05-30,,No,2,12
E5288,Employee_4288,sales,Manager,Female,52,101210.0,5106.802237754865,2018-05-21,,No,5,2
E5289,Employee_4289,Marketing,Specialist,Male,47,103606.0,19784.06106793949,2017-11-19,,No,2,23
E5290,Employee_4290,,Manager,Male,46,88835.0,14244.672064030847,2016-05-17,,No,2,24
E5291,Employee_4291,IT,Associate,Female,21,91549.0,26246.349554988676,2017-06-12,,No,2,19
E5292,Employee_4292,Hr,Analyst,Female,26,74560.0,14945.73483709412,2020-06-14,,No,2,8
E5293,Employee_4293,Finance,Associate,Female,57,59622.0,15300.486244777674,2017-10-26,,No,5,3
E5294,Employee_4294,IT,Analyst,Female,42,89175.0,11233.54346844951,2020-02-01,,No,1,10
E5295,Employee_4295,Marketing,Specialist,Female,40,100259.0,26303.6940685879,2022-03-02,,No,2,5
E5296,Employee_4296,IT,Associate,Female,50,112979.0,9216.542299958288,2021-04-28,2025-01-11,Yes,1,27
E5297,Employee_4297,HR,Analyst,Female,38,145039.0,27787.87832786556,2021-08-28,,No,4,5
E5298,Employee_4298,sales,Analyst,Male,37,139009.0,35505.375197133384,2021-01-18,,No,4,11
E5299,Employee_4299,Finance,Analyst,Female,47,,,2018-06-17,,No,4,9
E5300,Employee_4300,Finance,Manager,Female,45,137518.0,14811.091918289372,2022-08-29,,No,4,10
E5301,Employee_4301,Support,Executive,Male,23,120367.0,27994.513818594605,2022-01-07,2025-01-14,Yes,4,23
E5302,Employee_4302,Marketing,Specialist,Male,34,69387.0,11035.084705463447,2015-03-05,,No,4,15
E5303,Employee_4303,sales,Manager,Female,39,133748.0,22934.379183010176,2017-02-11,2019-11-17,Yes,2,16
E5304,Employee_4304,Finance,Manager,Male,28,193687.0,30108.58697769074,2019-10-14,,No,5,29
E5305,Employee_4305,IT,Manager,Male,36,113087.0,24303.000424197802,2016-01-12,,No,4,13
E5306,Employee_4306,Operations,Manager,Female,56,30451.0,4260.015528858939,2022-10-05,,No,3,7
E5307,Employee_4307,Sales,Specialist,Male,59,135716.0,21480.263443870615,2016-02-02,,No,2,28
E5308,Employee_4308,IT,Associate,Female,32,56727.0,10661.680546459345,2018-10-26,,No,1,12
E5309,Employee_4309,IT,Associate,Male,36,135649.0,7034.08933592558,2022-08-20,,No,5,12
E5310,Employee_4310,,Executive ,Female,28,184047.0,37246.585077724325,2018-06-13,,No,5,1
E5311,Employee_4311,HR,Associate,Female,56,139334.0,13640.915554121795,2017-04-19,,No,2,10
E5312,Employee_4312,HR,Analyst,Female,38,126896.0,14645.353296171701,2022-03-06,,No,4,10
E5313,Employee_4313,Operations,Analyst,Female,38,119359.0,8193.205290398611,2020-11-15,,No,4,2
E5314,Employee_4314,sales,Executive ,Male,35,141489.0,30979.542408586614,2016-04-23,,No,1,9
E5315,Employee_4315,HR,Executive,Female,45,148962.0,27697.210597022786,2021-05-06,,No,2,15
E5316,Employee_4316,,Manager,Female,58,191767.0,15743.887169500596,2017-05-10,,No,5,20
E5317,Employee_4317,Operations,Analyst,Male,40,31471.0,2506.0988987495475,2019-02-28,,No,2,29
E5318,Employee_4318,IT,Analyst,Female,57,103392.0,5696.308497729828,2018-03-19,2023-02-26,Yes,1,27
E5319,Employee_4319,Finance,Analyst,Male,44,149805.0,39166.3649244172,2020-10-25,,No,1,10
E5320,Employee_4320,Operations,Manager,Female,55,146134.0,14634.73666304606,2021-06-30,,No,2,27
E5321,Employee_4321,Operations,Executive,Male,52,175205.0,22689.328677498976,2021-08-12,,No,4,27
E5322,Employee_4322,Finance,Specialist,Male,34,,,2022-03-04,,No,5,15
E5323,Employee_4323,Sales,Analyst,male,36,44197.0,3143.4022843271764,2021-05-15,2023-04-18,Yes,5,13
E5324,Employee_4324,Marketing,Analyst,Female,29,71525.0,5923.886359583114,2018-09-22,,No,1,5
E5325,Employee_4325,,Analyst,Male,40,136313.0,39223.641011445856,2019-02-13,,No,2,18
E5326,Employee_4326,Operations,Executive,Female,53,115263.0,16891.67222639395,2021-09-20,2025-02-20,Yes,5,21
E5327,Employee_4327,,Analyst,Male,57,66155.0,14092.806816707947,2022-12-05,,No,1,1
E5328,Employee_4328,Finance,Specialist,Female,51,38507.0,8591.026825728928,2018-02-12,2019-06-25,Yes,3,27
E5329,Employee_4329,sales,Analyst,Male,31,,,2019-10-19,,No,3,23
E5330,Employee_4330,Support,Executive,Female,45,182007.0,51722.7255684833,2017-03-28,,No,5,26
E5331,Employee_4331,sales,Associate,Female,56,98861.0,9357.72273008837,2015-01-21,,No,3,0
E5332,Employee_4332,sales,Associate,Male,35,150791.0,8210.377314980982,2017-11-26,,No,3,23
E5333,Employee_4333,Marketing,Manager,Male,39,98213.0,13898.138984312363,2023-03-03,,No,2,25
E5334,Employee_4334,Finance,Analyst,Male,35,123789.0,23562.93822560166,2015-01-07,,No,2,11
E5335,Employee_4335,sales,Manager,Female,22,99980.0,11145.935230316938,2021-12-22,,No,3,11
E5336,Employee_4336,sales,Manager,Female,40,153469.0,45606.886644967744,2022-10-09,2026-03-15,Yes,2,19
E5337,Employee_4337,Sales,Associate,Male,30,45958.0,7369.4158523807555,2023-03-07,,No,1,28
E5338,Employee_4338,,Executive ,Male,52,30339.0,5776.159329941632,2016-09-15,,No,1,12
E5339,Employee_4339,Finance,Manager,Male,23,51643.0,9305.629403900728,2019-01-08,2019-10-29,Yes,1,3
E5340,Employee_4340,Marketing,Specialist ,Female,22,30789.0,4957.3265990875225,2015-04-26,2017-08-04,Yes,5,13
E5341,Employee_4341,Operations,Analyst,Female,49,30290.0,4059.8480634586194,2019-11-10,2022-02-16,Yes,3,23
E5342,Employee_4342,IT,Specialist,Female,47,182088.0,26150.881727001048,2019-10-27,,No,3,4
E5343,Employee_4343,IT,Analyst,Male,29,126161.0,30622.922204868762,2021-08-14,,No,2,24
E5344,Employee_4344,HR,Manager,Male,25,40607.0,3843.774493735858,2016-12-31,2021-12-29,Yes,5,14
E5345,Employee_4345,,Manager,Male,24,191613.0,50355.756880766996,2019-01-28,,No,5,15
E5346,Employee_4346,Marketing,Analyst,Male,46,72120.0,15765.372708981562,2020-06-21,,No,3,23
E5347,Employee_4347,,Associate,Male,58,50557.0,12611.621439268423,2022-09-22,,No,2,21
E5348,Employee_4348,sales,Executive ,Female,38,127074.0,26417.989170986362,2022-03-09,2024-02-27,Yes,5,3
E5349,Employee_4349,,Analyst,Female,57,163662.0,27488.647582944403,2019-08-19,,No,3,9
E5350,Employee_4350,HR,Manager,Male,45,83603.0,20866.26738159161,2021-04-03,,No,5,16
E5351,Employee_4351,sales,Associate,Female,24,163142.0,45455.80856180178,2019-01-23,,No,1,14
E5352,Employee_4352,HR,Associate,Male,57,140532.0,22639.2671481294,2016-04-01,,No,3,17
E5353,Employee_4353,HR,Specialist,Male,47,57020.0,8427.814942665456,2020-12-27,,No,1,9
E5354,Employee_4354,Finance,Analyst,Female,48,159100.0,42798.07554556047,2017-04-24,2019-09-07,Yes,2,28
E5355,Employee_4355,Finance,Analyst,Male,49,101317.0,8082.420062882864,2019-06-30,,No,3,5
E5356,Employee_4356,Sales,Associate,Male,51,56527.0,12656.787391099197,2016-09-15,,No,5,28
E5357,Employee_4357,Hr,Manager,Female,54,73042.0,18463.517915181463,2017-04-25,2020-02-17,Yes,2,16
E5358,Employee_4358,Support,Executive,Female,29,98882.0,28979.807855283387,2015-04-15,,No,4,15
E5359,Employee_4359,Hr,Analyst,Female,46,40535.0,3899.346561132569,2017-06-04,,No,5,6
E5360,Employee_4360,Finance,Manager,Male,43,94344.0,15567.045321745578,2018-09-05,,No,5,3
E5361,Employee_4361,Sales,Manager,Male,48,61354.0,12989.861875201566,2020-06-10,,No,2,10
E5362,Employee_4362,,Manager,female,59,101135.0,8877.128649530758,2022-10-19,,No,1,26
E5363,Employee_4363,Operations,Analyst,Female,25,147784.0,28557.35430922482,2020-03-11,,No,4,11
E5364,Employee_4364,sales,Manager,Male,51,149178.0,32094.0074053799,2015-04-27,,No,4,12
E5365,Employee_4365,IT,Associate,Female,42,30576.0,2794.3503502404747,2015-07-19,2020-11-24,Yes,4,5
E5366,Employee_4366,Hr,Executive,Male,56,123435.0,27533.222079214378,2020-03-11,,No,4,12
E5367,Employee_4367,Operations,Associate,Female,58,84936.0,17554.468010925124,2018-01-24,,No,1,10
E5368,Employee_4368,Operations,Analyst,Female,22,138407.0,27693.118172222465,2015-06-23,,No,5,12
E5369,Employee_4369,Marketing,Manager,Male,43,156190.0,15429.3958768463,2016-11-05,2017-09-26,Yes,5,28
E5370,Employee_4370,Finance,Executive,Female,33,81125.0,15043.982318483544,2019-07-16,2021-03-19,Yes,3,28
E5371,Employee_4371,Sales,Specialist,Female,59,129427.0,21600.407298131042,2017-12-21,,No,5,3
E5372,Employee_4372,Marketing,Analyst,Female,50,80281.0,8218.133793439029,2019-04-07,2020-03-27,Yes,2,28
E5373,Employee_4373,,Specialist,Female,33,132601.0,15587.063880940232,2017-05-03,,No,4,15
E5374,Employee_4374,sales,Executive,Female,40,71221.0,11618.898894659736,2016-06-26,,No,2,13
E5375,Employee_4375,Finance,Analyst,Female,42,47021.0,10930.56147908059,2016-09-12,,No,3,8
E5376,Employee_4376,,Manager,Female,26,,,2016-10-26,,No,5,22
E5377,Employee_4377,Finance,Associate,Male,30,157048.0,26336.926629209698,2022-02-04,2025-01-19,Yes,3,12
E5378,Employee_4378,Finance,Executive,Male,21,113904.0,10860.404318702742,2015-01-18,,No,4,21
E5379,Employee_4379,,Analyst,Female,21,98334.0,25631.313116716825,2017-10-29,,No,4,25
E5380,Employee_4380,,Analyst,Male,30,48231.0,7002.394341522756,2018-02-27,,No,5,23
E5381,Employee_4381,HR,Analyst,Male,51,126608.0,23451.609558030217,2019-03-28,,No,2,2
E5382,Employee_4382,Support,Manager,Female,46,136061.0,20555.98749430699,2018-01-18,,No,5,7
E5383,Employee_4383,sales,Executive,Male,48,125502.0,28604.013511514164,2016-09-08,,No,4,7
E5384,Employee_4384,Support,Manager,Male,30,183230.0,27767.12155408603,2015-05-26,,No,5,8
E5385,Employee_4385,sales,Specialist,Female,55,161777.0,12278.415445101446,2021-10-06,,No,4,4
E5386,Employee_4386,IT,Manager,Male,35,90216.0,22156.278143839256,2015-07-29,,No,3,24
E5387,Employee_4387,Support,Analyst,Male,42,99498.0,18556.20353851421,2021-07-18,2025-12-27,Yes,3,14
E5388,Employee_4388,sales,Analyst,Male,38,65212.0,5311.824710544311,2015-08-28,2016-12-31,Yes,1,17
E5389,Employee_4389,Operations,Executive,Male,53,49301.0,3691.779467865341,2017-09-03,,No,4,13
E5390,Employee_4390,Sales,Associate,Male,50,197123.0,24205.628497756257,2015-11-18,,No,5,3
E5391,Employee_4391,HR,Analyst,Male,30,181023.0,21800.79329498812,2019-08-06,,No,4,0
E5392,Employee_4392,Sales,Specialist,Female,42,56842.0,14446.712134207331,2020-08-31,,No,2,15
E5393,Employee_4393,HR,Executive,Female,29,138407.0,41294.3064759406,2019-12-14,,No,2,18
E5394,Employee_4394,Sales,Specialist,Male,47,60898.0,13722.905459948191,2017-10-03,,No,1,26
E5395,Employee_4395,Hr,Specialist,Female,30,118830.0,15512.528824894036,2022-10-07,,No,2,8
E5396,Employee_4396,sales,Specialist,Male,54,59105.0,5953.436761572197,2020-02-20,,No,1,19
E5397,Employee_4397,HR,Analyst,male,26,150829.0,41636.180898116356,2019-05-18,2021-01-31,Yes,2,15
E5398,Employee_4398,IT,Associate,Female,21,166579.0,19143.069429137893,2019-01-12,,No,4,14
E5399,Employee_4399,Sales,Analyst,Female,55,189692.0,20335.53138555614,2020-09-20,,No,4,23
E5400,Employee_4400,Marketing,Associate,Female,27,81175.0,21961.891757318277,2019-07-08,,No,4,17
E5401,Employee_4401,IT,Manager,Male,40,89937.0,8438.584339738787,2021-09-26,2024-01-10,Yes,1,18
E5402,Employee_4402,Finance,Analyst,Female,58,171448.0,30473.892557542596,2016-12-19,,No,5,27
E5403,Employee_4403,Hr,Analyst,Male,24,71684.0,5826.640671346924,2017-07-03,,No,3,4
E5404,Employee_4404,Finance,Executive,Male,24,155220.0,19389.519545309042,2020-03-18,2024-12-29,Yes,1,23
E5405,Employee_4405,IT,Analyst,Female,36,184637.0,44387.97984372426,2017-02-04,2020-08-15,Yes,4,22
E5406,Employee_4406,Operations,Analyst ,Female,52,92996.0,4994.6255052265515,2015-09-05,,No,3,13
E5407,Employee_4407,Hr,Associate,Male,42,142255.0,30999.695696831164,2017-01-05,2021-03-24,Yes,4,6
E5408,Employee_4408,IT,Executive,Male,37,177904.0,19753.57591907878,2020-01-10,,No,4,5
E5409,Employee_4409,Marketing,Manager,Male,46,84780.0,14914.446168659415,2018-02-07,2020-10-08,Yes,5,24
E5410,Employee_4410,Finance,Manager,Male,51,90662.0,24038.921065799397,2021-08-22,,No,1,29
E5411,Employee_4411,Support,Manager,Female,50,143094.0,30974.32769988606,2019-05-01,,No,3,10
E5412,Employee_4412,Sales,Associate,Male,57,52454.0,3997.928756730563,2015-08-22,2019-07-14,Yes,1,15
E5413,Employee_4413,Marketing,Specialist,Male,52,193079.0,25691.02907997248,2020-01-28,,No,3,19
E5414,Employee_4414,sales,Associate,Female,38,141972.0,40540.12807778707,2016-05-08,,No,4,28
E5415,Employee_4415,Marketing,Manager,Male,24,150902.0,42325.282338366014,2022-06-14,,No,4,6
E5416,Employee_4416,Hr,Analyst,Male,53,193982.0,24329.425814339553,2022-08-05,,No,5,24
E5417,Employee_4417,Sales,Specialist,Female,25,140541.0,29296.747751222167,2022-11-21,2028-03-26,Yes,3,27
E5418,Employee_4418,sales,Specialist,Male,55,41414.0,12250.192967827057,2019-01-11,2022-06-22,Yes,5,14
E5419,Employee_4419,Hr,Executive,Male,25,198501.0,42968.34746300817,2020-02-22,,No,2,17
E5420,Employee_4420,,Specialist,Male,50,150759.0,15622.170502267229,2020-07-25,,No,3,0
E5421,Employee_4421,Finance,Manager,female,30,61528.0,4174.771299066064,2017-05-07,,No,1,26
E5422,Employee_4422,,Analyst,Female,32,52016.0,4481.515129653145,2017-06-11,,No,1,21
E5423,Employee_4423,IT,Specialist,Male,32,88451.0,25884.713157722475,2019-10-25,2024-12-01,Yes,2,13
E5424,Employee_4424,Support,Analyst,Female,27,141670.0,34670.095037112515,2021-08-18,,No,4,23
E5425,Employee_4425,Hr,Manager,Male,39,149240.0,8623.092636188198,2016-05-07,2021-03-19,Yes,4,29
E5426,Employee_4426,HR,Associate,Female,48,139863.0,38461.154339563655,2017-03-20,,No,5,4
E5427,Employee_4427,HR,Analyst,Male,57,188632.0,47418.635777296564,2017-03-19,,No,1,28
E5428,Employee_4428,,Associate,Female,34,115925.0,15382.038610927846,2019-09-12,,No,2,4
E5429,Employee_4429,IT,Executive,Female,34,196353.0,11491.454357962999,2018-01-20,2023-01-29,Yes,5,15
E5430,Employee_4430,,Associate,Male,57,137606.0,20141.52094743468,2018-02-21,,No,3,4
E5431,Employee_4431,Support,Analyst,Male,35,68438.0,16639.022381882485,2019-10-17,,No,4,19
E5432,Employee_4432,Operations,Manager,Female,25,49812.0,3367.8508151475776,2017-11-08,,No,5,20
E5433,Employee_4433,Marketing,Manager,Female,28,78966.0,4798.847053260737,2018-01-29,2022-06-20,Yes,3,17
E5434,Employee_4434,HR,Executive,Male,44,133528.0,34234.9895297212,2019-03-30,,No,1,27
E5435,Employee_4435,Finance,Specialist ,Male,26,,,2022-02-17,2024-03-07,Yes,4,7
E5436,Employee_4436,Operations,Executive,Female,26,176031.0,11022.553858241827,2022-12-01,,No,1,28
E5437,Employee_4437,IT,Specialist,Female,47,133813.0,26381.48671611297,2022-06-21,2027-02-02,Yes,5,14
E5438,Employee_4438,HR,Associate,male,41,131177.0,38759.49306731508,2022-05-18,,No,3,3
E5439,Employee_4439,Sales,Manager,Female,35,,,2020-04-05,,No,1,4
E5440,Employee_4440,sales,Associate,Female,27,56965.0,9692.371415214015,2021-09-29,,No,1,9
E5441,Employee_4441,Marketing,Specialist,Female,31,160030.0,48005.03833769684,2017-01-17,,No,2,23
E5442,Employee_4442,IT,Manager,Male,57,159335.0,37972.58682936656,2015-02-24,,No,1,21
E5443,Employee_4443,Operations,Executive ,Female,42,80970.0,22638.031065377076,2021-05-30,2024-05-13,Yes,2,28
E5444,Employee_4444,Sales,Associate,Male,28,133211.0,21114.32352802504,2018-05-20,,No,3,12
E5445,Employee_4445,Support,Manager,Female,43,127519.0,20342.490433486444,2018-02-19,2022-03-06,Yes,5,3
E5446,Employee_4446,Sales,Specialist,Male,40,82073.0,16384.09099276916,2019-10-16,2023-12-25,Yes,5,16
E5447,Employee_4447,Sales,Executive,Male,31,141897.0,16070.954233145017,2016-07-05,,No,5,15
E5448,Employee_4448,IT,Specialist,Male,52,185075.0,45137.40738268827,2021-08-17,,No,1,12
E5449,Employee_4449,Operations,Manager,Female,37,76760.0,8382.535779662257,2018-01-29,,No,3,23
E5450,Employee_4450,Sales,Specialist,Female,29,119976.0,15886.217023451258,2015-02-04,,No,5,7
E5451,Employee_4451,sales,Associate,Female,37,147702.0,40918.9506724149,2015-07-26,,No,5,28
E5452,Employee_4452,sales,Associate,Male,44,186452.0,10785.595916177072,2018-07-14,,No,3,16
E5453,Employee_4453,Marketing,Analyst,Male,47,68891.0,4435.31941422156,2017-08-13,,No,2,3
E5454,Employee_4454,Hr,Manager,Female,38,79108.0,5111.94439653188,2022-11-27,2028-01-05,Yes,2,18
E5455,Employee_4455,Marketing,Manager,Female,48,132044.0,21503.03195040909,2018-04-26,,No,1,15
E5456,Employee_4456,IT,Manager,Male,46,124714.0,29211.824518889032,2016-09-13,,No,1,19
E5457,Employee_4457,Operations,Specialist,Female,46,114724.0,10928.380007386095,2022-06-07,,No,5,27
E5458,Employee_4458,,Analyst,Female,42,37871.0,2246.513751988323,2022-10-17,,No,1,17
E5459,Employee_4459,IT,Manager,Female,27,114605.0,29582.1970175711,2015-09-23,2019-11-07,Yes,5,1
E5460,Employee_4460,IT,Manager,Female,42,116995.0,10976.10879830838,2017-03-21,,No,5,5
E5461,Employee_4461,Marketing,Associate,Female,55,155154.0,32883.76498409662,2017-07-20,2021-10-17,Yes,5,14
E5462,Employee_4462,,Specialist,Female,31,128705.0,26232.18229617602,2021-11-24,,No,3,5
E5463,Employee_4463,,Associate,Male,38,155762.0,30172.26866077402,2019-04-19,,No,3,28
E5464,Employee_4464,Hr,Analyst,Male,29,175707.0,11023.465607886808,2022-04-24,,No,1,22
E5465,Employee_4465,HR,Analyst,Female,27,37988.0,2314.4162800153003,2015-11-05,2019-06-28,Yes,1,10
E5466,Employee_4466,Operations,Analyst,Female,56,83778.0,15970.659697876128,2015-09-05,2016-10-17,Yes,1,21
E5467,Employee_4467,Support,Manager,Female,21,65126.0,6780.596321308722,2017-09-07,2021-10-10,Yes,1,22
E5468,Employee_4468,,Specialist,Female,22,128531.0,13356.400398623007,2021-02-19,,No,2,17
E5469,Employee_4469,Marketing,Specialist,Male,37,152439.0,29519.66942716957,2019-09-24,2021-10-18,Yes,5,29
E5470,Employee_4470,sales,Analyst,Male,48,130403.0,34804.05059503755,2017-01-13,,No,5,3
E5471,Employee_4471,HR,Associate,Male,51,171944.0,21056.067185851218,2019-09-08,2024-06-19,Yes,4,2
E5472,Employee_4472,Operations,Executive,Male,54,92668.0,26262.793329913995,2021-04-22,2022-07-13,Yes,5,8
E5473,Employee_4473,Operations,Executive,Female,31,88438.0,8007.655896612082,2015-11-04,,No,3,6
E5474,Employee_4474,Sales,Executive,Male,32,84034.0,18151.0679875332,2019-03-29,,No,3,0
E5475,Employee_4475,HR,Executive,Female,58,77188.0,15137.366933521851,2018-10-26,2023-09-16,Yes,1,22
E5476,Employee_4476,Marketing,Associate,Female,48,90615.0,13779.902637679997,2015-08-04,,No,5,3
E5477,Employee_4477,sales,Specialist,Male,38,133053.0,10340.899403963558,2019-11-10,,No,3,29
E5478,Employee_4478,Hr,Analyst,Female,56,140998.0,27155.937529433868,2017-01-20,2021-10-17,Yes,2,23
E5479,Employee_4479,Marketing,Associate,Female,32,153892.0,17334.462460439914,2019-08-23,2022-07-06,Yes,1,12
E5480,Employee_4480,Sales,Associate,Male,34,187540.0,40284.791688732264,2017-10-14,,No,2,15
E5481,Employee_4481,HR,Executive,male,44,64902.0,15681.671365806837,2021-10-11,,No,2,1
E5482,Employee_4482,Hr,Associate,Male,38,103679.0,19023.966621306037,2015-01-02,,No,4,6
E5483,Employee_4483,sales,Manager,Female,54,48541.0,7164.583315790489,2020-01-07,,No,3,16
E5484,Employee_4484,,Manager,Female,43,185628.0,52951.9789359614,2016-12-22,2018-05-10,Yes,4,15
E5485,Employee_4485,IT,Analyst,Male,24,196819.0,10137.262990817344,2021-08-21,,No,1,15
E5486,Employee_4486,Hr,Analyst,Female,29,93266.0,8687.803194600801,2021-07-04,2024-05-13,Yes,4,27
E5487,Employee_4487,IT,Specialist,Male,48,145210.0,41093.88611131551,2015-05-02,,No,3,4
E5488,Employee_4488,Sales,Associate,Male,59,147771.0,35160.38636223879,2022-05-30,2025-12-20,Yes,4,13
E5489,Employee_4489,Hr,Associate,Female,22,37421.0,7002.2778248388095,2018-06-20,2023-01-29,Yes,5,20
E5490,Employee_4490,Finance,Manager,Female,48,121360.0,20558.263211192716,2022-12-11,2028-01-11,Yes,2,26
E5491,Employee_4491,Operations,Analyst,Male,31,115322.0,28826.437815649868,2017-01-21,,No,2,4
E5492,Employee_4492,sales,Manager,Female,34,95234.0,11800.887107726403,2022-08-07,,No,2,8
E5493,Employee_4493,Sales,Associate,Female,32,174815.0,12904.05950057852,2021-11-30,2024-08-08,Yes,3,16
E5494,Employee_4494,sales,Executive,Female,33,55530.0,7444.157070062818,2015-05-21,,No,3,13
E5495,Employee_4495,Sales,Manager,Female,28,63783.0,10105.272717215983,2015-12-09,2016-11-21,Yes,2,15
E5496,Employee_4496,HR,Executive,Male,34,55551.0,14155.575824565016,2019-12-29,,No,3,12
E5497,Employee_4497,Operations,Executive,Female,31,111083.0,8893.631938552353,2019-01-08,,No,2,13
E5498,Employee_4498,Sales,Specialist,Male,25,33747.0,2062.571068142346,2022-07-28,2026-01-03,Yes,2,26
E5499,Employee_4499,,Specialist,Male,22,190649.0,38744.568528022355,2015-10-23,,No,2,7
E5500,Employee_4500,Sales,Specialist,Male,38,141709.0,11870.6212804394,2017-06-28,,No,5,15
E5501,Employee_4501,,Manager,Female,57,40879.0,9176.923757390803,2017-03-01,2021-11-22,Yes,5,8
E5502,Employee_4502,HR,Associate,Female,27,,,2015-01-08,,No,4,3
E5503,Employee_4503,HR,Manager,Female,36,83913.0,18089.870650628047,2018-07-09,2023-05-16,Yes,1,13
E5504,Employee_4504,Support,Executive,Female,38,130837.0,16582.98951868742,2022-01-19,,No,3,4
E5505,Employee_4505,,Manager,Female,34,32918.0,4489.068735619745,2015-11-12,,No,5,0
E5506,Employee_4506,IT,Specialist,Male,56,37069.0,9540.56563546583,2021-05-15,,No,4,25
E5507,Employee_4507,IT,Executive,Male,27,187353.0,18427.553572503726,2021-08-02,,No,5,20
E5508,Employee_4508,Finance,Manager,Male,53,90891.0,17383.52504353809,2022-05-10,2024-06-07,Yes,5,28
E5509,Employee_4509,Finance,Specialist,Female,46,77358.0,22655.15564682555,2015-10-07,,No,5,1
E5510,Employee_4510,Finance,Analyst,Female,54,118915.0,14574.55596225042,2021-06-03,,No,4,8
E5511,Employee_4511,Marketing,Analyst,Male,38,174741.0,52350.40942614298,2021-08-22,,No,1,9
E5512,Employee_4512,Finance,Manager ,Male,45,46552.0,12104.988249058775,2019-09-03,,No,1,18
E5513,Employee_4513,,Specialist,Female,30,120802.0,25341.696434936253,2021-11-09,2023-05-15,Yes,4,25
E5514,Employee_4514,Sales,Specialist,Female,59,69109.0,16437.13102615669,2016-07-04,,No,4,21
E5515,Employee_4515,Finance,Executive,Female,23,95524.0,21918.42149931657,2017-06-12,,No,5,1
E5516,Employee_4516,Sales,Specialist,Female,55,192348.0,32469.22442966299,2019-10-31,2023-10-31,Yes,5,16
E5517,Employee_4517,Operations,Manager,Male,23,72852.0,6421.330577382117,2016-08-01,2022-01-07,Yes,5,8
E5518,Employee_4518,Finance,Executive,Female,50,52614.0,12140.35420781564,2015-08-10,2017-04-13,Yes,2,0
E5519,Employee_4519,Finance,Associate,Male,40,,,2021-01-13,,No,5,20
E5520,Employee_4520,Marketing,Executive,female,21,35362.0,10261.665937467096,2019-03-07,,No,5,13
E5521,Employee_4521,IT,Analyst,Female,57,34258.0,3794.614703708908,2021-12-19,,No,1,13
E5522,Employee_4522,Hr,Specialist,Male,26,81696.0,4459.577876698405,2020-12-16,,No,5,8
E5523,Employee_4523,Support,Executive,Male,51,123219.0,12647.923723640593,2017-02-03,,No,5,22
E5524,Employee_4524,Finance,Manager,Female,51,161839.0,25269.24419709824,2019-02-01,,No,3,25
E5525,Employee_4525,Marketing,Specialist,Male,46,149571.0,18671.56330956764,2023-03-09,,No,5,8
E5526,Employee_4526,Finance,Manager,Male,43,181630.0,48571.1827550261,2021-12-31,,No,3,21
E5527,Employee_4527,Support,Specialist,Male,22,76589.0,15248.363085071549,2015-10-14,2019-08-13,Yes,3,6
E5528,Employee_4528,Sales,Executive,Male,24,144365.0,40208.09567807602,2015-09-07,,No,1,29
E5529,Employee_4529,Marketing,Executive,Female,33,192244.0,34525.01663673724,2022-11-24,,No,3,1
E5530,Employee_4530,Support,Executive,Male,49,81534.0,8819.312027250755,2019-06-18,2022-01-21,Yes,2,18
E5531,Employee_4531,Marketing,Specialist ,Female,47,180261.0,46486.44063561565,2017-11-21,,No,4,20
E5532,Employee_4532,,Manager,Female,34,183306.0,19259.32686887688,2021-07-20,2025-02-14,Yes,1,6
E5533,Employee_4533,HR,Associate,Female,25,45233.0,7888.862103707439,2019-08-20,,No,5,9
E5534,Employee_4534,Marketing,Executive,Male,24,196088.0,10697.288224347423,2020-12-27,,No,2,3
E5535,Employee_4535,Sales,Manager,Male,48,38136.0,10560.29949993274,2020-08-01,,No,5,1
E5536,Employee_4536,HR,Analyst,Male,39,44852.0,5811.980613999925,2022-09-14,,No,2,9
E5537,Employee_4537,Operations,Analyst,Female,44,54272.0,5172.729060369211,2022-10-03,2027-09-07,Yes,4,20
E5538,Employee_4538,Sales,Associate,Female,42,49268.0,12899.08062452145,2021-04-16,2023-08-24,Yes,1,26
E5539,Employee_4539,Finance,Specialist,Male,32,64037.0,15287.250103481856,2017-10-06,,No,4,29
E5540,Employee_4540,sales,Analyst,Male,53,173907.0,27307.867145063665,2017-11-19,,No,2,20
E5541,Employee_4541,Marketing,Manager,Male,57,189352.0,24268.419476908708,2019-09-16,,No,5,28
E5542,Employee_4542,sales,Associate,Female,37,128145.0,33064.239367302514,2017-01-06,,No,4,8
E5543,Employee_4543,Support,Manager,Female,22,183722.0,25965.410195942837,2020-12-30,,No,3,9
E5544,Employee_4544,Sales,Executive,Female,23,53038.0,3913.8191810634985,2020-10-05,,No,2,20
E5545,Employee_4545,Finance,Specialist,Male,43,99963.0,21139.761884517327,2015-12-07,,No,5,16
E5546,Employee_4546,IT,Executive,Female,57,166455.0,9773.045850429342,2021-02-07,,No,4,26
E5547,Employee_4547,Finance,Executive,Female,30,110325.0,6837.337304598412,2015-03-28,,No,2,4
E5548,Employee_4548,Marketing,Associate,Male,48,54783.0,9725.419740956077,2020-01-25,,No,4,4
E5549,Employee_4549,Marketing,Specialist,Male,41,163280.0,30380.065428551152,2019-03-07,,No,3,27
E5550,Employee_4550,Support,Manager,Male,35,54320.0,10697.131627871348,2022-02-22,,No,3,27
E5551,Employee_4551,Sales,Manager,Female,29,44743.0,11827.853213685177,2019-09-16,,No,5,8
E5552,Employee_4552,HR,Specialist,Male,23,101509.0,17956.19654057094,2020-09-17,,No,1,22
E5553,Employee_4553,Marketing,Specialist,Female,45,119403.0,30780.769655237877,2018-09-27,2019-12-10,Yes,2,28
E5554,Employee_4554,,Specialist,Male,40,133139.0,36628.202677294175,2022-09-13,2027-03-05,Yes,4,14
E5555,Employee_4555,,Specialist,Male,52,108121.0,10141.691799521059,2015-10-31,,No,3,21
E5556,Employee_4556,Marketing,Analyst,Female,47,56568.0,11419.407862363914,2022-05-18,,No,1,4
E5557,Employee_4557,Hr,Manager,Male,27,60796.0,13811.784512999513,2019-12-19,,No,2,2
E5558,Employee_4558,Support,Manager,Male,37,119362.0,17813.932892271678,2018-08-08,2022-09-10,Yes,5,27
E5559,Employee_4559,HR,Specialist,Male,36,143312.0,9725.549562486289,2017-07-14,,No,1,1
E5560,Employee_4560,Finance,Associate,Female,22,146327.0,12191.106182256774,2018-12-16,2023-02-23,Yes,4,17
E5561,Employee_4561,Hr,Manager,Male,25,158238.0,31002.644967411714,2015-11-28,,No,3,11
E5562,Employee_4562,Operations,Executive,Female,32,67879.0,13732.572584466629,2015-06-27,,No,4,17
E5563,Employee_4563,sales,Manager,Male,23,100031.0,26799.192773225564,2019-07-14,2024-09-29,Yes,4,26
E5564,Employee_4564,Hr,Executive,Male,22,51366.0,13705.526020645033,2020-07-15,,No,2,24
E5565,Employee_4565,Marketing,Manager,Female,57,196041.0,37357.484390559526,2016-04-30,,No,4,1
E5566,Employee_4566,IT,Specialist,Female,22,176575.0,22642.13591023634,2016-02-11,,No,5,20
E5567,Employee_4567,,Analyst,Male,59,82632.0,5944.576539784826,2018-06-26,,No,1,12
E5568,Employee_4568,Finance,Specialist,Male,35,88926.0,24726.951860948182,2016-12-07,,No,3,24
E5569,Employee_4569,Hr,Associate,Male,32,143732.0,11389.33377862345,2015-06-02,,No,1,24
E5570,Employee_4570,Marketing,Manager,Male,55,82238.0,17020.62988015586,2015-03-15,2018-02-02,Yes,3,28
E5571,Employee_4571,Hr,Specialist,Female,58,124994.0,14712.919923933012,2019-04-29,,No,1,25
E5572,Employee_4572,Marketing,Manager,Male,45,51645.0,5679.323944729221,2016-10-07,,No,2,14
E5573,Employee_4573,HR,Analyst,Male,51,39271.0,4114.5681955640575,2015-08-18,,No,5,25
E5574,Employee_4574,,Analyst,Male,57,125011.0,24890.330613359194,2019-12-24,,No,2,21
E5575,Employee_4575,sales,Associate,Female,22,94747.0,18558.486549567016,2021-09-01,,No,2,18
E5576,Employee_4576,Marketing,Associate,Female,21,185934.0,44232.00807770197,2020-04-07,,No,3,25
E5577,Employee_4577,Support,Analyst,Female,45,98309.0,11810.796985286173,2022-09-02,2025-12-07,Yes,1,15
E5578,Employee_4578,sales,Associate,female,50,89229.0,23237.241393143086,2021-03-06,2024-10-18,Yes,4,17
E5579,Employee_4579,Sales,Manager,Female,35,71022.0,13391.459377844423,2018-11-28,2020-01-26,Yes,1,3
E5580,Employee_4580,,Analyst,Male,33,124525.0,30370.55287754076,2021-11-08,,No,5,23
E5581,Employee_4581,Finance,Manager,Female,50,45739.0,7770.949747368917,2015-08-13,2020-03-19,Yes,2,23
E5582,Employee_4582,Sales,Manager,Female,53,54307.0,4285.673849832845,2022-03-05,2024-01-22,Yes,1,8
E5583,Employee_4583,IT,Executive,Male,26,43587.0,5280.64363547632,2016-05-22,2018-01-16,Yes,2,28
E5584,Employee_4584,IT,Associate,Female,24,43696.0,2385.818583326293,2020-02-17,,No,3,9
E5585,Employee_4585,,Executive,Male,49,42568.0,11277.997788419789,2018-04-30,,No,5,11
E5586,Employee_4586,Finance,Analyst,Male,48,50908.0,8295.625048935786,2022-02-07,,No,4,17
E5587,Employee_4587,,Executive,Female,45,124957.0,14799.152928574822,2016-09-28,,No,3,11
E5588,Employee_4588,Marketing,Manager,Female,57,147982.0,42057.42678691857,2023-02-11,,No,3,22
E5589,Employee_4589,HR,Associate,Female,41,84822.0,25121.42414268038,2020-08-14,,No,4,3
E5590,Employee_4590,HR,Executive,Female,42,128834.0,38307.3410047347,2020-02-03,,No,1,21
E5591,Employee_4591,IT,Analyst,Male,21,143802.0,16767.13044998217,2015-05-07,,No,5,6
E5592,Employee_4592,IT,Executive,Female,58,129031.0,28737.657224979932,2019-11-21,2022-05-20,Yes,5,29
E5593,Employee_4593,Finance,Specialist,Male,42,88852.0,23470.591845241575,2022-01-04,,No,4,8
E5594,Employee_4594,Support,Executive,Male,56,97713.0,15657.907032815983,2022-12-09,,No,1,8
E5595,Employee_4595,Support,Manager,Female,25,163592.0,33842.64007682817,2015-11-15,,No,1,24
E5596,Employee_4596,Finance,Analyst,Male,37,44020.0,2897.110609771588,2019-09-13,,No,3,9
E5597,Employee_4597,Operations,Analyst,Female,37,135656.0,8267.687885598138,2018-02-09,,No,4,7
E5598,Employee_4598,,Specialist,Female,21,47259.0,7139.784545336986,2018-02-26,,No,1,2
E5599,Employee_4599,,Manager,Female,32,160196.0,9139.868269408047,2016-10-14,,No,5,8
E5600,Employee_4600,sales,Associate ,Female,38,152262.0,27730.446092461123,2022-10-12,,No,4,5
E5601,Employee_4601,,Associate,Female,55,190024.0,52780.38866936218,2015-11-20,2018-08-06,Yes,3,9
E5602,Employee_4602,Hr,Associate,Female,42,78478.0,17053.34797522964,2021-02-12,,No,4,18
E5603,Employee_4603,Finance,Manager,Male,50,49328.0,8262.317775310812,2016-09-30,,No,4,20
E5604,Employee_4604,Support,Manager,Female,42,170225.0,33522.33619795905,2017-07-05,,No,1,18
E5605,Employee_4605,Operations,Executive,Female,47,114388.0,18009.670940519743,2021-02-13,2025-10-09,Yes,2,0
E5606,Employee_4606,,Associate,Male,45,165038.0,42420.95509700318,2017-07-10,2020-12-20,Yes,3,22
E5607,Employee_4607,Sales,Analyst,Female,37,93534.0,12870.099147862991,2017-07-28,,No,4,6
E5608,Employee_4608,Finance,Manager,Male,47,82924.0,17554.646763764773,2022-11-07,2027-10-22,Yes,4,29
E5609,Employee_4609,sales,Executive,Male,22,197831.0,33448.53690279331,2021-09-13,,No,4,1
E5610,Employee_4610,sales,Associate,Female,45,155373.0,40678.10947677216,2018-05-10,2022-05-09,Yes,3,14
E5611,Employee_4611,Operations,Specialist,Female,53,66091.0,15681.008616616473,2015-04-10,,No,4,8
E5612,Employee_4612,Hr,Executive,Female,58,167858.0,10553.051344035352,2015-01-18,2016-11-18,Yes,3,6
E5613,Employee_4613,Operations,Specialist,Male,55,116395.0,25988.415443994934,2022-12-09,,No,4,18
E5614,Employee_4614,Operations,Associate,Female,36,114436.0,29419.385574467364,2018-01-30,,No,5,26
E5615,Employee_4615,sales,Associate,Male,44,84756.0,22342.11405438237,2023-01-03,,No,4,6
E5616,Employee_4616,,Analyst,Male,32,148877.0,42228.48767387371,2016-08-28,2021-01-26,Yes,3,3
E5617,Employee_4617,Hr,Specialist,Female,28,117943.0,27791.41513787124,2022-06-26,,No,4,2
E5618,Employee_4618,,Associate,Female,47,182627.0,21831.867116267687,2016-03-21,2017-05-31,Yes,5,10
E5619,Employee_4619,Support,Executive,Female,44,162139.0,32605.104545394064,2017-07-25,2019-02-03,Yes,2,13
E5620,Employee_4620,HR,Specialist,Female,57,61411.0,8673.974287181552,2022-09-17,,No,4,18
E5621,Employee_4621,sales,Executive,Female,44,,,2021-11-20,,No,4,20
E5622,Employee_4622,Operations,Specialist,Female,23,87852.0,21186.10040764346,2015-11-05,,No,4,16
E5623,Employee_4623,IT,Associate,Female,35,30678.0,2675.1377606216965,2017-01-11,,No,3,11
E5624,Employee_4624,sales,Analyst,Female,52,128202.0,26514.629969438578,2018-04-15,,No,4,28
E5625,Employee_4625,HR,Associate,Female,29,150618.0,23575.913080422728,2017-07-13,,No,5,2
E5626,Employee_4626,Operations,Analyst,Male,30,158934.0,42028.78878440744,2017-02-26,2018-10-17,Yes,5,20
E5627,Employee_4627,Support,Executive,Male,32,188865.0,54555.775750221685,2020-07-31,,No,1,28
E5628,Employee_4628,Hr,Analyst,Male,56,189705.0,20804.904992401116,2018-05-11,2019-11-23,Yes,3,23
E5629,Employee_4629,Marketing,Specialist,Female,38,137915.0,15279.863975700231,2019-12-24,,No,4,16
E5630,Employee_4630,HR,Manager,male,41,154790.0,17550.81239283579,2016-09-12,,No,3,26
E5631,Employee_4631,sales,Manager,Female,43,140239.0,8644.663971009586,2021-03-17,,No,2,16
E5632,Employee_4632,Operations,Analyst,Female,40,,,2017-11-26,2019-06-30,Yes,5,12
E5633,Employee_4633,sales,Manager,Male,43,30944.0,7703.100399459651,2022-01-22,,No,2,1
E5634,Employee_4634,Marketing,Manager,Female,34,74278.0,12684.845729637862,2015-03-30,,No,4,10
E5635,Employee_4635,IT,Associate,Male,35,38146.0,10617.521377791481,2015-05-23,,No,5,8
E5636,Employee_4636,Operations,Specialist,Female,25,136455.0,32297.188804657937,2015-07-07,2020-12-17,Yes,5,17
E5637,Employee_4637,Operations,Executive,Female,49,,,2020-03-06,,No,1,19
E5638,Employee_4638,,Associate,Female,34,155553.0,22258.82497295061,2015-08-20,2020-10-04,Yes,1,12
E5639,Employee_4639,Support,Associate,Female,55,122997.0,26715.48940107963,2022-06-10,,No,1,9
E5640,Employee_4640,IT,Specialist,Male,38,69253.0,15263.837285977404,2017-08-09,,No,5,16
E5641,Employee_4641,,Executive,Female,34,35337.0,7592.49510853994,2018-12-30,,No,2,6
E5642,Employee_4642,Support,Analyst,Female,27,49884.0,14545.06085059728,2021-05-20,,No,4,16
E5643,Employee_4643,,Specialist,Female,38,188328.0,11280.081153538327,2018-02-16,,No,5,25
E5644,Employee_4644,Support,Executive,Male,39,51487.0,4987.805008741804,2021-11-10,2023-04-11,Yes,1,20
E5645,Employee_4645,HR,Analyst,Female,31,58994.0,9450.092531380196,2021-12-09,,No,4,0
E5646,Employee_4646,Marketing,Executive,Male,47,118635.0,28120.04239219032,2018-08-27,2020-11-24,Yes,5,23
E5647,Employee_4647,Marketing,Analyst,Male,37,33234.0,7170.2014052302675,2020-05-05,,No,3,6
E5648,Employee_4648,,Associate,Male,40,173618.0,45077.18745456984,2016-09-11,2021-04-03,Yes,2,20
E5649,Employee_4649,Marketing,Specialist,Female,35,189717.0,31044.50267432936,2016-06-26,,No,5,25
E5650,Employee_4650,HR,Analyst,Male,25,45032.0,11189.375736693833,2018-11-29,2021-11-15,Yes,4,18
E5651,Employee_4651,Finance,Manager,Male,56,187139.0,30805.46827374135,2018-03-08,,No,1,2
E5652,Employee_4652,Sales,Associate,Female,57,73475.0,4362.319991258594,2021-01-09,,No,5,25
E5653,Employee_4653,Operations,Manager,Male,36,147615.0,23548.459630956742,2015-10-06,2017-04-20,Yes,1,23
E5654,Employee_4654,Marketing,Manager,Male,45,,,2021-05-30,2026-02-11,Yes,3,13
E5655,Employee_4655,Hr,Specialist,Female,29,39363.0,9812.878754526848,2018-02-02,,No,4,3
E5656,Employee_4656,Support,Analyst,Male,46,140383.0,30929.13098029564,2022-03-05,,No,1,29
E5657,Employee_4657,Hr,Analyst,Male,37,146665.0,26465.311000042395,2016-03-22,,No,1,12
E5658,Employee_4658,Hr,Associate,Female,54,186284.0,38905.392791359736,2015-04-29,,No,2,20
E5659,Employee_4659,Support,Analyst,Male,32,191657.0,17373.051188395762,2016-01-30,,No,2,0
E5660,Employee_4660,IT,Analyst,Male,48,175219.0,18992.46479621281,2019-06-18,,No,4,26
E5661,Employee_4661,Operations,Executive,Female,27,171845.0,17619.168447649918,2015-03-30,,No,2,19
E5662,Employee_4662,Hr,Specialist ,Male,34,115472.0,10313.481195136133,2021-11-06,,No,4,16
E5663,Employee_4663,IT,Associate,Female,35,83798.0,6844.00491125933,2018-11-10,2022-01-30,Yes,3,20
E5664,Employee_4664,Marketing,Analyst,Female,43,98486.0,25964.238434227802,2020-05-21,2025-07-16,Yes,1,11
E5665,Employee_4665,Hr,Specialist,Male,50,174129.0,8857.439834902652,2021-12-20,,No,5,11
E5666,Employee_4666,Marketing,Executive,Female,23,108868.0,17591.273178038606,2019-05-06,,No,2,8
E5667,Employee_4667,Support,Manager,Female,30,59811.0,3285.961451233078,2017-12-10,,No,2,16
E5668,Employee_4668,IT,Manager,Female,45,122732.0,25284.58519973739,2020-06-17,2023-08-21,Yes,1,29
E5669,Employee_4669,Operations,Executive,Female,41,87167.0,13439.479561695447,2017-08-27,,No,1,21
E5670,Employee_4670,HR,Executive,Male,26,164702.0,25262.34270989895,2022-01-13,2027-04-17,Yes,5,18
E5671,Employee_4671,Marketing,Associate,Female,40,92787.0,5424.429409120459,2021-01-13,,No,3,14
E5672,Employee_4672,Finance,Associate,Male,43,170445.0,24514.58628363658,2021-12-13,,No,3,23
E5673,Employee_4673,Operations,Executive,Male,44,190100.0,17652.3600344934,2015-01-08,,No,4,15
E5674,Employee_4674,IT,Associate,Female,52,148562.0,43615.791112568906,2021-11-26,,No,4,16
E5675,Employee_4675,Marketing,Associate,female,58,120800.0,31322.70262591253,2015-04-20,,No,1,0
E5676,Employee_4676,HR,Specialist,Male,25,41110.0,9948.285945359941,2016-10-10,,No,4,28
E5677,Employee_4677,Marketing,Executive,Female,40,143102.0,25067.072689703316,2019-03-08,,No,5,22
E5678,Employee_4678,Marketing,Associate,Female,29,156226.0,21511.249450474017,2017-12-09,,No,3,1
E5679,Employee_4679,,Specialist,Female,22,116170.0,24407.494650639637,2019-02-12,,No,3,7
E5680,Employee_4680,Support,Executive,Female,38,142794.0,36774.572917330035,2017-11-08,,No,1,6
E5681,Employee_4681,Hr,Manager,Male,51,171956.0,41928.41756220682,2020-01-02,,No,4,23
E5682,Employee_4682,Sales,Manager,Female,33,116780.0,33883.49184396115,2017-01-06,,No,4,4
E5683,Employee_4683,,Manager,female,44,54802.0,6666.074509300318,2015-04-19,2016-03-18,Yes,2,2
E5684,Employee_4684,,Executive,Female,50,78742.0,7345.616001232792,2019-07-11,,No,4,21
E5685,Employee_4685,Sales,Specialist,Male,49,159417.0,45259.257731961385,2020-08-22,,No,2,4
E5686,Employee_4686,Marketing,Specialist,Male,52,159044.0,28676.885853868564,2018-09-11,,No,5,18
E5687,Employee_4687,Hr,Analyst,Female,37,43536.0,7577.287709888093,2016-09-09,,No,4,1
E5688,Employee_4688,Sales,Manager,Male,30,114607.0,7091.142652041726,2017-08-18,,No,1,19
E5689,Employee_4689,Finance,Analyst,Female,46,110398.0,15081.729599518352,2022-03-09,2024-10-26,Yes,2,20
E5690,Employee_4690,,Specialist,Male,44,154390.0,23441.9504743888,2018-07-19,,No,5,9
E5691,Employee_4691,Finance,Analyst,Female,52,143771.0,13582.404606104252,2015-06-01,,No,5,10
E5692,Employee_4692,HR,Specialist,Male,35,115545.0,12419.856492437659,2018-02-18,,No,3,22
E5693,Employee_4693,HR,Specialist,Female,36,110171.0,22724.244296929563,2017-10-03,,No,1,2
E5694,Employee_4694,IT,Specialist,Male,57,148501.0,35731.24497629514,2022-09-25,,No,5,18
E5695,Employee_4695,Operations,Associate,Male,48,118966.0,34322.29928314447,2019-09-23,,No,5,15
E5696,Employee_4696,sales,Manager,Female,56,71988.0,6079.382497475702,2015-08-31,2020-10-29,Yes,4,24
E5697,Employee_4697,HR,Manager,Male,53,,,2016-02-29,,No,2,10
E5698,Employee_4698,Sales,Associate,Female,46,38484.0,4357.491313663001,2016-06-12,2018-04-22,Yes,4,28
E5699,Employee_4699,IT,Manager,Male,45,106206.0,27030.152473346137,2021-06-22,,No,4,5
E5700,Employee_4700,HR,Analyst,Female,40,83100.0,8943.585927442233,2018-12-25,2021-01-21,Yes,3,22
E5701,Employee_4701,Operations,Specialist,Female,34,107606.0,29443.11672416342,2018-12-25,,No,5,14
E5702,Employee_4702,IT,Manager,Female,56,145155.0,17128.40089592294,2017-05-26,,No,2,9
E5703,Employee_4703,Finance,Executive,Male,43,117825.0,33061.63689555884,2018-02-23,2020-12-29,Yes,5,29
E5704,Employee_4704,Sales,Associate,Female,33,36195.0,6189.840894263683,2017-03-24,2018-07-05,Yes,1,2
E5705,Employee_4705,Operations,Specialist ,Male,21,113636.0,23139.66117088281,2020-11-06,,No,5,23
E5706,Employee_4706,sales,Analyst,Female,25,194196.0,34911.93466153071,2019-05-16,2021-03-16,Yes,1,29
E5707,Employee_4707,Hr,Specialist,Female,25,136154.0,25124.928981839603,2018-05-17,,No,1,24
E5708,Employee_4708,HR,Manager,Female,36,107232.0,17002.378245627595,2019-06-17,,No,3,12
E5709,Employee_4709,,Specialist,Female,44,51497.0,14591.822096906633,2017-12-05,2018-09-07,Yes,1,8
E5710,Employee_4710,Sales,Associate,Female,21,162955.0,48769.79264751971,2022-09-13,,No,1,2
E5711,Employee_4711,HR,Analyst,Female,58,100713.0,26585.733389794477,2022-10-21,2024-09-29,Yes,4,1
E5712,Employee_4712,Support,Analyst,Female,46,48217.0,7078.612160170176,2016-01-07,,No,4,18
E5713,Employee_4713,Operations,Analyst,Female,42,,,2020-12-27,,No,3,22
E5714,Employee_4714,IT,Analyst,Female,38,154272.0,40377.74238965858,2022-04-28,2027-07-12,Yes,3,5
E5715,Employee_4715,Hr,Analyst,Female,32,135469.0,18530.147386958055,2020-05-12,,No,3,25
E5716,Employee_4716,Hr,Analyst,Female,21,53631.0,8829.787490932491,2022-04-24,,No,5,8
E5717,Employee_4717,IT,Analyst,Female,25,185507.0,14967.676188691632,2015-10-04,2021-02-14,Yes,3,19
E5718,Employee_4718,Marketing,Specialist,Female,42,137494.0,13917.391155436744,2018-04-29,,No,1,11
E5719,Employee_4719,Support,Manager,Male,23,165097.0,34453.96578714189,2020-12-21,,No,5,28
E5720,Employee_4720,Support,Executive,Male,31,133116.0,34374.48737784268,2019-08-29,2021-12-02,Yes,1,14
E5721,Employee_4721,HR,Analyst,Male,33,41788.0,12328.111008850961,2020-05-31,,No,4,11
E5722,Employee_4722,Support,Analyst,Male,37,85674.0,23870.385058053867,2017-11-15,,No,5,13
E5723,Employee_4723,Marketing,Analyst,Female,57,68741.0,13606.438987275156,2016-04-20,,No,1,21
E5724,Employee_4724,IT,Associate,Female,23,116549.0,10447.076103387473,2015-03-26,,No,1,12
E5725,Employee_4725,Sales,Manager,Male,30,40622.0,11259.595073455423,2021-07-16,2025-05-16,Yes,2,7
E5726,Employee_4726,IT,Specialist,Male,27,146909.0,21326.085426410722,2015-01-21,,No,3,17
E5727,Employee_4727,Finance,Executive,Male,34,44665.0,8769.197163379906,2022-09-29,,No,3,16
E5728,Employee_4728,HR,Manager,male,43,,,2016-03-13,,No,3,22
E5729,Employee_4729,Sales,Specialist,Male,59,149292.0,27760.000497831043,2022-04-18,,No,2,15
E5730,Employee_4730,Marketing,Associate,Male,38,184957.0,48869.706336490046,2021-01-08,,No,5,3
E5731,Employee_4731,Support,Specialist,Male,39,176528.0,48500.67328569101,2015-02-16,2017-12-01,Yes,1,10
E5732,Employee_4732,Hr,Analyst,Female,43,45930.0,12769.39844347113,2022-03-30,,No,2,17
E5733,Employee_4733,sales,Executive,Female,27,108880.0,30997.36325181169,2022-11-02,,No,5,21
E5734,Employee_4734,Finance,Analyst,Female,39,84669.0,8327.714981368434,2019-10-27,2022-05-08,Yes,1,25
E5735,Employee_4735,IT,Associate,Male,30,83602.0,7242.562896340497,2017-03-21,,No,3,15
E5736,Employee_4736,IT,Executive,Female,28,145458.0,22047.091214306165,2022-12-03,,No,5,18
E5737,Employee_4737,Sales,Manager,Female,57,34852.0,7645.0085489019075,2019-01-13,2020-08-11,Yes,1,20
E5738,Employee_4738,Hr,Associate,male,26,38209.0,6177.131770986555,2019-08-20,,No,3,24
E5739,Employee_4739,Operations,Executive,Female,24,119484.0,18908.88421231642,2019-05-06,2021-01-12,Yes,4,8
E5740,Employee_4740,Hr,Specialist,Female,28,84612.0,16375.004649601884,2021-03-18,,No,1,12
E5741,Employee_4741,Support,Manager,Male,38,125039.0,25445.91836575101,2016-06-17,,No,3,9
E5742,Employee_4742,IT,Manager,Female,30,57400.0,7669.796726580214,2023-03-07,,No,1,16
E5743,Employee_4743,Operations,Analyst,Male,28,122465.0,15374.600940170521,2017-01-01,2018-10-16,Yes,2,0
E5744,Employee_4744,Marketing,Manager,Female,48,158500.0,16744.459534812166,2018-05-01,,No,1,19
E5745,Employee_4745,HR,Specialist,Female,55,106759.0,20524.306579282314,2021-08-01,2023-09-12,Yes,2,2
E5746,Employee_4746,Operations,Associate,Male,55,179651.0,19201.832362059526,2017-09-28,,No,3,14
E5747,Employee_4747,,Analyst,Male,43,143417.0,17029.302683948168,2017-11-29,,No,1,7
E5748,Employee_4748,Hr,Executive,Female,32,96512.0,24639.33887379728,2023-01-10,2026-09-27,Yes,2,20
E5749,Employee_4749,Marketing,Executive,Female,41,69170.0,9319.070105283778,2017-04-26,,No,5,20
E5750,Employee_4750,Operations,Associate,Male,40,164842.0,43937.72523995343,2015-08-21,,No,1,18
E5751,Employee_4751,Operations,Analyst,Female,45,74659.0,16230.178760177678,2016-03-26,,No,3,8
E5752,Employee_4752,HR,Analyst,Female,49,112164.0,27916.926255223294,2016-09-30,,No,2,26
E5753,Employee_4753,Support,Specialist,Male,46,105195.0,26302.377712269685,2017-03-24,2018-06-12,Yes,3,19
E5754,Employee_4754,HR,Specialist,Female,42,48358.0,5925.712369848613,2018-10-19,,No,2,11
E5755,Employee_4755,Marketing,Associate,Female,51,111254.0,11981.990574412526,2021-12-11,,No,5,10
E5756,Employee_4756,sales,Specialist,Female,56,74857.0,18030.443965820457,2022-01-10,,No,1,26
E5757,Employee_4757,Hr,Associate,Male,36,73327.0,8325.970420959338,2021-05-01,,No,4,8
E5758,Employee_4758,IT,Specialist,Male,32,45322.0,6713.408387792668,2015-08-06,,No,2,25
E5759,Employee_4759,Hr,Analyst,Female,37,87631.0,14890.407498536955,2020-12-23,,No,2,23
E5760,Employee_4760,Support,Specialist,Female,47,,,2019-01-22,,No,2,18
E5761,Employee_4761,Marketing,Manager,Male,29,64604.0,16121.177423624229,2019-04-18,,No,3,12
E5762,Employee_4762,sales,Executive,Female,34,34720.0,3390.071565680194,2015-12-19,,No,5,29
E5763,Employee_4763,Hr,Executive,Female,40,60029.0,15659.911634638212,2017-07-16,,No,3,25
E5764,Employee_4764,Marketing,Analyst,Female,38,65308.0,11948.83467600532,2016-05-09,,No,4,8
E5765,Employee_4765,,Manager,Male,23,180780.0,28203.05598876938,2015-01-30,,No,1,16
E5766,Employee_4766,Support,Associate,Female,33,119064.0,25445.433333009823,2015-09-01,,No,5,27
E5767,Employee_4767,HR,Executive,Female,39,65030.0,10268.162387791614,2015-01-25,,No,1,5
E5768,Employee_4768,Support,Manager,Female,55,133426.0,7354.389788496026,2021-10-28,,No,4,11
E5769,Employee_4769,Operations,Associate,Male,58,177407.0,45166.62709197411,2021-08-02,2025-09-25,Yes,5,2
E5770,Employee_4770,IT,Executive,Male,57,,,2023-02-12,2028-02-13,Yes,4,29
E5771,Employee_4771,IT,Analyst,Male,56,48426.0,12019.705500303784,2017-02-17,2020-09-20,Yes,4,18
E5772,Employee_4772,Support,Associate,Female,43,35150.0,5539.973982219635,2020-01-26,,No,5,2
E5773,Employee_4773,Marketing,Specialist,Female,54,132300.0,29725.683447846193,2022-03-11,2024-06-27,Yes,3,15
E5774,Employee_4774,HR,Manager,male,54,192003.0,25213.65200075865,2020-12-12,2024-07-30,Yes,1,13
E5775,Employee_4775,HR,Manager,Female,55,133293.0,10350.553387007834,2020-02-19,,No,5,25
E5776,Employee_4776,HR,Analyst,Male,48,,,2019-08-04,,No,3,14
E5777,Employee_4777,HR,Specialist,Female,44,43376.0,11980.12372661964,2016-08-25,,No,2,25
E5778,Employee_4778,Finance,Specialist,Female,46,135116.0,14200.33707522318,2018-01-18,,No,5,0
E5779,Employee_4779,Support,Analyst,Female,25,84654.0,16537.25985441674,2018-01-05,,No,1,12
E5780,Employee_4780,Operations,Executive,Male,45,60593.0,4277.292163164786,2015-01-25,2017-02-08,Yes,4,18
E5781,Employee_4781,sales,Executive,Male,50,123220.0,23628.20243642002,2018-09-08,,No,1,25
E5782,Employee_4782,IT,Executive,Female,35,83165.0,10380.089894616665,2022-11-03,,No,4,3
E5783,Employee_4783,HR,Analyst,male,39,170631.0,48653.6918055503,2016-07-05,,No,3,7
E5784,Employee_4784,Finance,Specialist,Male,25,129364.0,13871.905185127931,2019-10-27,,No,3,9
E5785,Employee_4785,Marketing,Specialist,Female,55,127216.0,22221.999799959394,2016-08-18,,No,3,6
E5786,Employee_4786,HR,Manager,Female,50,75820.0,8261.777724365684,2016-03-26,2021-09-14,Yes,3,12
E5787,Employee_4787,sales,Manager,Male,57,117448.0,20859.308285809497,2021-01-31,,No,1,4
E5788,Employee_4788,Finance,Specialist,Female,52,146445.0,15435.568678410025,2022-10-28,,No,5,4
E5789,Employee_4789,Hr,Manager,Male,43,97145.0,26261.304018772604,2018-05-08,,No,4,2
E5790,Employee_4790,IT,Executive ,Female,39,106479.0,31575.732193650365,2021-06-10,,No,5,9
E5791,Employee_4791,HR,Associate,Male,36,105475.0,18843.446038950726,2021-01-19,,No,2,20
E5792,Employee_4792,,Executive,Female,56,78703.0,8179.671467528716,2016-06-13,,No,2,23
E5793,Employee_4793,Finance,Manager,Female,58,34418.0,8347.142686797379,2015-12-13,,No,2,2
E5794,Employee_4794,,Manager,Female,37,193061.0,11872.402804151558,2020-01-06,,No,3,18
E5795,Employee_4795,sales,Associate,Female,25,176628.0,38287.13131334418,2020-09-27,,No,4,24
E5796,Employee_4796,Marketing,Associate,Male,55,109364.0,12434.709342027394,2022-09-09,,No,2,23
E5797,Employee_4797,Sales,Manager,Female,33,193301.0,46521.38555677297,2019-03-17,,No,3,6
E5798,Employee_4798,Support,Executive,Male,30,174446.0,41336.391008911865,2019-11-25,,No,2,15
E5799,Employee_4799,IT,Associate,Male,47,197534.0,55389.23599536984,2022-03-08,,No,1,8
E5800,Employee_4800,Support,Specialist,Male,31,131701.0,25681.911495120465,2017-06-29,2019-04-02,Yes,2,11
E5801,Employee_4801,Finance,Analyst,Female,24,151144.0,37788.534543219874,2019-06-04,,No,3,21
E5802,Employee_4802,Support,Manager,Male,44,95446.0,23771.154849420633,2022-07-24,,No,4,3
E5803,Employee_4803,HR,Executive,Male,37,182931.0,12054.6060490772,2021-11-29,2022-07-08,Yes,3,3
E5804,Employee_4804,HR,Associate,Female,49,73702.0,16701.899229800656,2017-06-28,,No,2,5
E5805,Employee_4805,sales,Specialist,Female,57,,,2021-07-18,,No,3,22
E5806,Employee_4806,,Associate,Male,42,70643.0,16578.695370795132,2019-06-20,,No,2,28
E5807,Employee_4807,,Associate,Female,30,123644.0,26939.795449120647,2015-09-30,,No,2,16
E5808,Employee_4808,Marketing,Specialist,Male,46,154790.0,10392.05106070444,2015-09-18,,No,1,8
E5809,Employee_4809,sales,Analyst,female,48,89484.0,26141.086902537478,2017-04-02,,No,4,4
E5810,Employee_4810,Hr,Manager,Female,59,182382.0,15571.10494719804,2018-06-08,,No,2,7
E5811,Employee_4811,,Associate,Male,37,92052.0,26507.234901247015,2021-04-21,,No,3,27
E5812,Employee_4812,Support,Associate ,Female,33,173088.0,45087.722598348744,2015-04-16,,No,5,29
E5813,Employee_4813,sales,Executive,Female,42,60239.0,7191.313605952844,2016-09-26,,No,5,27
E5814,Employee_4814,Operations,Specialist,Male,44,90631.0,6995.9933984875815,2019-08-15,2024-07-18,Yes,2,21
E5815,Employee_4815,,Analyst,Male,35,53068.0,8582.926941722628,2016-07-24,,No,3,8
E5816,Employee_4816,Sales,Executive,Female,41,172841.0,13073.18015823546,2020-10-10,2025-03-09,Yes,2,7
E5817,Employee_4817,Operations,Associate,Female,36,99191.0,15714.820885898573,2019-04-23,2024-07-17,Yes,5,0
E5818,Employee_4818,Hr,Executive,Female,39,156385.0,36276.53548190011,2019-08-19,,No,4,11
E5819,Employee_4819,Support,Executive,Male,26,137078.0,13403.657329954753,2022-05-14,,No,1,20
E5820,Employee_4820,HR,Manager,Male,28,182250.0,22100.949044018787,2016-12-15,,No,4,17
E5821,Employee_4821,IT,Executive,Male,36,112328.0,29709.831856245455,2017-07-24,2021-03-12,Yes,5,2
E5822,Employee_4822,HR,Analyst,Male,36,172923.0,24162.749013729917,2020-12-19,,No,3,6
E5823,Employee_4823,sales,Associate,Male,57,61146.0,13046.389969786787,2015-08-01,2018-03-23,Yes,5,16
E5824,Employee_4824,Support,Manager,Male,31,162273.0,14581.909046961682,2016-10-06,,No,5,23
E5825,Employee_4825,Support,Manager,Male,45,98624.0,29394.813007534656,2016-04-17,2020-06-29,Yes,1,26
E5826,Employee_4826,Operations,Executive,Female,45,136691.0,28497.967098357945,2022-07-29,,No,5,13
E5827,Employee_4827,,Manager,Male,42,152184.0,11570.730711693088,2019-09-13,,No,4,9
E5828,Employee_4828,Sales,Executive,Male,55,129976.0,38077.83692044681,2019-10-10,,No,1,17
E5829,Employee_4829,Support,Executive,Female,30,144644.0,36211.656832846864,2021-10-07,,No,2,8
E5830,Employee_4830,sales,Specialist,Female,57,85443.0,4915.991152541491,2017-03-26,,No,2,15
E5831,Employee_4831,,Manager,Female,25,32770.0,2536.9241345797504,2017-12-20,,No,5,22
E5832,Employee_4832,Hr,Executive,Male,44,164678.0,34131.45020248207,2017-07-31,,No,2,5
E5833,Employee_4833,,Associate,Female,31,138814.0,17457.482830274068,2021-08-22,,No,3,3
E5834,Employee_4834,Sales,Manager,Female,48,192326.0,40102.21965007269,2016-02-02,,No,3,26
E5835,Employee_4835,,Associate,Male,41,,,2015-07-09,,No,5,7
E5836,Employee_4836,sales,Specialist,Female,54,,,2019-09-02,2023-10-13,Yes,1,0
E5837,Employee_4837,Sales,Associate,female,56,198246.0,59150.65576547606,2017-05-06,2018-08-22,Yes,2,5
E5838,Employee_4838,Hr,Associate,Male,23,133955.0,35763.40330487973,2015-01-17,,No,3,15
E5839,Employee_4839,Sales,Manager,Female,49,61297.0,13923.024617341953,2016-08-06,,No,2,12
E5840,Employee_4840,IT,Associate,male,30,171639.0,21271.388830500124,2016-12-30,,No,3,18
E5841,Employee_4841,sales,Specialist,Male,35,125029.0,23346.73802461197,2019-04-22,,No,3,0
E5842,Employee_4842,Support,Specialist,Female,59,137889.0,38802.290306122435,2015-05-08,,No,4,16
E5843,Employee_4843,Finance,Specialist,Female,26,191715.0,35887.797008473666,2022-05-24,2025-12-13,Yes,5,1
E5844,Employee_4844,Finance,Analyst,Male,38,,,2020-04-01,,No,5,5
E5845,Employee_4845,Sales,Manager ,Female,58,181780.0,28525.804447301074,2018-08-22,2019-07-06,Yes,3,29
E5846,Employee_4846,Finance,Analyst,Male,24,198856.0,25862.716256709096,2021-09-09,2023-02-10,Yes,5,20
E5847,Employee_4847,Support,Specialist,Male,46,182252.0,31773.99229683431,2022-05-23,2025-09-21,Yes,5,20
E5848,Employee_4848,Support,Specialist,Female,55,,,2020-01-26,,No,3,14
E5849,Employee_4849,Operations,Executive,Female,22,135695.0,15221.448917202302,2021-05-16,,No,4,9
E5850,Employee_4850,,Specialist,Male,44,118215.0,15263.40285066057,2020-07-24,2023-04-21,Yes,1,7
E5851,Employee_4851,Sales,Specialist,Female,31,169993.0,17649.45086414115,2017-10-09,,No,3,17
E5852,Employee_4852,Operations,Executive,Male,46,52068.0,15116.963855718794,2021-12-26,,No,1,8
E5853,Employee_4853,Marketing,Analyst,Female,21,173103.0,47642.223624057784,2015-04-16,2020-05-19,Yes,3,18
E5854,Employee_4854,,Analyst,Female,45,,,2019-01-30,,No,2,24
E5855,Employee_4855,Hr,Analyst,Female,49,107263.0,6579.975066243932,2019-06-22,,No,5,12
E5856,Employee_4856,Marketing,Associate,Male,50,147611.0,22318.61366366426,2015-09-01,,No,1,11
E5857,Employee_4857,Sales,Executive,female,26,136726.0,27233.1629340105,2022-05-17,2026-07-27,Yes,4,3
E5858,Employee_4858,Sales,Associate,Male,29,68343.0,16458.3251223911,2016-05-30,,No,2,4
E5859,Employee_4859,sales,Manager,Male,27,94236.0,7030.709283519867,2022-12-24,,No,2,13
E5860,Employee_4860,Sales,Analyst,Male,55,67386.0,14286.317077112997,2017-11-02,2018-10-29,Yes,4,12
E5861,Employee_4861,IT,Executive,Male,25,171295.0,13264.119005064153,2017-11-01,,No,4,12
E5862,Employee_4862,Sales,Analyst,Female,41,96287.0,26835.689845183784,2018-06-02,,No,1,15
E5863,Employee_4863,IT,Analyst,Female,52,132987.0,23804.84894757899,2018-06-17,2019-12-16,Yes,5,11
E5864,Employee_4864,HR,Executive,Female,42,190747.0,30000.846374235458,2017-04-24,,No,3,12
E5865,Employee_4865,Sales,Manager,Female,54,112056.0,21215.91054696755,2019-08-18,,No,5,1
E5866,Employee_4866,,Executive,Male,35,153858.0,15610.405254629803,2020-10-05,2025-03-16,Yes,3,14
E5867,Employee_4867,Operations,Associate,Female,26,179517.0,17938.25489774274,2015-05-07,,No,3,3
E5868,Employee_4868,,Specialist,Male,46,103723.0,13935.616132640736,2022-06-20,2027-08-11,Yes,1,4
E5869,Employee_4869,Support,Specialist,Male,24,,,2019-08-09,,No,1,20
E5870,Employee_4870,Hr,Manager,Female,55,189925.0,13384.609604596479,2017-08-13,,No,5,20
E5871,Employee_4871,sales,Associate,Male,44,92118.0,6671.758465837998,2018-06-09,,No,3,20
E5872,Employee_4872,Hr,Specialist,male,21,57560.0,14993.49689494537,2019-04-30,,No,5,4
E5873,Employee_4873,,Manager,Male,51,39778.0,10178.720095407358,2021-03-19,,No,2,7
E5874,Employee_4874,,Specialist,Male,46,156631.0,13166.025469357968,2015-01-19,2017-01-09,Yes,3,11
E5875,Employee_4875,Sales,Associate,Male,36,31103.0,2509.893893974987,2018-03-17,,No,3,26
E5876,Employee_4876,Marketing,Associate,Female,29,42135.0,11283.569664505458,2016-04-10,,No,5,12
E5877,Employee_4877,Hr,Executive,Male,35,69404.0,5587.193321184544,2019-02-12,2022-12-04,Yes,3,26
E5878,Employee_4878,Marketing,Associate,Female,39,161913.0,22411.696884503068,2016-10-07,2021-02-19,Yes,1,26
E5879,Employee_4879,sales,Analyst,Male,27,66469.0,13976.209867795847,2023-01-04,,No,4,16
E5880,Employee_4880,Marketing,Specialist,Male,51,92372.0,11653.528866479157,2022-05-16,,No,4,2
E5881,Employee_4881,Marketing,Manager,Female,58,198501.0,42059.21904712503,2019-03-18,,No,4,7
E5882,Employee_4882,Marketing,Executive,Male,22,126636.0,6933.55527741273,2018-04-23,,No,4,3
E5883,Employee_4883,Sales,Specialist,Male,24,72186.0,11430.810712960252,2018-05-18,,No,3,4
E5884,Employee_4884,HR,Associate,Male,22,,,2019-05-04,2020-11-21,Yes,3,19
E5885,Employee_4885,,Associate,Female,50,39646.0,10590.875516092625,2021-06-21,,No,5,12
E5886,Employee_4886,Hr,Specialist,Female,43,144059.0,33539.49303883023,2018-08-13,,No,5,5
E5887,Employee_4887,Hr,Manager,Female,43,127772.0,28158.70420131166,2016-05-06,,No,1,21
E5888,Employee_4888,Marketing,Manager ,Male,24,137596.0,25329.80033150055,2017-09-23,,No,4,25
E5889,Employee_4889,Sales,Executive,Female,54,97854.0,16760.016847593328,2017-01-08,2018-11-10,Yes,4,19
E5890,Employee_4890,Hr,Analyst,Female,57,63667.0,9020.351544598787,2023-02-10,2024-12-03,Yes,1,29
E5891,Employee_4891,Operations,Executive ,Female,57,112635.0,32973.52038429069,2022-08-11,2027-06-09,Yes,5,4
E5892,Employee_4892,Support,Executive,Male,40,164822.0,24443.99918240795,2016-03-11,,No,4,19
E5893,Employee_4893,Hr,Executive,Female,31,67697.0,13105.378798590407,2020-05-14,,No,1,14
E5894,Employee_4894,Operations,Executive,Male,51,87529.0,21468.62635206645,2018-08-25,,No,5,15
E5895,Employee_4895,Sales,Analyst,Female,49,198923.0,12016.476864711187,2017-06-19,2022-01-03,Yes,1,9
E5896,Employee_4896,Sales,Executive,Female,58,193764.0,24999.4176525539,2021-02-06,,No,3,1
E5897,Employee_4897,sales,Executive,Female,40,106266.0,21874.079301408467,2016-12-30,2020-10-16,Yes,4,8
E5898,Employee_4898,Operations,Associate,Female,35,178977.0,26839.122349022127,2016-05-23,,No,3,4
E5899,Employee_4899,,Manager,Male,27,61604.0,14462.161007863711,2015-11-16,,No,4,11
E5900,Employee_4900,HR,Specialist,Male,32,,,2020-09-07,,No,3,20
E5901,Employee_4901,Hr,Analyst,Female,26,76676.0,5320.718383307856,2017-01-05,,No,1,16
E5902,Employee_4902,Support,Executive,Male,23,100264.0,16898.24571644118,2017-12-12,,No,1,6
E5903,Employee_4903,,Manager,Male,28,47057.0,5082.2289534295,2020-11-14,2021-07-20,Yes,2,7
E5904,Employee_4904,Hr,Specialist,Female,38,145864.0,19823.719710772206,2016-11-06,2019-07-03,Yes,3,9
E5905,Employee_4905,HR,Specialist,Female,23,113442.0,13876.915085229502,2022-09-03,,No,3,14
E5906,Employee_4906,Operations,Analyst,Male,45,48033.0,9333.756713653618,2018-02-17,,No,5,13
E5907,Employee_4907,sales,Executive,Male,31,164191.0,21304.901555372155,2015-01-08,,No,2,23
E5908,Employee_4908,Finance,Analyst,Female,56,187968.0,39928.201936729485,2020-12-18,2025-09-27,Yes,4,25
E5909,Employee_4909,Sales,Analyst,Male,40,170786.0,16561.866460306148,2019-10-10,,No,1,4
E5910,Employee_4910,Finance,Specialist,Female,44,195566.0,11834.962369120487,2022-04-02,2025-11-07,Yes,1,13
E5911,Employee_4911,sales,Specialist,Male,38,188993.0,37518.4487944724,2017-11-16,,No,1,17
E5912,Employee_4912,Operations,Specialist,Female,35,88081.0,23520.34894999704,2022-08-14,,No,1,7
E5913,Employee_4913,Sales,Associate,Male,32,,,2018-10-17,,No,1,0
E5914,Employee_4914,Operations,Manager,Female,57,94379.0,20329.507857241388,2018-02-23,,No,1,13
E5915,Employee_4915,,Manager,Female,23,119412.0,35187.05393901524,2023-01-21,,No,5,8
E5916,Employee_4916,Hr,Analyst,Female,38,45205.0,3357.346989215421,2018-08-11,,No,5,9
E5917,Employee_4917,Finance,Associate,Male,25,122060.0,6781.962579486797,2015-10-28,2016-06-10,Yes,4,1
E5918,Employee_4918,Support,Executive,Male,34,81305.0,6766.98456715175,2017-03-20,,No,2,18
E5919,Employee_4919,HR,Specialist,Female,31,98618.0,7841.583144177647,2018-05-24,,No,1,11
E5920,Employee_4920,Sales,Associate,Female,34,147314.0,26188.385473289163,2022-09-02,,No,2,27
E5921,Employee_4921,Marketing,Executive,Male,37,167456.0,11416.782277321989,2019-08-06,2022-07-05,Yes,1,9
E5922,Employee_4922,Sales,Associate,Female,27,155456.0,32612.933353352862,2023-01-05,2027-05-23,Yes,3,18
E5923,Employee_4923,Support,Associate,Female,50,146909.0,31668.073934114986,2021-08-05,,No,3,25
E5924,Employee_4924,IT,Manager,Female,32,115918.0,28694.282908117315,2015-03-13,,No,3,25
E5925,Employee_4925,Hr,Manager,Male,24,105506.0,22148.03322623891,2022-06-10,,No,2,23
E5926,Employee_4926,HR,Analyst,Female,54,99051.0,21984.47676266887,2019-08-02,,No,5,17
E5927,Employee_4927,Support,Analyst,Female,38,104514.0,27560.774607344196,2020-08-01,,No,3,16
E5928,Employee_4928,Hr,Manager,Male,55,195952.0,33373.13782081856,2019-08-29,2020-04-23,Yes,1,7
E5929,Employee_4929,Sales,Associate,Male,33,69237.0,15288.144859682829,2021-02-25,,No,2,7
E5930,Employee_4930,Operations,Manager,Female,29,97561.0,8424.7862547964,2016-11-29,,No,4,20
E5931,Employee_4931,sales,Executive,Male,40,78610.0,20111.369374837363,2017-01-16,,No,4,8
E5932,Employee_4932,HR,Executive,Female,21,180947.0,40272.587086067695,2015-07-28,,No,5,1
E5933,Employee_4933,Sales,Manager,Female,56,77594.0,12583.673817385832,2020-08-01,,No,2,12
E5934,Employee_4934,IT,Associate,Male,46,189508.0,34042.62164057219,2021-03-18,,No,3,23
E5935,Employee_4935,Finance,Manager,Male,48,109864.0,27090.18669630993,2018-12-11,2021-06-29,Yes,4,12
E5936,Employee_4936,Operations,Associate,Male,58,75238.0,22013.499183648088,2019-09-02,2023-05-10,Yes,5,1
E5937,Employee_4937,Marketing,Associate,male,23,53557.0,5120.23517871721,2015-07-11,,No,5,3
E5938,Employee_4938,Finance,Analyst,Female,35,96629.0,8372.864526041305,2019-10-06,2021-03-01,Yes,3,12
E5939,Employee_4939,Operations,Manager,female,53,138850.0,40676.89548284333,2015-02-05,,No,5,22
E5940,Employee_4940,Hr,Associate,Female,45,145730.0,21509.033563915906,2018-12-12,,No,3,0
E5941,Employee_4941,HR,Specialist,Female,27,176977.0,30239.168159974844,2018-05-19,2023-05-25,Yes,2,8
E5942,Employee_4942,Finance,Analyst,Male,47,63061.0,12374.477288610622,2018-08-31,,No,4,23
E5943,Employee_4943,Sales,Manager,Male,41,126571.0,37726.35991998117,2019-03-22,,No,3,9
E5944,Employee_4944,Sales,Associate,Female,32,179949.0,41051.24447607748,2020-12-25,,No,4,18
E5945,Employee_4945,,Analyst,Female,43,93561.0,24262.373665350373,2016-01-23,,No,1,10
E5946,Employee_4946,Finance,Specialist,Male,39,74420.0,12861.1326413337,2016-09-07,,No,2,1
E5947,Employee_4947,Support,Associate,Male,44,166361.0,28209.36186643141,2016-03-24,,No,2,3
E5948,Employee_4948,Support,Associate,Female,48,81072.0,22732.010618342643,2021-05-05,,No,3,17
E5949,Employee_4949,Sales,Executive,Male,25,61584.0,14532.342333853332,2017-06-06,,No,2,17
E5950,Employee_4950,sales,Specialist,Male,47,115538.0,15447.301803253651,2019-02-21,,No,3,16
E5951,Employee_4951,,Analyst,Male,30,199198.0,13544.564474441624,2021-06-20,,No,5,9
E5952,Employee_4952,,Specialist,Female,27,45238.0,2843.962702187622,2022-04-12,2024-10-27,Yes,5,12
E5953,Employee_4953,Support,Specialist,Male,50,68567.0,14701.306515544065,2015-11-14,2020-08-09,Yes,2,9
E5954,Employee_4954,Finance,Executive,Male,43,78906.0,17245.700896525057,2018-02-07,,No,1,18
E5955,Employee_4955,Finance,Analyst,Male,36,51576.0,14516.582356395757,2020-11-10,,No,1,0
E5956,Employee_4956,Support,Associate,Female,44,168442.0,12754.714917693434,2017-04-24,,No,1,17
E5957,Employee_4957,Finance,Executive,Male,36,98919.0,9448.436534732478,2016-01-29,2018-11-02,Yes,3,2
E5958,Employee_4958,,Manager ,Female,48,53161.0,12344.693498964816,2015-11-18,,No,3,29
E5959,Employee_4959,HR,Associate,Male,50,47447.0,6939.487683113464,2019-01-16,,No,2,14
E5960,Employee_4960,Hr,Analyst,Female,56,119000.0,13909.831511372555,2021-02-14,,No,1,16
E5961,Employee_4961,Marketing,Specialist ,male,32,171558.0,19393.392636426994,2019-03-11,,No,2,11
E5962,Employee_4962,Operations,Specialist,Female,40,132806.0,17271.739375211135,2020-03-15,,No,2,15
E5963,Employee_4963,Operations,Executive,Female,25,102853.0,18360.25943951442,2015-05-27,,No,2,11
E5964,Employee_4964,IT,Executive,Female,37,145212.0,40265.119710329214,2020-03-29,,No,3,4
E5965,Employee_4965,Marketing,Analyst,Female,56,106174.0,24217.2652201574,2015-04-29,,No,5,3
E5966,Employee_4966,sales,Analyst,Female,52,61024.0,9625.570780106586,2015-07-15,,No,5,19
E5967,Employee_4967,,Manager,Male,38,120815.0,22169.83391761702,2018-12-20,,No,5,11
E5968,Employee_4968,Support,Specialist,Female,45,43277.0,7895.5206373857545,2015-02-05,,No,4,19
E5969,Employee_4969,Finance,Manager,Female,42,187883.0,45182.262682072556,2020-10-28,,No,2,4
E5970,Employee_4970,HR,Specialist,Female,54,171820.0,11466.88786580957,2017-10-22,,No,1,24
E5971,Employee_4971,Sales,Manager,Male,21,41998.0,4320.119118807617,2015-11-20,,No,3,4
E5972,Employee_4972,Operations,Manager,Male,25,149287.0,19836.719068027705,2017-08-16,,No,2,10
E5973,Employee_4973,Finance,Manager,Male,37,140716.0,23681.56204393321,2022-04-28,,No,1,4
E5974,Employee_4974,Marketing,Associate,Female,56,163135.0,34861.556087156925,2021-11-16,2024-05-27,Yes,2,16
E5975,Employee_4975,Sales,Analyst,Male,51,57132.0,15117.273656210233,2016-07-17,2017-09-22,Yes,3,24
E5976,Employee_4976,Support,Executive,Female,40,74758.0,13585.686226057258,2021-12-09,,No,1,21
E5977,Employee_4977,Hr,Associate,Female,42,115230.0,25128.023288317603,2017-03-26,,No,4,2
E5978,Employee_4978,sales,Associate,Female,57,138538.0,30337.576432431066,2020-05-07,,No,4,2
E5979,Employee_4979,IT,Executive,Female,29,123405.0,32312.05755574946,2017-06-14,,No,2,11
E5980,Employee_4980,Hr,Associate,Male,44,129176.0,13214.207239131729,2021-07-11,2026-05-07,Yes,1,0
E5981,Employee_4981,IT,Manager,Female,50,92358.0,7159.6512504954135,2022-05-08,,No,3,27
E5982,Employee_4982,Support,Executive,Female,42,165157.0,35835.002534687796,2022-07-03,,No,3,26
E5983,Employee_4983,IT,Associate,Male,57,98412.0,27997.70032168013,2020-07-19,,No,5,11
E5984,Employee_4984,Hr,Analyst,Male,55,93976.0,24544.06225772542,2019-04-23,,No,1,7
E5985,Employee_4985,Marketing,Analyst,Female,21,78373.0,20777.7680814227,2018-08-17,2023-12-21,Yes,5,19
E5986,Employee_4986,IT,Associate,Female,52,36897.0,2652.6435596680235,2019-10-09,2022-06-08,Yes,1,6
E5987,Employee_4987,IT,Executive,Female,53,56414.0,7578.9507542715455,2021-08-01,,No,4,25
E5988,Employee_4988,Finance,Executive,Female,23,187523.0,33071.63394817323,2015-01-04,,No,1,4
E5989,Employee_4989,Sales,Executive,Male,44,95509.0,10001.34152989001,2018-08-30,,No,1,7
E5990,Employee_4990,Support,Specialist,Female,23,140003.0,33771.61841355511,2021-09-22,,No,4,26
E5991,Employee_4991,Sales,Manager,Female,50,112532.0,23210.097737381715,2020-02-28,,No,1,22
E5992,Employee_4992,HR,Associate,Female,39,147298.0,19197.17953746127,2021-07-18,2025-07-12,Yes,5,0
E5993,Employee_4993,IT,Manager,Male,39,198292.0,21347.11382120898,2015-03-22,2020-04-02,Yes,1,25
E5994,Employee_4994,Support,Manager,Female,33,,,2020-02-21,2024-11-03,Yes,4,10
E5995,Employee_4995,Marketing,Executive,Female,53,110290.0,24890.97992510006,2015-08-14,,No,5,2
E5996,Employee_4996,Marketing,Executive,Female,41,119440.0,34564.700647181104,2022-06-25,,No,2,18
E5997,Employee_4997,Hr,Executive,Female,56,41637.0,10718.867287643052,2017-11-30,2020-06-03,Yes,4,16
E5998,Employee_4998,Operations,Manager,Female,35,93594.0,18471.262734036834,2020-12-06,,No,5,21
E5999,Employee_4999,Sales,Specialist,Female,24,119272.0,9512.102740437153,2017-04-29,,No,5,1
E6000,Employee_5000,Hr,Executive,Female,33,142911.0,13622.722116995063,2016-02-07,,No,3,18
E6001,Employee_5001,Finance,Specialist,Female,52,151448.0,16335.679972504224,2017-12-12,,No,1,24
E6002,Employee_5002,Sales,Manager,Male,53,137294.0,20666.776086287664,2023-01-17,,No,4,24
E6003,Employee_5003,IT,Specialist,Male,50,179772.0,35019.43339638223,2019-10-23,2021-06-13,Yes,3,25
E6004,Employee_5004,Operations,Executive,Female,31,54996.0,6442.453909840192,2018-06-02,,No,2,27
E6005,Employee_5005,Finance,Manager,Male,40,156379.0,19028.966473706878,2018-06-15,,No,4,7
E6006,Employee_5006,,Associate,Female,40,120463.0,30900.180557959073,2018-04-10,2019-06-17,Yes,5,18
E6007,Employee_5007,Sales,Analyst,Male,33,87147.0,12974.85381227515,2017-05-10,,No,4,11
E6008,Employee_5008,sales,Executive,Male,56,48980.0,12698.202884859442,2021-08-27,,No,3,18
E6009,Employee_5009,HR,Specialist,Male,52,172953.0,40534.84206108645,2019-07-16,,No,1,21
E6010,Employee_5010,Finance,Manager,Male,45,53097.0,6650.745535913272,2016-12-01,,No,2,4
E6011,Employee_5011,HR,Associate,Female,23,179220.0,12801.817600473993,2022-02-17,,No,1,14
E6012,Employee_5012,,Specialist,Male,25,191749.0,43726.68067809168,2018-10-03,,No,3,22
E6013,Employee_5013,Sales,Executive ,Male,31,83341.0,10800.477367350895,2018-03-19,,No,5,11
E6014,Employee_5014,sales,Specialist,Male,41,178120.0,24677.13397734447,2019-08-12,,No,4,8
E6015,Employee_5015,HR,Specialist,Female,24,72204.0,18450.184140701884,2022-08-06,,No,4,19
E6016,Employee_5016,Sales,Executive,Female,29,75078.0,18737.31550005385,2016-03-20,,No,1,28
E6017,Employee_5017,Sales,Specialist,Female,24,186120.0,40514.2063845443,2020-03-29,,No,2,12
E6018,Employee_5018,IT,Associate,Female,27,,,2015-12-24,2018-01-29,Yes,3,28
E6019,Employee_5019,Support,Analyst,Female,48,129332.0,23630.889115654492,2018-11-18,2023-06-23,Yes,4,9
E6020,Employee_5020,Finance,Manager,Female,47,185774.0,51165.588301929485,2021-07-06,,No,5,7
E6021,Employee_5021,IT,Executive,Female,28,100244.0,17629.17784238502,2016-08-20,,No,4,1
E6022,Employee_5022,Marketing,Executive,Male,44,185826.0,12075.458166187796,2017-03-25,,No,2,22
E6023,Employee_5023,IT,Analyst,Female,46,34453.0,3751.4723877948827,2016-12-02,,No,2,25
E6024,Employee_5024,Support,Specialist,Female,34,165249.0,11962.153541819009,2021-05-24,2024-11-29,Yes,3,26
E6025,Employee_5025,Hr,Executive,Female,34,157005.0,31768.24937214111,2020-09-09,,No,5,12
E6026,Employee_5026,Finance,Analyst,Female,58,47722.0,9250.532779439638,2018-06-28,2020-08-08,Yes,3,10
E6027,Employee_5027,Finance,Manager,Female,36,94324.0,10345.30756748499,2019-09-26,,No,2,14
E6028,Employee_5028,,Executive,Male,39,150659.0,38453.04277760739,2016-04-09,2018-09-16,Yes,3,12
E6029,Employee_5029,Hr,Manager,Male,36,106789.0,17398.06821260536,2019-06-24,,No,3,6
E6030,Employee_5030,Support,Executive,Male,23,168312.0,38709.22035485243,2019-05-05,2023-07-15,Yes,4,27
E6031,Employee_5031,sales,Executive,Female,49,111156.0,26943.89540775853,2021-07-26,,No,3,16
E6032,Employee_5032,Sales,Analyst,Female,28,32931.0,5154.064592795402,2019-05-23,2021-02-26,Yes,1,25
E6033,Employee_5033,Hr,Manager,Male,41,97396.0,14203.472352043766,2022-05-25,,No,4,9
E6034,Employee_5034,Sales,Analyst,Female,32,132696.0,30989.403845896493,2016-09-12,,No,5,16
E6035,Employee_5035,Finance,Analyst,Female,22,123715.0,31099.37242938127,2019-07-31,,No,5,7
E6036,Employee_5036,HR,Executive,Male,59,111572.0,26948.835193683524,2017-11-24,,No,5,5
E6037,Employee_5037,Finance,Analyst,Male,46,123386.0,26814.56133119225,2017-12-27,,No,3,12
E6038,Employee_5038,Operations,Analyst,Female,32,131038.0,34869.74617738444,2017-12-02,,No,3,12
E6039,Employee_5039,,Analyst,male,58,144972.0,16819.435333709884,2015-01-19,,No,3,2
E6040,Employee_5040,Sales,Manager,Female,47,95133.0,6655.479264039406,2020-09-09,,No,3,2
E6041,Employee_5041,Marketing,Executive,Female,44,173667.0,17142.92711674826,2016-07-21,2020-03-04,Yes,5,0
E6042,Employee_5042,Hr,Analyst,Female,26,75286.0,9305.784382241513,2015-08-05,,No,2,16
E6043,Employee_5043,HR,Specialist,Male,38,,,2023-02-20,,No,2,22
E6044,Employee_5044,Finance,Analyst,Female,58,105210.0,22969.922249970205,2016-05-27,2019-08-23,Yes,1,10
E6045,Employee_5045,Operations,Associate ,Male,50,61217.0,15207.759517243227,2017-01-12,2018-10-22,Yes,4,3
E6046,Employee_5046,HR,Specialist,Female,45,147959.0,21171.342263127986,2015-04-04,,No,5,7
E6047,Employee_5047,IT,Analyst,Male,52,88475.0,21953.937471479443,2020-11-12,,No,4,26
E6048,Employee_5048,Marketing,Executive,Male,28,122543.0,18255.339944488587,2015-01-23,,No,2,25
E6049,Employee_5049,sales,Associate,Female,53,182908.0,10950.761166102568,2021-12-22,,No,4,2
E6050,Employee_5050,Support,Specialist,Male,36,95995.0,11018.066538377823,2016-08-03,,No,2,7
E6051,Employee_5051,Hr,Analyst,Male,45,73394.0,12493.817976409917,2022-12-12,,No,1,9
E6052,Employee_5052,Operations,Associate,Female,55,160753.0,47791.28531684893,2021-09-06,,No,3,16
E6053,Employee_5053,sales,Associate,Male,24,138889.0,33123.504217421534,2020-09-25,2024-04-17,Yes,3,8
E6054,Employee_5054,IT,Analyst,Male,56,170020.0,17013.41710561387,2015-07-07,2020-04-21,Yes,3,23
E6055,Employee_5055,Marketing,Manager,Female,50,87245.0,16904.74750910061,2015-10-23,,No,5,14
E6056,Employee_5056,Hr,Manager,Male,31,122154.0,9722.457945778899,2018-10-01,,No,5,8
E6057,Employee_5057,sales,Manager,Female,21,41973.0,4483.186790236399,2019-03-03,2021-10-15,Yes,5,5
E6058,Employee_5058,Hr,Associate,Female,51,117438.0,21148.194178734968,2016-11-23,,No,2,1
E6059,Employee_5059,Support,Associate,Female,31,187137.0,48210.34271741378,2020-03-01,,No,2,29
E6060,Employee_5060,HR,Specialist,Female,59,98116.0,6026.180191294078,2017-04-18,,No,2,4
E6061,Employee_5061,HR,Associate,Male,34,128524.0,19585.816067588643,2022-06-18,2026-04-14,Yes,4,16
E6062,Employee_5062,Finance,Associate,Male,36,,,2020-09-13,2021-10-05,Yes,5,2
E6063,Employee_5063,Sales,Analyst,Male,23,37111.0,6235.968568404219,2015-11-07,,No,1,4
E6064,Employee_5064,Sales,Specialist,Male,48,120480.0,28658.8353480132,2020-09-09,,No,3,7
E6065,Employee_5065,Hr,Manager,Male,38,178453.0,31542.76282496458,2017-08-21,,No,5,14
E6066,Employee_5066,Hr,Executive,Female,43,101020.0,21608.680080638194,2015-02-23,2020-03-21,Yes,1,27
E6067,Employee_5067,Hr,Manager,female,57,120890.0,12397.306203791295,2017-09-11,2019-04-06,Yes,5,3
E6068,Employee_5068,Finance,Executive,Female,40,,,2018-04-22,,No,5,17
E6069,Employee_5069,Finance,Associate,Male,46,68503.0,12887.742346872745,2016-01-04,,No,2,12
E6070,Employee_5070,,Specialist,Female,35,184952.0,47175.442801798854,2021-07-19,,No,3,25
E6071,Employee_5071,Finance,Specialist,Female,56,108740.0,7416.4885404894085,2019-08-02,,No,1,13
E6072,Employee_5072,IT,Analyst,Female,34,37553.0,2252.758923595566,2023-03-15,2026-05-18,Yes,3,5
E6073,Employee_5073,Finance,Analyst,Male,52,172798.0,16849.92731753606,2015-12-23,2016-10-10,Yes,4,21
E6074,Employee_5074,Marketing,Specialist ,Female,34,123778.0,9617.052752367834,2021-10-17,,No,1,25
E6075,Employee_5075,HR,Associate,Female,27,140452.0,29345.9121686467,2017-06-16,,No,4,9
E6076,Employee_5076,Marketing,Manager,Male,22,147819.0,41334.262991157695,2021-09-05,2025-05-09,Yes,3,22
E6077,Employee_5077,Sales,Analyst,Female,28,60740.0,7924.74249870574,2022-01-04,,No,4,10
E6078,Employee_5078,Sales,Executive,Male,50,41395.0,2191.3711965146426,2020-09-10,,No,5,2
E6079,Employee_5079,Hr,Associate,Male,48,151656.0,37961.0651641227,2017-07-08,2018-02-25,Yes,3,3
E6080,Employee_5080,sales,Associate,Female,50,140128.0,20756.530493850278,2019-06-06,,No,5,5
E6081,Employee_5081,,Specialist,Female,44,165026.0,30298.27704855574,2015-08-05,2016-07-25,Yes,5,7
E6082,Employee_5082,Marketing,Manager,Male,56,48440.0,4030.5241247952276,2021-02-04,2026-03-14,Yes,5,20
E6083,Employee_5083,Marketing,Manager,Female,24,183241.0,20970.773138381126,2015-12-30,,No,2,8
E6084,Employee_5084,,Specialist,Male,52,117490.0,20125.65328379442,2015-11-25,2018-08-14,Yes,2,1
E6085,Employee_5085,sales,Associate,Male,41,167045.0,49990.688524236444,2018-02-11,,No,3,5
E6086,Employee_5086,HR,Analyst,Female,53,132776.0,13110.285511336348,2020-11-17,,No,2,12
E6087,Employee_5087,Marketing,Manager,Male,57,199202.0,35292.784060512764,2020-02-19,,No,5,1
E6088,Employee_5088,Finance,Executive,Female,53,,,2017-02-14,2019-07-04,Yes,3,7
E6089,Employee_5089,Hr,Manager,Male,45,132035.0,26207.57007557193,2018-10-28,,No,5,6
E6090,Employee_5090,Finance,Analyst,Female,30,72311.0,6086.567271888425,2017-02-26,2018-04-10,Yes,3,15
E6091,Employee_5091,Hr,Executive,Male,57,112473.0,25906.142932541996,2019-03-10,,No,4,4
E6092,Employee_5092,Hr,Analyst,Male,29,125650.0,24549.36614563602,2019-02-22,2023-03-14,Yes,1,7
E6093,Employee_5093,HR,Executive,Female,32,123173.0,8185.709494428726,2021-06-02,,No,3,18
E6094,Employee_5094,sales,Associate,Male,43,141184.0,27916.203750401528,2020-06-07,2023-06-03,Yes,5,5
E6095,Employee_5095,Sales,Executive,Female,23,142591.0,18257.41202705912,2018-04-20,,No,5,2
E6096,Employee_5096,Hr,Manager,Female,34,163507.0,34862.043450793666,2020-12-28,2024-05-31,Yes,3,0
E6097,Employee_5097,sales,Associate,Male,45,146465.0,29417.881058071067,2021-11-09,,No,4,6
E6098,Employee_5098,Hr,Manager,Female,34,,,2016-10-25,,No,5,2
E6099,Employee_5099,,Executive,Male,59,32752.0,7757.659397324738,2017-04-17,2020-07-31,Yes,4,21
E6100,Employee_5100,HR,Manager,Male,58,196573.0,46631.109946942925,2018-01-15,2020-03-30,Yes,5,19
E6101,Employee_5101,Support,Associate,Female,42,131614.0,13923.222995651919,2017-12-31,2019-07-27,Yes,4,4
E6102,Employee_5102,Finance,Executive,Female,39,195101.0,39444.063224279605,2018-12-07,,No,3,5
E6103,Employee_5103,Sales,Analyst,Female,25,139113.0,25801.110652487438,2020-08-04,,No,3,4
E6104,Employee_5104,sales,Executive,Male,58,161454.0,12917.208550120653,2018-03-23,,No,2,15
E6105,Employee_5105,Marketing,Executive,Female,42,119197.0,8826.70894723907,2021-11-03,2024-02-23,Yes,4,22
E6106,Employee_5106,sales,Analyst,Female,31,51299.0,10167.20138032831,2022-07-14,2026-03-25,Yes,5,24
E6107,Employee_5107,sales,Associate,Male,26,82879.0,21803.062819132956,2017-05-18,,No,3,10
E6108,Employee_5108,Sales,Manager,Male,45,38505.0,10478.110928492993,2017-03-28,,No,2,7
E6109,Employee_5109,,Associate,Male,32,54744.0,11028.46018695106,2018-03-18,,No,5,25
E6110,Employee_5110,HR,Executive,Male,21,36864.0,3965.7041824633898,2019-09-26,,No,4,0
E6111,Employee_5111,sales,Analyst,Female,30,64936.0,16312.125491520714,2017-12-28,,No,1,13
E6112,Employee_5112,Hr,Analyst,Male,33,106844.0,6383.13129733568,2020-06-30,,No,3,0
E6113,Employee_5113,IT,Manager,Male,40,55282.0,11172.256604006749,2020-07-20,,No,1,24
E6114,Employee_5114,sales,Associate,Male,45,127496.0,21313.827202861637,2019-05-17,,No,3,26
E6115,Employee_5115,HR,Analyst,Female,52,89418.0,23631.298332533588,2018-06-19,,No,3,15
E6116,Employee_5116,sales,Specialist,female,23,96678.0,24132.98864955891,2018-11-16,,No,1,26
E6117,Employee_5117,Operations,Executive,Male,37,61914.0,13879.058795858495,2018-03-01,2019-09-08,Yes,2,16
E6118,Employee_5118,Operations,Specialist,Female,26,179832.0,21726.10958392315,2023-02-06,,No,2,22
E6119,Employee_5119,HR,Manager,Female,25,104266.0,22557.66855064013,2019-03-11,,No,2,5
E6120,Employee_5120,sales,Associate,Male,48,48580.0,4239.7939283308015,2020-01-16,,No,4,15
E6121,Employee_5121,Support,Executive,Male,24,175130.0,35523.80950131951,2020-10-24,,No,3,10
E6122,Employee_5122,Operations,Associate,Female,36,58695.0,11044.868362982921,2020-12-08,,No,2,28
E6123,Employee_5123,HR,Associate,Female,41,146710.0,28360.60783996273,2022-12-27,2027-01-08,Yes,2,21
E6124,Employee_5124,sales,Executive,Male,25,105532.0,26500.149009796816,2019-11-25,,No,3,19
E6125,Employee_5125,HR,Specialist,Male,47,194869.0,52970.36851161761,2020-06-04,,No,4,14
E6126,Employee_5126,Hr,Associate,Female,46,108014.0,7061.1903433277685,2017-08-16,,No,4,3
E6127,Employee_5127,Sales,Manager,Male,25,,,2019-07-28,2024-02-17,Yes,3,11
E6128,Employee_5128,sales,Specialist,Male,51,102622.0,19176.334270537554,2015-01-07,,No,5,13
E6129,Employee_5129,Operations,Specialist,Female,40,119583.0,33924.87947509147,2019-01-06,,No,4,11
E6130,Employee_5130,,Manager,Male,38,152425.0,21293.690844302368,2017-05-06,,No,3,25
E6131,Employee_5131,Hr,Analyst,Female,24,163225.0,24684.89298119407,2015-11-28,,No,3,9
E6132,Employee_5132,Support,Executive,Female,25,64620.0,4598.5196935665645,2023-01-02,,No,3,0
E6133,Employee_5133,Support,Manager,Female,54,153690.0,20366.64533025764,2020-03-09,,No,1,27
E6134,Employee_5134,Hr,Associate,Male,33,168049.0,49899.19100992303,2020-09-01,,No,1,6
E6135,Employee_5135,Operations,Analyst,Female,49,79565.0,4980.725124743668,2022-04-16,2023-05-29,Yes,5,10
E6136,Employee_5136,IT,Specialist,Female,42,199631.0,38832.38433839173,2022-06-12,,No,3,26
E6137,Employee_5137,Finance,Specialist ,Male,52,73324.0,4941.326054489468,2019-09-24,,No,4,7
E6138,Employee_5138,Finance,Specialist,Male,47,152879.0,25862.323680016045,2017-02-08,,No,1,0
E6139,Employee_5139,Support,Manager,Male,52,183554.0,28286.0972213173,2015-07-25,,No,2,17
E6140,Employee_5140,IT,Associate,Male,34,,,2019-04-01,2022-06-08,Yes,5,27
E6141,Employee_5141,IT,Specialist,Male,36,54654.0,9344.56764130066,2018-03-18,,No,5,12
E6142,Employee_5142,Marketing,Executive,Female,52,130029.0,38429.26655585283,2020-03-04,,No,5,16
E6143,Employee_5143,,Specialist,Male,53,95027.0,22493.520599957494,2015-11-16,,No,4,11
E6144,Employee_5144,Sales,Specialist,Female,47,86318.0,23089.778157616358,2021-06-17,,No,4,12
E6145,Employee_5145,Support,Specialist,Female,48,142289.0,30100.78205657337,2017-06-24,,No,3,29
E6146,Employee_5146,Marketing,Analyst,Male,42,173531.0,41210.51580427522,2016-11-12,2021-02-03,Yes,2,8
E6147,Employee_5147,Support,Analyst,Female,46,102593.0,6666.292465036802,2021-10-13,2024-09-04,Yes,2,11
E6148,Employee_5148,Support,Specialist,Male,25,181836.0,44356.88248580388,2021-12-17,,No,3,21
E6149,Employee_5149,Marketing,Manager,Female,28,160283.0,17501.792093650463,2020-03-28,2023-05-19,Yes,4,4
E6150,Employee_5150,Sales,Analyst,Male,41,70602.0,17506.68130355943,2018-09-26,2020-03-20,Yes,2,3
E6151,Employee_5151,sales,Associate,Male,24,157652.0,25843.867926513147,2021-09-24,,No,5,15
E6152,Employee_5152,IT,Specialist,Female,24,195834.0,48916.61056746919,2022-10-05,,No,3,7
E6153,Employee_5153,Marketing,Manager,Male,48,187743.0,50152.67132306835,2016-12-28,,No,5,12
E6154,Employee_5154,IT,Analyst,Male,27,80091.0,19168.895257884593,2021-01-11,,No,2,8
E6155,Employee_5155,IT,Specialist,Female,23,133293.0,8961.975258133521,2018-08-31,,No,5,18
E6156,Employee_5156,sales,Specialist,Female,45,169494.0,44085.605438939296,2021-04-23,2023-01-16,Yes,1,8
E6157,Employee_5157,Operations,Executive,Male,29,110436.0,25322.184963336716,2022-07-31,2025-06-09,Yes,5,3
E6158,Employee_5158,,Manager,Male,43,163146.0,12441.027164154866,2016-09-21,,No,1,2
E6159,Employee_5159,Operations,Associate,Female,27,137549.0,32803.25443182362,2017-08-14,,No,1,26
E6160,Employee_5160,Finance,Executive,Male,56,99969.0,8687.649899057657,2018-12-31,,No,1,9
E6161,Employee_5161,Marketing,Associate,Female,58,180258.0,9269.236949239612,2022-09-25,,No,1,15
E6162,Employee_5162,Hr,Manager,Male,58,173994.0,47920.70604331695,2020-08-19,,No,3,23
E6163,Employee_5163,Sales,Manager ,Female,59,164279.0,41194.853656282365,2022-03-23,,No,3,15
E6164,Employee_5164,Hr,Analyst,Female,35,129928.0,38357.48905554324,2019-03-06,2023-10-13,Yes,3,8
E6165,Employee_5165,Support,Specialist,Female,26,38990.0,9688.306115352714,2015-03-16,,No,2,16
E6166,Employee_5166,,Associate,Male,23,103687.0,12095.02573720387,2021-03-31,,No,1,3
E6167,Employee_5167,Hr,Specialist,Female,22,104454.0,8677.960393584395,2019-12-22,,No,4,8
E6168,Employee_5168,Support,Executive,Male,37,66447.0,10499.359459061752,2016-03-03,,No,4,16
E6169,Employee_5169,Sales,Analyst,Female,27,134567.0,24620.953908716387,2016-10-02,,No,3,1
E6170,Employee_5170,Support,Specialist,Female,58,199002.0,54800.71092280369,2016-07-18,,No,4,0
E6171,Employee_5171,sales,Manager,Female,36,169709.0,28536.48514346607,2015-07-19,,No,4,0
E6172,Employee_5172,Marketing,Executive,Male,34,85508.0,6244.272516161221,2016-06-29,,No,2,8
E6173,Employee_5173,Sales,Associate,Male,34,99621.0,5637.364231354977,2017-07-19,2022-10-06,Yes,2,19
E6174,Employee_5174,Support,Associate,Female,29,40354.0,9434.372982795243,2018-08-05,2022-01-28,Yes,4,3
E6175,Employee_5175,Hr,Manager,Female,36,53982.0,11793.574383480884,2021-05-29,2025-11-13,Yes,2,6
E6176,Employee_5176,Hr,Manager,Female,27,42061.0,4737.171325087249,2016-06-01,2019-10-31,Yes,2,7
E6177,Employee_5177,Marketing,Executive,Female,35,98020.0,21741.77734334783,2019-07-27,,No,1,3
E6178,Employee_5178,,Analyst,Male,30,92637.0,8688.575318625004,2019-03-13,,No,2,21
E6179,Employee_5179,Marketing,Manager,Female,26,159228.0,40368.15955634476,2015-04-28,2018-04-20,Yes,2,25
E6180,Employee_5180,,Analyst,Female,35,81826.0,24454.661506301803,2016-11-20,,No,5,16
E6181,Employee_5181,,Analyst,Female,46,95045.0,10887.475070672543,2016-04-04,2021-08-05,Yes,2,22
E6182,Employee_5182,,Manager,Female,57,162685.0,9522.355860954895,2022-08-15,,No,1,27
E6183,Employee_5183,HR,Manager,Female,52,59653.0,6304.813206475078,2022-03-11,,No,1,6
E6184,Employee_5184,Support,Specialist,Female,32,143500.0,14989.16762935682,2019-09-06,2023-04-08,Yes,2,10
E6185,Employee_5185,IT,Manager,Male,56,124873.0,10165.941433651658,2015-07-29,,No,5,3
E6186,Employee_5186,Finance,Analyst,Female,32,30059.0,4167.580347016518,2021-01-24,,No,4,12
E6187,Employee_5187,Support,Specialist,Female,53,31794.0,5434.418130693151,2021-12-04,2026-10-29,Yes,4,27
E6188,Employee_5188,Operations,Analyst,Male,28,92722.0,19206.963515292216,2021-10-20,,No,5,14
E6189,Employee_5189,HR,Associate,Male,50,,,2017-12-18,,No,4,0
E6190,Employee_5190,Support,Specialist,Male,56,193590.0,51058.68565283451,2016-07-11,,No,2,13
E6191,Employee_5191,IT,Associate,Male,48,58695.0,6601.205703228308,2020-07-12,2023-10-23,Yes,1,2
E6192,Employee_5192,Operations,Associate,Male,22,67126.0,9471.557576025267,2015-01-21,,No,1,11
E6193,Employee_5193,Operations,Executive,Male,49,64583.0,16012.721166453928,2015-02-12,2017-12-27,Yes,5,14
E6194,Employee_5194,Sales,Manager,Female,27,125373.0,6915.15568386542,2022-02-07,,No,4,17
E6195,Employee_5195,Support,Associate,Male,44,157310.0,19387.659958138076,2020-10-23,,No,4,18
E6196,Employee_5196,Support,Analyst,Female,37,37548.0,10468.104167386498,2017-02-14,,No,4,25
E6197,Employee_5197,IT,Manager,Male,30,182603.0,45321.599156644304,2016-11-13,,No,2,23
E6198,Employee_5198,Sales,Analyst,Male,57,87707.0,8828.053815239893,2020-01-29,2023-09-14,Yes,5,9
E6199,Employee_5199,Finance,Executive,Female,34,192895.0,12849.017523298377,2018-01-18,,No,3,19
